village_id,week,rainfall_mm,rainfall_anomaly_pct,temp_mean_c,humidity_pct,flood_risk_score,malaria_cases,diarrhea_cases,ari_cases,anc4_completion_pct,institutional_delivery_pct,full_immunization_pct,high_risk_pregnancies,drug_stockout_flag
VIL_001,1,11.1,-36.7,16.9,37.0,0.224,2,5,10,47.0,43.7,52.5,4,0
VIL_001,2,5.68,-57.3,17.7,41.0,0.103,1,5,5,47.4,37.7,45.5,5,1
VIL_001,3,6.95,-55.9,17.4,35.6,0.041,1,4,5,43.8,39.4,48.9,2,1
VIL_001,4,8.57,-35.7,16.5,50.2,0.105,1,2,10,47.1,38.4,52.9,1,1
VIL_001,5,5.73,-57.1,17.4,47.2,0.033,0,1,4,42.3,37.3,52.4,5,0
VIL_001,6,11.96,-21.0,17.6,44.8,0.09,0,1,9,45.3,46.0,44.4,5,0
VIL_001,7,12.75,-23.5,18.1,41.2,0.216,3,3,6,40.9,42.8,51.8,2,1
VIL_001,8,6.16,-74.1,20.5,51.0,0.178,5,2,4,49.1,41.8,43.5,4,0
VIL_001,9,6.03,-64.3,20.8,45.8,0.01,1,2,5,46.4,39.9,56.6,4,0
VIL_001,10,6.14,-50.5,20.5,51.9,0.11,2,3,11,52.9,48.2,51.3,3,0
VIL_001,11,5.35,-62.2,23.4,40.6,0.039,8,2,2,45.7,42.3,50.1,5,1
VIL_001,12,4.78,-80.6,23.8,44.7,0.039,8,6,2,39.8,32.7,45.5,1,1
VIL_001,13,7.2,-50.3,25.6,48.5,0.066,5,5,6,44.8,41.9,47.2,1,0
VIL_001,14,5.15,-61.8,26.6,47.8,0.025,5,2,3,44.4,41.7,48.1,6,1
VIL_001,15,4.19,-80.9,26.0,45.2,0.058,4,2,6,40.8,37.5,51.4,9,0
VIL_001,16,6.1,-57.8,27.5,50.2,0.04,4,3,5,47.6,43.5,55.5,4,0
VIL_001,17,10.45,-29.8,30.3,45.3,0.153,3,1,3,47.9,42.7,47.4,5,0
VIL_001,18,8.81,-52.7,31.3,47.7,0.115,3,4,5,39.4,36.2,49.4,3,0
VIL_001,19,8.75,-38.1,31.6,48.1,0.105,8,2,4,47.9,39.0,46.5,1,0
VIL_001,20,11.24,-19.4,32.8,50.2,0.105,3,1,6,45.5,40.8,45.7,2,0
VIL_001,21,28.62,101.6,35.2,58.8,0.353,2,3,1,43.1,44.2,48.4,2,1
VIL_001,22,21.64,54.8,33.8,47.0,0.326,1,3,5,48.8,46.8,50.0,5,1
VIL_001,23,31.15,93.9,35.9,49.1,0.44,2,8,5,50.4,48.1,49.1,4,0
VIL_001,24,31.88,103.2,35.6,59.6,0.376,6,9,4,49.6,43.6,51.7,4,0
VIL_001,25,43.13,192.7,36.1,60.3,0.58,5,4,5,49.5,48.2,54.4,4,1
VIL_001,26,60.1,305.8,38.0,63.3,0.839,2,6,2,46.3,43.0,50.1,5,1
VIL_001,27,56.12,279.3,37.9,69.3,0.665,4,12,5,43.9,42.5,50.7,6,0
VIL_001,28,82.28,487.1,38.0,75.4,1.0,2,11,4,45.7,40.2,43.3,2,0
VIL_001,29,77.95,425.4,38.5,76.3,1.0,4,12,7,49.2,44.6,50.7,2,1
VIL_001,30,85.99,484.6,36.7,74.7,1.0,5,14,2,46.4,38.8,51.8,3,0
VIL_001,31,82.07,456.6,37.2,79.6,1.0,4,15,3,50.6,44.7,48.3,4,0
VIL_001,32,116.46,682.9,35.5,94.6,1.0,8,15,4,49.2,49.2,46.3,4,1
VIL_001,33,84.07,457.3,35.6,69.4,1.0,5,13,2,44.4,43.0,52.4,4,0
VIL_001,34,64.35,336.6,34.3,63.6,0.86,19,21,3,46.9,41.3,55.9,5,1
VIL_001,35,75.04,392.5,33.7,66.9,1.0,17,8,3,46.9,39.6,52.4,7,0
VIL_001,36,47.99,217.5,33.4,55.6,0.595,25,9,6,41.0,38.5,55.1,2,1
VIL_001,37,50.09,229.1,30.7,46.8,0.7,17,8,4,44.2,38.1,49.3,2,0
VIL_001,38,26.09,74.7,33.1,41.1,0.265,14,4,4,45.1,42.9,51.7,1,0
VIL_001,39,24.36,85.6,28.2,41.5,0.322,30,2,5,39.7,32.2,57.8,4,0
VIL_001,40,22.98,34.5,26.7,29.5,0.246,11,3,7,46.4,42.0,44.8,3,1
VIL_001,41,20.4,42.9,28.4,30.5,0.239,6,4,3,47.6,40.5,46.7,0,1
VIL_001,42,13.26,-27.7,26.7,23.8,0.179,9,8,3,49.6,38.8,45.4,4,1
VIL_001,43,11.95,-25.1,25.4,30.5,0.116,16,1,6,47.4,44.4,60.0,5,1
VIL_001,44,8.52,-32.3,24.2,33.3,0.094,9,3,1,40.4,38.3,46.4,3,0
VIL_001,45,10.72,-27.9,22.3,38.1,0.193,8,3,4,53.1,52.7,57.1,4,1
VIL_001,46,5.6,-73.5,20.2,30.6,0.046,5,2,9,49.9,44.0,54.1,3,0
VIL_001,47,5.96,-67.4,20.5,37.9,0.121,0,0,9,45.9,38.0,55.1,2,0
VIL_001,48,6.34,-51.0,18.7,27.0,0.028,1,4,5,46.4,39.3,53.2,2,0
VIL_001,49,10.57,-36.9,19.9,28.8,0.167,0,3,7,41.1,39.4,47.4,4,0
VIL_001,50,7.92,-45.0,18.0,35.2,0.178,1,4,7,42.2,40.7,51.3,4,0
VIL_001,51,5.87,-60.4,16.7,37.1,0.0,0,2,12,46.4,42.0,46.6,2,0
VIL_001,52,6.88,-60.6,16.9,37.1,0.052,3,5,11,49.7,46.0,45.7,2,0
VIL_001,53,7.9,-25.9,17.6,30.7,0.134,5,3,11,51.2,39.7,49.1,3,0
VIL_001,54,7.08,-46.5,16.3,39.4,0.084,1,4,9,44.4,39.2,50.7,3,0
VIL_001,55,7.28,-71.7,16.1,35.8,0.116,1,0,13,47.1,43.1,54.0,2,0
VIL_001,56,6.25,-56.4,17.6,44.4,0.053,5,4,6,46.3,40.8,42.0,4,0
VIL_001,57,4.57,-76.2,17.9,43.4,0.065,2,1,6,47.8,43.8,54.2,5,0
VIL_001,58,9.32,-29.3,17.5,41.6,0.116,4,3,9,48.8,37.3,47.8,1,1
VIL_001,59,9.87,-42.1,18.2,44.5,0.19,1,2,2,45.5,41.9,46.5,4,0
VIL_001,60,7.75,-49.5,19.8,42.1,0.116,4,2,10,51.3,46.6,47.6,1,0
VIL_001,61,5.5,-58.3,18.6,45.7,0.09,2,1,6,50.7,46.2,42.6,4,0
VIL_001,62,5.78,-52.8,19.6,50.6,0.056,0,3,3,49.2,48.2,53.0,5,0
VIL_001,63,6.85,-66.3,21.5,43.8,0.067,7,4,4,46.7,37.8,48.9,1,0
VIL_001,64,8.83,-44.5,23.2,51.1,0.096,5,1,3,50.8,44.6,49.2,1,0
VIL_001,65,10.42,-35.3,25.0,48.0,0.159,4,6,3,52.6,49.3,58.5,2,1
VIL_001,66,9.91,-40.5,27.6,46.8,0.111,6,5,4,48.3,41.8,49.4,7,0
VIL_001,67,8.22,-27.5,28.0,48.6,0.124,9,2,7,48.4,45.2,52.1,1,0
VIL_001,68,8.3,-40.6,28.0,44.7,0.214,8,4,3,46.9,43.7,53.4,1,0
VIL_001,69,9.13,-51.7,29.4,46.7,0.165,7,1,2,43.8,33.7,48.3,2,0
VIL_001,70,13.79,1.1,29.3,46.0,0.168,3,5,5,47.3,43.6,46.1,5,0
VIL_001,71,15.43,24.1,31.6,58.8,0.266,7,2,2,44.4,42.8,49.6,2,1
VIL_001,72,20.33,45.9,32.3,52.8,0.251,2,6,4,43.0,41.4,55.2,0,1
VIL_001,73,21.38,27.3,34.0,49.5,0.183,5,5,3,44.8,39.0,49.0,6,0
VIL_001,74,35.86,134.3,33.5,59.5,0.428,4,5,1,51.7,43.5,49.7,2,0
VIL_001,75,20.96,52.4,35.9,49.7,0.186,0,5,0,48.5,49.7,49.4,5,1
VIL_001,76,48.45,215.9,37.7,61.9,0.628,1,3,2,47.3,38.5,53.5,2,0
VIL_001,77,54.15,265.4,36.2,66.9,0.723,3,10,2,44.3,40.8,47.2,4,0
VIL_001,78,60.84,313.3,37.2,69.7,0.895,6,4,5,43.1,36.9,52.9,3,1
VIL_001,79,73.33,379.6,37.8,69.5,0.994,1,8,2,48.1,41.3,49.6,5,0
VIL_001,80,55.43,268.9,36.5,59.2,0.728,1,9,3,48.3,45.6,51.4,2,0
VIL_001,81,84.27,429.4,37.2,73.6,1.0,4,13,7,39.7,32.1,53.1,2,0
VIL_001,82,93.89,515.7,36.7,69.2,1.0,1,14,4,49.1,47.0,48.8,4,1
VIL_001,83,110.74,635.7,36.5,79.7,1.0,3,22,7,47.0,40.5,53.8,1,0
VIL_001,84,84.46,450.6,34.9,77.0,1.0,9,13,2,40.7,33.2,52.3,4,0
VIL_001,85,76.4,425.7,35.3,73.2,0.945,10,16,3,43.7,40.6,51.6,2,0
VIL_001,86,76.15,393.3,35.1,64.6,1.0,14,7,8,51.5,47.6,52.2,3,1
VIL_001,87,82.04,442.5,35.4,70.1,1.0,14,13,4,41.3,39.8,48.1,2,0
VIL_001,88,65.93,340.8,33.8,60.4,0.858,12,11,2,48.6,40.7,45.1,6,0
VIL_001,89,47.95,234.1,34.2,61.9,0.671,16,8,4,46.0,41.9,47.4,3,0
VIL_001,90,47.03,199.2,29.6,53.3,0.741,28,6,5,48.3,41.5,46.2,3,0
VIL_001,91,35.63,149.2,30.4,42.4,0.484,14,6,0,50.7,40.9,53.6,4,1
VIL_001,92,31.81,112.1,28.4,37.1,0.436,28,4,4,49.8,46.1,48.0,3,0
VIL_001,93,26.26,65.3,29.6,31.8,0.327,12,2,5,47.6,40.5,48.6,2,0
VIL_001,94,16.69,15.9,24.8,34.5,0.18,16,7,3,44.2,39.1,52.3,3,0
VIL_001,95,16.56,12.4,23.6,30.9,0.262,10,1,2,49.3,45.2,49.5,3,1
VIL_001,96,9.96,-39.6,22.7,25.4,0.09,6,2,7,45.3,36.6,45.0,4,0
VIL_001,97,11.87,-20.2,19.8,30.1,0.162,7,2,4,50.0,41.2,53.2,1,1
VIL_001,98,8.74,-45.6,20.7,27.6,0.093,1,3,3,46.8,43.4,50.0,5,1
VIL_001,99,7.96,-45.8,19.5,39.1,0.13,4,2,6,45.5,48.8,49.3,3,0
VIL_001,100,6.87,-47.6,19.7,36.3,0.108,6,4,6,42.7,38.5,51.5,2,0
VIL_001,101,4.69,-52.9,19.2,32.7,0.114,3,2,5,48.9,43.4,45.0,3,0
VIL_001,102,7.45,-62.7,20.4,41.1,0.074,4,3,10,46.5,41.2,56.8,2,1
VIL_001,103,5.51,-41.9,18.8,35.7,0.06,3,1,10,48.7,45.2,45.8,5,1
VIL_001,104,4.5,-89.5,16.6,32.6,0.011,1,1,11,41.8,39.5,47.7,2,0
VIL_002,1,5.89,-88.2,15.7,37.6,0.114,0,1,9,57.7,55.1,61.0,1,0
VIL_002,2,6.3,-63.0,19.9,41.0,0.0,2,0,1,60.6,61.3,72.7,1,0
VIL_002,3,8.24,-50.3,18.9,38.1,0.091,2,1,7,61.1,57.1,75.1,0,1
VIL_002,4,5.15,-51.8,18.0,46.2,0.091,2,3,3,58.5,52.9,69.7,1,0
VIL_002,5,5.14,-69.6,17.7,46.4,0.078,0,3,4,56.8,49.6,75.8,4,0
VIL_002,6,6.22,-54.7,17.9,46.1,0.104,1,1,3,60.0,51.9,68.3,3,0
VIL_002,7,5.97,-58.8,17.6,44.1,0.091,0,3,2,56.7,54.6,68.6,0,0
VIL_002,8,7.73,-69.7,19.6,48.7,0.167,2,1,4,60.4,46.8,69.7,4,0
VIL_002,9,9.07,-31.8,20.7,44.9,0.073,1,2,3,62.3,52.2,68.8,1,0
VIL_002,10,4.32,-69.0,19.8,49.4,0.024,2,4,5,57.5,52.6,62.8,0,0
VIL_002,11,7.24,-46.7,22.8,54.6,0.058,2,0,1,57.5,50.2,65.8,2,0
VIL_002,12,7.48,-10.9,23.3,52.7,0.141,1,0,0,58.9,58.7,74.7,3,1
VIL_002,13,5.74,-82.6,22.3,44.9,0.122,1,1,3,59.0,53.3,67.6,1,0
VIL_002,14,8.08,-28.9,24.8,50.5,0.13,2,1,0,55.6,54.2,72.6,2,1
VIL_002,15,7.81,-50.8,26.5,43.7,0.163,1,3,1,61.5,51.1,72.1,1,1
VIL_002,16,8.2,-42.5,30.5,51.1,0.05,5,1,3,68.6,66.5,65.7,4,0
VIL_002,17,7.11,-53.1,30.1,49.7,0.178,3,1,2,64.1,49.8,63.3,2,1
VIL_002,18,10.36,-35.2,28.9,41.6,0.214,2,1,3,57.5,57.1,70.4,4,1
VIL_002,19,10.72,-34.3,32.2,43.9,0.18,2,0,2,59.6,50.9,66.5,2,0
VIL_002,20,16.06,10.4,30.8,49.4,0.303,1,5,3,59.1,51.3,64.6,1,0
VIL_002,21,15.75,-10.2,34.9,48.3,0.127,2,1,1,56.8,55.1,61.7,2,1
VIL_002,22,28.02,94.3,33.9,49.9,0.347,3,5,2,63.5,56.0,66.1,3,0
VIL_002,23,26.34,71.5,35.1,54.4,0.314,1,4,5,63.5,53.0,71.5,2,0
VIL_002,24,47.97,208.5,37.4,63.5,0.676,1,4,3,60.6,55.9,67.5,1,0
VIL_002,25,51.56,239.2,34.8,62.4,0.635,1,9,2,55.7,53.1,68.1,1,0
VIL_002,26,46.88,225.1,35.0,56.6,0.663,6,6,3,57.2,50.5,69.3,1,0
VIL_002,27,73.4,384.0,36.2,75.9,1.0,5,8,0,59.6,49.5,68.7,2,0
VIL_002,28,56.02,277.1,38.2,68.4,0.782,0,3,1,62.1,58.7,57.1,3,0
VIL_002,29,92.05,506.4,35.1,76.7,1.0,4,8,3,58.5,48.5,70.4,0,0
VIL_002,30,101.59,584.8,33.3,79.8,1.0,4,8,0,57.9,50.7,67.5,2,0
VIL_002,31,85.67,478.0,35.8,75.2,1.0,2,13,1,57.5,48.6,72.1,1,1
VIL_002,32,99.06,578.9,36.5,77.4,1.0,5,5,1,56.6,51.8,66.4,1,1
VIL_002,33,112.34,647.2,36.7,84.0,1.0,3,7,4,55.9,46.1,63.9,1,0
VIL_002,34,71.16,381.1,33.9,66.1,0.947,9,8,3,53.7,48.0,70.2,0,0
VIL_002,35,56.56,278.0,33.1,47.4,0.733,13,6,1,55.0,45.3,63.5,0,0
VIL_002,36,70.47,382.8,34.1,66.7,0.838,8,5,3,64.0,61.0,63.5,0,0
VIL_002,37,62.73,311.0,29.4,57.3,0.783,23,2,1,55.6,51.5,67.8,2,0
VIL_002,38,38.28,162.6,30.1,42.8,0.606,19,2,2,58.6,56.3,65.0,4,1
VIL_002,39,34.3,126.7,29.6,41.9,0.393,9,4,3,61.8,53.2,70.3,4,0
VIL_002,40,29.86,98.4,28.7,39.8,0.408,16,0,2,52.7,51.3,65.0,1,0
VIL_002,41,15.56,4.7,26.4,25.9,0.258,11,2,0,62.0,56.3,63.2,1,0
VIL_002,42,15.57,6.3,25.8,39.1,0.145,8,3,3,63.6,58.5,70.1,1,1
VIL_002,43,12.62,-17.0,21.6,32.1,0.178,3,0,4,59.5,51.7,71.0,2,0
VIL_002,44,10.68,-26.6,22.7,33.3,0.189,7,3,3,60.6,56.1,65.9,0,0
VIL_002,45,8.46,-27.8,22.9,34.8,0.113,3,3,1,52.1,51.8,66.7,1,0
VIL_002,46,8.03,-36.6,20.1,27.4,0.251,1,2,2,60.6,50.3,68.0,1,0
VIL_002,47,7.42,-41.8,20.4,34.0,0.015,0,0,2,63.5,55.5,67.1,0,0
VIL_002,48,5.28,-69.4,20.1,30.9,0.123,1,1,2,53.8,51.5,69.1,2,0
VIL_002,49,10.92,-36.1,18.4,39.2,0.137,1,2,5,60.0,51.2,72.5,0,0
VIL_002,50,5.71,-52.4,18.3,25.8,0.115,1,3,7,59.5,51.6,64.0,3,1
VIL_002,51,7.88,-38.7,16.5,36.1,0.127,1,1,4,58.3,51.3,66.5,1,1
VIL_002,52,7.39,-36.0,17.0,35.1,0.062,2,2,8,64.5,54.9,72.9,2,0
VIL_002,53,6.66,-61.6,17.8,40.1,0.1,0,1,9,63.3,61.7,64.8,2,1
VIL_002,54,7.42,-52.8,17.2,41.8,0.006,1,1,3,54.0,51.6,74.7,2,0
VIL_002,55,5.56,-79.4,16.4,37.3,0.104,2,2,10,56.6,44.4,67.8,2,0
VIL_002,56,7.03,-57.1,17.6,39.2,0.109,2,2,2,63.9,62.1,67.3,1,0
VIL_002,57,4.03,-63.1,18.5,41.2,0.086,2,0,4,60.3,51.7,65.9,0,1
VIL_002,58,6.95,-58.3,15.7,40.6,0.146,0,2,2,57.3,52.3,69.5,2,0
VIL_002,59,5.49,-57.0,20.2,47.7,0.092,2,4,3,57.0,48.9,61.7,1,0
VIL_002,60,5.84,-63.0,19.1,43.9,0.085,1,3,2,59.9,55.5,68.1,0,1
VIL_002,61,5.73,-58.6,20.9,34.5,0.032,3,2,5,65.9,60.1,69.6,3,0
VIL_002,62,5.56,-74.4,22.8,45.1,0.038,4,2,2,59.4,55.2,56.3,3,0
VIL_002,63,6.95,-52.8,20.7,43.7,0.152,2,0,3,56.7,45.4,63.0,2,0
VIL_002,64,6.85,-84.2,22.6,41.6,0.163,0,1,2,57.2,48.6,65.6,3,0
VIL_002,65,8.52,-45.1,24.3,44.2,0.102,3,1,2,58.8,51.6,72.8,1,1
VIL_002,66,6.26,-74.6,24.9,48.6,0.086,2,1,1,58.1,54.4,64.1,1,0
VIL_002,67,11.4,-11.9,29.1,55.9,0.107,2,1,4,55.4,50.3,72.5,0,0
VIL_002,68,13.59,-1.6,27.2,52.8,0.24,4,4,3,58.2,57.0,69.6,1,1
VIL_002,69,10.27,-26.9,28.7,47.1,0.17,4,1,1,52.2,46.2,68.1,0,0
VIL_002,70,9.35,-22.4,30.8,50.4,0.222,2,2,4,53.5,48.2,65.8,1,0
VIL_002,71,11.62,-32.0,30.2,47.2,0.111,3,0,0,51.0,46.8,76.1,3,1
VIL_002,72,21.24,59.1,32.2,50.3,0.264,1,1,4,56.6,53.8,64.3,3,1
VIL_002,73,24.2,70.7,34.0,49.1,0.334,0,5,3,58.9,52.7,71.3,3,0
VIL_002,74,24.17,58.8,34.1,45.8,0.355,3,2,2,58.0,55.0,73.0,1,1
VIL_002,75,40.77,183.2,35.1,58.5,0.533,0,5,3,60.4,53.7,61.6,2,0
VIL_002,76,42.49,172.2,35.2,60.4,0.523,1,1,2,63.5,55.3,68.3,2,0
VIL_002,77,57.03,272.0,34.5,65.5,0.804,0,7,0,62.3,56.4,69.6,1,0
VIL_002,78,69.15,354.9,37.1,69.1,0.958,4,6,1,60.7,56.3,64.6,1,0
VIL_002,79,72.13,375.6,39.0,67.3,0.916,0,6,3,51.7,43.7,63.2,1,0
VIL_002,80,84.09,450.0,37.0,78.3,1.0,2,8,0,54.6,48.1,73.4,0,1
VIL_002,81,78.5,435.6,37.2,66.6,1.0,1,10,5,63.1,53.6,72.7,1,0
VIL_002,82,90.14,498.3,37.5,79.6,1.0,3,8,3,62.1,53.0,71.4,0,1
VIL_002,83,87.8,488.8,34.8,70.2,1.0,6,6,5,57.6,50.9,64.6,2,1
VIL_002,84,79.29,422.9,37.9,66.0,1.0,2,5,4,57.6,54.6,72.0,1,0
VIL_002,85,82.32,430.6,35.5,63.7,1.0,10,4,2,56.3,46.9,72.5,5,1
VIL_002,86,64.16,330.5,36.4,57.6,0.857,3,8,3,59.4,56.0,69.5,2,0
VIL_002,87,68.22,335.7,32.8,64.8,0.802,13,7,2,59.5,55.7,70.4,0,1
VIL_002,88,60.59,303.2,34.9,58.5,0.852,7,6,0,66.9,62.4,62.9,5,1
VIL_002,89,52.66,237.4,32.6,55.9,0.624,14,2,1,59.0,56.0,68.9,0,1
VIL_002,90,41.59,197.2,31.2,48.2,0.63,12,5,4,61.2,56.8,65.5,4,1
VIL_002,91,35.42,145.2,29.7,38.4,0.456,12,0,1,61.9,58.7,68.4,0,0
VIL_002,92,30.11,101.8,27.9,38.7,0.391,12,4,1,61.1,57.9,69.1,1,0
VIL_002,93,24.27,74.4,28.4,34.1,0.292,11,3,0,61.4,56.4,66.5,0,0
VIL_002,94,16.23,-0.3,26.0,38.7,0.202,9,1,2,57.0,51.4,73.4,4,0
VIL_002,95,15.61,9.5,22.2,28.7,0.279,5,2,3,56.2,44.9,65.9,0,1
VIL_002,96,8.69,-40.1,22.1,34.1,0.0,5,1,3,58.0,50.9,73.7,2,0
VIL_002,97,8.41,-41.3,22.1,34.5,0.176,4,2,2,59.1,53.5,68.9,2,0
VIL_002,98,7.15,-39.6,21.7,38.4,0.112,1,0,0,62.1,60.4,68.2,1,1
VIL_002,99,6.06,-52.3,20.3,29.8,0.02,2,0,3,58.8,50.5,73.6,2,0
VIL_002,100,9.39,-34.5,21.0,36.9,0.071,4,0,1,58.3,55.3,71.4,0,0
VIL_002,101,6.29,-74.6,16.4,42.6,0.168,0,1,4,57.5,51.8,68.6,2,1
VIL_002,102,6.62,-65.5,18.3,32.3,0.041,1,0,3,63.7,56.1,65.0,0,0
VIL_002,103,8.43,-45.0,15.5,30.7,0.055,3,2,5,55.8,50.2,61.2,0,0
VIL_002,104,4.97,-65.9,18.2,28.8,0.123,2,1,4,57.0,48.9,69.0,0,0
VIL_003,1,9.48,-44.2,17.6,40.9,0.13,1,1,4,56.2,52.9,65.0,1,0
VIL_003,2,4.69,-69.0,17.7,39.6,0.022,0,0,7,56.7,50.0,63.4,1,0
VIL_003,3,5.24,-53.0,16.4,36.7,0.027,1,0,6,58.2,52.2,70.2,3,0
VIL_003,4,6.28,-56.3,16.9,41.0,0.005,1,4,3,53.8,48.4,62.7,0,0
VIL_003,5,12.51,-10.3,18.0,39.9,0.182,1,1,6,66.5,55.3,66.7,0,1
VIL_003,6,5.97,-63.0,18.0,42.3,0.017,1,1,2,62.2,58.0,61.8,0,1
VIL_003,7,7.79,-43.5,20.0,49.4,0.104,3,1,3,61.1,58.1,74.7,1,1
VIL_003,8,5.77,-73.6,22.4,42.4,0.107,2,2,5,59.2,55.8,64.6,3,0
VIL_003,9,7.13,-57.4,18.3,54.4,0.106,1,2,4,56.7,55.4,73.9,1,0
VIL_003,10,5.36,-65.3,22.8,40.8,0.035,1,2,1,62.1,55.9,68.6,1,0
VIL_003,11,6.79,-67.5,22.5,46.7,0.136,3,2,3,54.2,49.3,67.7,0,0
VIL_003,12,9.45,-45.3,25.1,46.8,0.106,2,1,1,63.5,52.7,65.3,2,1
VIL_003,13,12.71,-12.2,25.5,50.6,0.103,1,2,3,57.4,51.4,64.6,0,0
VIL_003,14,7.46,-49.0,25.9,54.2,0.085,2,3,2,61.0,55.7,60.4,0,0
VIL_003,15,5.79,-53.3,27.9,43.9,0.107,4,2,0,53.2,49.5,66.1,0,0
VIL_003,16,12.07,-25.5,27.7,48.9,0.127,2,1,2,55.2,49.1,71.7,1,0
VIL_003,17,9.58,-35.6,28.5,51.8,0.172,1,0,1,69.7,63.0,68.7,2,1
VIL_003,18,9.07,-46.2,31.5,48.8,0.082,2,1,1,58.6,51.2,61.0,1,0
VIL_003,19,10.92,-20.2,30.6,49.4,0.114,2,2,1,56.3,46.0,75.5,1,1
VIL_003,20,11.49,-11.5,33.5,44.4,0.101,1,1,3,68.8,58.1,71.0,2,0
VIL_003,21,16.53,15.0,33.7,49.6,0.255,1,1,3,69.7,64.2,66.6,2,0
VIL_003,22,19.74,42.2,31.7,55.1,0.261,3,1,1,56.6,52.9,68.8,1,0
VIL_003,23,30.16,101.4,34.5,48.3,0.353,0,3,1,59.0,49.7,68.7,0,0
VIL_003,24,36.42,150.8,36.3,54.0,0.466,1,0,2,63.0,58.7,68.9,1,0
VIL_003,25,61.65,311.8,35.9,61.0,0.668,1,3,2,61.4,64.0,65.4,1,1
VIL_003,26,65.55,326.7,33.7,71.1,0.913,3,2,2,55.4,44.4,66.3,0,1
VIL_003,27,79.97,435.6,38.5,79.9,1.0,1,3,0,60.1,57.9,64.0,1,0
VIL_003,28,83.55,447.1,37.2,74.8,0.994,2,8,2,55.4,48.7,72.0,2,0
VIL_003,29,79.69,454.7,37.5,68.4,0.99,3,4,0,58.2,57.4,56.0,3,1
VIL_003,30,90.15,497.7,36.1,72.6,1.0,3,6,0,55.7,50.4,70.2,1,0
VIL_003,31,92.38,522.3,37.0,75.4,1.0,2,6,1,64.7,61.9,69.4,2,1
VIL_003,32,91.28,508.4,38.1,73.8,1.0,0,8,0,53.3,48.1,68.1,0,1
VIL_003,33,88.42,477.1,34.3,76.2,1.0,9,10,1,61.2,56.5,59.0,0,1
VIL_003,34,78.71,405.8,36.5,64.2,1.0,5,6,0,56.6,53.2,69.6,1,0
VIL_003,35,67.33,356.4,34.1,62.2,0.768,4,6,1,53.8,42.7,65.3,4,1
VIL_003,36,58.39,304.8,31.6,54.1,0.752,12,6,2,56.9,46.7,71.9,0,1
VIL_003,37,41.1,166.6,34.3,43.2,0.513,3,3,1,60.9,57.3,70.5,2,1
VIL_003,38,45.84,189.0,31.0,46.9,0.564,13,2,3,62.2,56.5,71.6,2,0
VIL_003,39,39.62,160.9,30.2,46.2,0.507,6,3,1,57.6,53.9,69.7,2,1
VIL_003,40,25.8,62.7,27.9,41.6,0.288,11,0,0,59.3,54.4,73.8,2,0
VIL_003,41,13.95,-13.5,26.0,31.0,0.197,7,1,2,58.3,52.7,64.1,1,1
VIL_003,42,15.27,7.9,26.0,28.1,0.242,5,1,2,61.4,56.3,62.9,2,1
VIL_003,43,13.25,-12.2,26.5,36.3,0.211,4,2,1,64.2,61.3,64.5,1,1
VIL_003,44,9.05,-48.0,23.1,27.1,0.114,3,1,3,64.1,57.5,65.7,1,0
VIL_003,45,9.89,-28.2,22.3,32.8,0.232,2,2,3,56.1,52.7,64.1,1,1
VIL_003,46,6.19,-52.0,23.1,30.5,0.14,0,1,1,60.4,57.0,59.8,1,0
VIL_003,47,8.44,-47.1,20.0,32.0,0.107,3,0,2,66.7,57.2,63.8,2,1
VIL_003,48,5.74,-60.4,20.1,30.2,0.052,3,0,0,64.2,54.5,71.9,2,0
VIL_003,49,5.49,-58.2,19.8,35.6,0.14,0,0,1,53.7,44.5,71.7,0,0
VIL_003,50,8.34,-40.1,17.9,21.3,0.162,3,1,1,54.0,46.7,67.3,2,0
VIL_003,51,8.19,-45.0,18.0,41.2,0.039,1,1,6,60.7,50.3,66.3,1,1
VIL_003,52,14.5,11.0,18.1,37.4,0.248,0,2,3,60.2,55.3,64.6,0,0
VIL_003,53,6.02,-54.1,16.6,39.6,0.073,1,0,6,60.6,50.9,73.2,0,0
VIL_003,54,6.33,-62.3,18.0,40.8,0.041,1,1,3,55.9,52.6,73.3,3,0
VIL_003,55,4.95,-71.4,16.4,45.0,0.0,2,1,2,58.5,51.5,63.3,1,0
VIL_003,56,6.05,-65.3,16.5,42.4,0.067,2,2,5,59.1,55.3,63.4,3,0
VIL_003,57,9.28,-31.8,15.8,41.0,0.123,1,1,2,61.9,56.7,67.2,1,0
VIL_003,58,7.21,-58.1,17.5,37.9,0.176,0,1,1,56.9,54.9,66.9,1,0
VIL_003,59,9.89,-38.3,17.8,45.2,0.18,1,2,4,57.0,55.5,70.1,2,1
VIL_003,60,5.17,-54.9,19.0,37.2,0.04,0,1,4,59.2,58.7,65.9,0,0
VIL_003,61,8.92,-38.7,21.1,45.2,0.138,1,0,4,54.7,57.6,64.7,1,0
VIL_003,62,5.81,-49.3,19.2,45.6,0.119,1,1,3,55.2,53.1,71.2,1,0
VIL_003,63,9.67,-27.5,20.0,46.4,0.133,1,1,1,62.8,56.0,72.7,4,1
VIL_003,64,5.69,-73.8,22.6,47.7,0.047,3,0,2,62.7,56.3,74.4,2,0
VIL_003,65,6.99,-54.4,25.2,47.5,0.067,3,0,1,55.8,46.3,68.8,0,1
VIL_003,66,6.56,-46.4,26.1,47.0,0.107,3,2,0,62.1,55.6,69.4,1,1
VIL_003,67,11.21,-37.5,26.1,40.8,0.17,3,2,1,60.8,50.5,64.2,2,0
VIL_003,68,4.16,-68.1,29.6,41.6,0.041,1,0,2,53.0,49.3,69.6,1,0
VIL_003,69,8.51,-43.7,28.6,51.2,0.0,2,0,0,57.3,51.7,65.2,2,0
VIL_003,70,16.09,-10.3,31.1,55.1,0.15,1,1,1,61.4,51.5,66.1,3,1
VIL_003,71,9.87,-33.0,31.2,40.8,0.163,1,0,1,51.6,55.0,71.6,1,0
VIL_003,72,14.59,-11.1,31.6,46.5,0.088,1,2,1,59.9,61.4,70.4,0,0
VIL_003,73,23.78,46.9,32.9,57.8,0.376,1,3,0,62.3,55.9,72.3,2,0
VIL_003,74,19.07,27.2,35.4,47.3,0.306,3,3,3,57.6,49.7,69.9,0,0
VIL_003,75,36.81,126.1,35.7,57.6,0.493,2,2,0,60.9,55.0,77.8,1,1
VIL_003,76,53.01,246.7,37.0,70.8,0.737,2,3,0,64.8,58.3,69.6,1,1
VIL_003,77,69.19,386.8,36.8,70.5,0.949,3,5,1,55.7,40.3,60.4,1,0
VIL_003,78,72.8,391.9,34.8,70.6,0.965,5,3,1,63.0,56.0,74.3,2,0
VIL_003,79,61.74,302.8,39.5,65.2,0.754,2,8,3,59.4,51.6,72.2,1,1
VIL_003,80,67.1,361.4,37.5,74.8,0.943,1,7,0,55.3,46.1,59.5,2,1
VIL_003,81,87.01,470.1,37.5,77.9,1.0,2,6,1,56.1,52.5,68.4,3,0
VIL_003,82,93.49,517.7,36.3,78.3,1.0,3,1,1,62.2,55.9,69.1,1,1
VIL_003,83,115.42,658.0,37.7,86.0,1.0,3,3,0,56.4,49.9,66.2,1,0
VIL_003,84,107.41,618.6,34.5,85.2,1.0,2,7,2,57.7,55.1,70.2,0,0
VIL_003,85,88.54,504.0,36.0,75.3,1.0,5,9,1,54.5,50.2,66.7,0,0
VIL_003,86,74.94,389.6,32.0,60.7,1.0,23,7,0,61.3,56.0,66.3,2,0
VIL_003,87,103.8,571.4,34.4,81.4,1.0,7,1,2,60.7,57.6,63.3,1,0
VIL_003,88,69.54,374.5,31.4,60.3,0.815,15,5,3,62.8,57.4,73.3,1,1
VIL_003,89,52.35,264.5,32.0,51.9,0.777,12,7,1,55.2,54.7,74.7,0,0
VIL_003,90,45.64,184.3,32.2,44.6,0.588,12,2,0,55.7,51.7,63.8,1,1
VIL_003,91,31.42,114.1,30.4,39.2,0.444,16,4,2,61.7,56.4,66.8,1,0
VIL_003,92,20.42,38.4,29.7,31.1,0.303,10,2,3,64.7,58.2,72.4,0,0
VIL_003,93,23.93,51.6,28.3,32.7,0.356,5,1,3,62.9,51.7,69.1,1,0
VIL_003,94,22.53,36.2,25.2,38.1,0.303,4,1,1,56.9,51.8,61.9,0,0
VIL_003,95,9.96,-23.7,25.3,29.2,0.148,1,2,1,61.5,50.8,65.2,0,1
VIL_003,96,10.56,-27.8,21.4,26.2,0.155,2,0,2,58.8,47.6,71.3,1,1
VIL_003,97,8.95,-37.8,21.5,40.0,0.088,2,0,4,61.4,53.7,68.1,1,0
VIL_003,98,8.24,-51.3,23.0,27.1,0.022,1,2,4,62.2,57.0,70.4,1,0
VIL_003,99,6.12,-67.2,19.9,35.8,0.021,2,1,2,55.8,43.6,71.0,2,1
VIL_003,100,7.12,-77.1,17.3,27.0,0.09,1,1,3,55.8,51.5,62.6,1,0
VIL_003,101,4.67,-71.1,21.2,34.5,0.023,0,1,1,59.8,55.5,75.8,0,0
VIL_003,102,6.38,-43.1,18.8,33.6,0.046,0,0,3,60.9,58.3,64.9,0,0
VIL_003,103,7.7,-57.6,18.6,33.9,0.193,2,2,2,60.4,48.2,64.7,0,0
VIL_003,104,12.97,-28.7,16.1,41.1,0.216,1,1,5,54.2,47.8,66.6,2,0
VIL_004,1,4.48,-76.6,17.9,35.4,0.152,1,4,1,42.4,41.9,36.8,1,1
VIL_004,2,6.59,-62.2,16.5,35.4,0.119,1,0,7,39.6,40.1,36.3,1,1
VIL_004,3,5.69,-67.3,16.0,37.0,0.091,0,1,2,47.0,42.2,41.6,1,0
VIL_004,4,9.49,-23.2,16.5,38.1,0.214,1,5,4,47.6,37.8,42.7,1,1
VIL_004,5,6.6,-88.2,18.5,39.3,0.079,1,1,2,41.5,38.1,38.7,1,1
VIL_004,6,9.36,-33.6,17.4,51.0,0.238,2,1,2,30.0,29.5,49.8,2,0
VIL_004,7,4.62,-68.9,18.6,40.3,0.04,0,1,2,45.4,40.1,35.0,2,1
VIL_004,8,7.35,-67.8,19.5,46.7,0.094,1,1,1,48.0,41.6,42.7,2,1
VIL_004,9,5.1,-62.9,18.1,43.8,0.057,3,3,7,35.7,28.1,36.2,2,1
VIL_004,10,4.53,-65.0,19.6,50.8,0.129,1,0,5,43.7,37.7,36.7,0,1
VIL_004,11,5.9,-54.7,22.8,52.5,0.087,4,2,0,44.4,42.7,42.3,2,0
VIL_004,12,5.9,-87.2,22.6,51.1,0.051,0,2,1,39.0,35.5,41.9,0,0
VIL_004,13,7.0,-39.7,25.9,49.6,0.11,4,2,3,37.4,38.4,44.2,3,1
VIL_004,14,9.35,-45.0,27.0,48.8,0.185,0,1,0,39.8,30.7,39.3,3,0
VIL_004,15,9.41,-30.4,27.9,44.9,0.129,2,5,4,39.5,31.3,48.2,3,1
VIL_004,16,6.17,-51.5,30.4,55.6,0.066,5,1,0,38.3,35.8,37.7,4,0
VIL_004,17,8.05,-55.1,29.3,45.3,0.267,4,2,3,36.2,33.1,41.7,4,1
VIL_004,18,9.98,-26.8,31.3,51.5,0.157,2,1,1,42.2,35.5,44.6,2,1
VIL_004,19,11.15,-29.5,30.9,53.0,0.207,4,1,3,46.2,41.4,43.6,0,0
VIL_004,20,12.08,-40.2,35.6,46.3,0.223,1,1,2,42.1,44.5,34.9,1,1
VIL_004,21,18.11,32.4,36.0,54.8,0.341,1,4,5,40.6,42.5,37.6,3,1
VIL_004,22,25.2,60.2,34.5,56.3,0.535,1,3,2,41.8,36.1,36.2,3,1
VIL_004,23,26.95,71.1,35.7,60.0,0.586,2,3,1,38.2,38.3,37.9,3,1
VIL_004,24,39.02,156.1,37.5,56.2,0.765,1,1,2,42.7,38.0,44.2,0,0
VIL_004,25,48.03,222.9,36.2,56.3,0.899,1,5,0,47.3,43.9,41.6,3,1
VIL_004,26,64.38,328.6,35.9,66.4,1.0,1,2,1,43.9,40.9,36.1,4,0
VIL_004,27,58.87,297.9,38.0,65.3,1.0,3,6,2,42.2,37.5,44.3,2,0
VIL_004,28,77.5,403.3,37.1,72.8,1.0,1,3,6,45.8,44.2,33.2,2,1
VIL_004,29,109.43,622.1,37.1,85.7,1.0,5,9,3,43.5,42.9,39.1,1,1
VIL_004,30,105.35,601.2,35.7,76.5,1.0,2,12,0,39.3,36.1,35.7,1,1
VIL_004,31,108.24,640.6,34.3,86.4,1.0,10,11,1,45.7,46.0,38.7,4,0
VIL_004,32,91.03,505.7,36.1,82.7,1.0,3,7,4,38.1,33.7,41.9,0,1
VIL_004,33,88.43,500.4,36.3,74.4,1.0,5,9,4,44.1,38.9,35.1,3,1
VIL_004,34,93.14,521.3,34.2,76.5,1.0,7,10,3,44.2,38.7,39.0,2,1
VIL_004,35,85.75,466.8,35.4,71.9,1.0,10,7,2,45.2,40.7,38.3,2,0
VIL_004,36,41.77,176.0,31.8,48.6,0.82,18,7,4,42.2,33.6,31.2,3,1
VIL_004,37,37.8,150.3,30.4,48.3,0.739,11,2,2,41.4,36.6,38.4,4,0
VIL_004,38,44.61,203.4,30.5,49.2,0.861,24,5,2,43.5,34.7,36.9,1,0
VIL_004,39,28.28,102.3,29.3,38.0,0.627,14,3,2,43.5,40.5,34.8,4,1
VIL_004,40,20.92,43.0,29.1,32.3,0.441,7,5,2,40.2,40.8,45.3,3,0
VIL_004,41,14.1,5.9,26.1,31.1,0.295,9,0,6,50.6,34.0,39.2,1,1
VIL_004,42,12.96,-23.2,27.4,33.0,0.3,8,4,2,47.2,39.1,47.6,3,0
VIL_004,43,8.08,-50.3,27.0,28.4,0.148,2,3,2,47.4,44.4,34.7,3,0
VIL_004,44,17.98,12.6,23.4,36.4,0.321,8,0,5,44.4,34.3,34.5,2,0
VIL_004,45,6.89,-50.9,23.9,32.0,0.108,2,1,2,46.5,42.4,41.9,1,1
VIL_004,46,11.27,-28.5,20.1,36.5,0.225,0,1,3,44.9,43.8,35.4,3,0
VIL_004,47,10.89,-20.1,21.7,38.9,0.165,0,2,6,45.6,35.2,40.4,2,0
VIL_004,48,7.51,-59.2,20.8,33.4,0.125,3,2,2,37.6,31.3,39.9,6,1
VIL_004,49,8.44,-43.3,19.8,29.3,0.143,1,3,5,45.6,43.3,40.7,3,1
VIL_004,50,7.02,-46.3,18.1,33.6,0.247,2,3,3,42.5,38.5,39.2,0,0
VIL_004,51,6.54,-77.0,14.1,36.1,0.0,1,4,6,45.9,43.0,40.3,2,1
VIL_004,52,5.62,-41.3,16.5,29.3,0.103,3,0,8,44.2,43.3,49.5,2,1
VIL_004,53,6.3,-60.8,16.3,43.7,0.212,2,4,9,42.5,31.3,41.7,2,0
VIL_004,54,6.33,-78.0,15.8,39.9,0.133,1,0,4,48.7,42.3,36.7,0,0
VIL_004,55,6.38,-55.9,17.2,42.1,0.165,0,1,5,45.7,41.8,35.2,4,1
VIL_004,56,7.03,-52.8,16.8,47.5,0.146,0,1,5,42.3,37.6,40.0,2,1
VIL_004,57,6.27,-59.0,16.7,40.3,0.092,0,1,6,44.5,43.0,34.5,3,0
VIL_004,58,4.58,-59.5,16.9,45.3,0.0,0,0,4,41.5,38.0,42.9,2,1
VIL_004,59,5.72,-54.4,17.9,44.1,0.125,2,1,3,48.6,45.8,36.0,2,1
VIL_004,60,4.95,-64.1,20.9,44.2,0.06,2,1,0,40.6,34.1,43.1,3,0
VIL_004,61,6.15,-54.5,19.6,43.2,0.083,0,1,5,41.1,31.8,34.8,1,1
VIL_004,62,5.8,-62.4,20.7,53.4,0.091,2,1,4,39.2,37.8,41.0,3,1
VIL_004,63,6.57,-38.5,21.8,46.1,0.219,0,1,2,37.4,32.7,39.5,1,0
VIL_004,64,9.63,-50.6,23.9,52.3,0.313,5,1,4,39.8,35.9,29.5,2,1
VIL_004,65,6.57,-54.8,25.2,40.7,0.142,2,2,1,43.4,37.3,45.4,2,0
VIL_004,66,9.11,-38.6,22.1,54.3,0.159,2,2,4,42.2,36.3,42.3,0,0
VIL_004,67,7.14,-44.2,28.2,52.7,0.084,3,0,1,43.4,43.1,31.0,3,1
VIL_004,68,11.2,-33.8,29.9,50.7,0.247,0,1,2,44.3,36.9,38.9,2,0
VIL_004,69,10.75,-45.8,28.1,48.8,0.304,0,2,4,45.1,36.6,36.2,2,1
VIL_004,70,12.05,-18.1,29.4,51.5,0.229,3,1,3,41.9,39.8,36.0,0,0
VIL_004,71,13.73,-5.7,31.1,59.2,0.156,4,1,2,49.3,43.0,42.5,3,1
VIL_004,72,18.47,38.0,31.8,44.7,0.403,5,1,0,38.5,38.5,43.5,4,0
VIL_004,73,22.83,39.5,33.9,56.2,0.506,2,1,1,43.4,40.1,40.8,2,0
VIL_004,74,24.03,71.8,32.1,49.0,0.401,7,4,2,45.6,39.3,45.3,3,0
VIL_004,75,52.8,275.7,33.9,66.0,1.0,5,2,0,44.2,43.0,35.4,2,0
VIL_004,76,44.28,191.4,37.7,59.7,0.908,2,2,2,37.0,35.5,38.0,0,1
VIL_004,77,68.68,345.0,35.2,70.0,1.0,2,10,2,41.6,40.9,30.7,4,0
VIL_004,78,48.78,221.1,38.2,60.6,0.936,1,6,4,39.2,39.9,37.4,1,1
VIL_004,79,65.29,335.4,37.4,63.1,1.0,0,10,6,41.6,40.1,47.0,1,1
VIL_004,80,82.22,453.8,34.8,79.0,1.0,5,7,1,41.5,37.7,39.7,5,1
VIL_004,81,100.2,562.1,37.7,75.5,1.0,5,7,2,45.3,39.2,38.8,5,1
VIL_004,82,96.46,558.6,36.6,81.8,1.0,3,11,3,38.1,38.1,40.8,0,1
VIL_004,83,94.42,518.3,35.8,76.3,1.0,5,13,1,45.8,38.3,37.9,2,0
VIL_004,84,77.37,398.4,36.1,63.3,1.0,3,5,3,39.6,29.8,35.9,2,1
VIL_004,85,72.55,394.7,35.8,65.5,1.0,1,7,0,44.4,30.5,35.9,5,0
VIL_004,86,82.51,427.3,35.3,62.5,1.0,4,5,2,45.6,43.0,31.6,1,1
VIL_004,87,56.19,272.5,35.0,55.0,1.0,7,5,0,44.7,39.1,44.9,2,0
VIL_004,88,57.1,311.9,33.2,49.0,1.0,13,5,3,48.0,40.2,40.8,2,0
VIL_004,89,63.24,321.5,30.0,59.1,1.0,15,6,2,42.1,32.8,35.0,3,0
VIL_004,90,37.1,136.1,30.0,40.1,0.636,21,4,1,40.3,36.4,39.6,3,0
VIL_004,91,44.04,193.0,32.9,45.3,0.844,8,3,2,36.8,32.5,36.1,2,1
VIL_004,92,32.35,115.2,29.1,42.4,0.632,13,2,3,42.5,40.4,44.9,3,1
VIL_004,93,17.27,16.8,29.8,30.6,0.376,10,1,1,44.1,41.3,41.9,2,1
VIL_004,94,15.89,12.6,27.5,33.0,0.316,7,3,1,35.7,33.4,45.0,0,0
VIL_004,95,14.57,-13.2,24.9,26.9,0.331,5,5,0,42.6,31.7,44.4,4,0
VIL_004,96,10.46,-13.4,23.8,33.9,0.277,7,3,0,37.9,34.1,35.1,2,1
VIL_004,97,12.71,-12.8,22.3,40.2,0.307,5,0,4,41.0,38.9,38.5,2,1
VIL_004,98,8.21,-38.0,19.2,42.8,0.188,1,1,7,46.6,40.8,38.5,2,0
VIL_004,99,6.75,-61.3,20.4,32.1,0.136,2,1,2,35.4,34.0,38.1,4,0
VIL_004,100,5.17,-52.7,21.0,35.1,0.054,3,2,1,42.4,38.0,38.0,3,1
VIL_004,101,7.76,-50.8,18.1,27.1,0.192,3,5,3,39.7,36.6,37.2,0,1
VIL_004,102,10.8,-25.2,18.6,42.9,0.3,2,0,4,42.2,37.6,39.2,2,0
VIL_004,103,9.04,-49.0,18.7,40.2,0.198,0,1,3,39.4,32.7,38.9,4,0
VIL_004,104,5.51,-73.3,16.2,34.6,0.206,1,1,3,41.4,36.5,50.0,2,0
VIL_005,1,5.72,-77.7,17.0,40.6,0.078,1,1,0,44.3,41.5,70.5,0,1
VIL_005,2,4.93,-60.8,17.0,41.5,0.204,3,0,4,44.6,37.6,69.6,4,1
VIL_005,3,4.5,-64.8,15.9,45.3,0.0,2,4,7,42.4,38.3,72.9,1,0
VIL_005,4,6.79,-60.9,18.4,42.6,0.055,2,1,7,46.6,35.8,75.7,2,0
VIL_005,5,3.24,-74.6,17.6,34.6,0.076,2,4,4,53.3,46.0,71.8,1,0
VIL_005,6,4.59,-71.1,17.2,46.4,0.023,2,0,10,45.0,35.2,64.7,1,0
VIL_005,7,6.36,-46.5,19.5,50.2,0.113,1,2,2,53.5,50.1,69.5,3,0
VIL_005,8,7.74,-61.5,20.2,56.2,0.1,1,0,2,43.2,36.6,73.5,3,0
VIL_005,9,7.03,-54.4,19.5,52.6,0.137,1,3,8,48.3,46.1,64.2,2,1
VIL_005,10,7.94,-49.1,22.8,45.9,0.049,2,1,2,45.6,40.4,69.2,1,0
VIL_005,11,4.38,-69.2,25.0,47.3,0.067,8,2,2,51.1,48.4,69.4,2,0
VIL_005,12,4.43,-55.1,22.1,45.8,0.082,1,1,0,52.6,46.7,67.9,0,0
VIL_005,13,5.12,-67.1,24.4,45.9,0.075,3,1,4,47.8,47.1,70.2,2,0
VIL_005,14,5.62,-55.1,26.2,47.4,0.082,6,2,0,45.4,41.8,68.6,2,0
VIL_005,15,6.28,-59.6,29.7,53.2,0.144,5,1,1,50.0,42.7,70.5,2,0
VIL_005,16,5.18,-54.7,27.3,40.9,0.0,0,0,2,44.5,31.9,70.6,1,1
VIL_005,17,11.64,-14.9,28.3,46.2,0.161,3,1,1,44.3,42.9,61.4,2,1
VIL_005,18,11.02,-29.9,29.4,54.2,0.086,2,2,1,43.9,39.8,62.6,3,1
VIL_005,19,9.34,-41.8,33.1,53.7,0.162,2,3,3,54.6,51.1,72.4,1,0
VIL_005,20,10.17,-27.3,31.8,44.9,0.094,3,4,1,49.7,44.4,69.7,3,0
VIL_005,21,27.29,75.4,32.6,61.9,0.24,4,2,7,39.9,34.2,68.7,3,0
VIL_005,22,24.22,63.4,34.8,56.7,0.362,2,8,0,49.0,41.6,66.6,2,0
VIL_005,23,38.05,150.1,35.6,57.6,0.494,2,5,6,47.0,44.6,62.8,3,1
VIL_005,24,39.83,169.2,37.1,48.7,0.549,1,2,2,53.4,49.9,67.8,2,1
VIL_005,25,50.33,233.9,36.5,55.9,0.742,2,6,1,47.9,42.0,70.8,3,0
VIL_005,26,51.4,235.7,37.0,59.3,0.704,5,3,0,47.1,40.8,66.6,1,1
VIL_005,27,63.78,336.3,36.8,69.9,0.859,1,12,6,42.9,41.2,71.2,1,0
VIL_005,28,59.35,298.1,35.4,66.5,0.789,7,12,4,46.2,40.2,64.5,3,1
VIL_005,29,66.67,343.9,36.7,64.1,0.832,2,10,3,50.4,47.2,69.0,0,1
VIL_005,30,103.36,593.3,36.8,82.2,1.0,1,11,1,44.5,39.4,65.7,1,0
VIL_005,31,88.03,470.2,35.8,74.2,1.0,4,11,0,47.8,50.1,68.2,1,1
VIL_005,32,83.17,475.4,34.0,70.0,1.0,9,11,3,51.8,44.0,71.6,3,1
VIL_005,33,79.24,428.5,33.9,68.6,1.0,6,15,0,58.7,52.8,70.7,3,0
VIL_005,34,76.53,390.6,34.4,65.7,1.0,7,16,4,53.0,47.6,70.0,3,1
VIL_005,35,87.12,492.7,34.8,63.6,1.0,5,8,3,50.0,47.8,65.6,1,0
VIL_005,36,61.92,305.3,34.7,56.3,0.857,6,9,2,52.6,50.2,73.6,2,0
VIL_005,37,50.39,246.4,31.4,50.8,0.592,24,5,4,43.8,41.1,71.2,3,0
VIL_005,38,43.17,189.0,29.7,50.8,0.596,22,5,2,48.7,47.2,70.3,5,1
VIL_005,39,39.74,149.2,28.9,41.6,0.529,21,2,4,55.4,49.8,66.1,2,1
VIL_005,40,26.9,82.0,26.9,39.3,0.389,16,5,1,46.2,38.0,73.1,3,1
VIL_005,41,19.24,30.1,27.9,36.9,0.206,18,2,1,44.8,35.7,65.3,2,1
VIL_005,42,15.07,12.0,28.4,32.2,0.174,10,1,2,44.0,38.1,61.4,2,1
VIL_005,43,15.11,6.0,23.8,26.2,0.235,4,2,0,46.7,39.5,59.9,3,1
VIL_005,44,10.8,-40.4,22.0,35.6,0.119,1,2,9,44.0,42.2,65.8,1,0
VIL_005,45,11.88,-10.8,23.6,35.7,0.196,7,4,3,50.1,48.6,74.2,0,1
VIL_005,46,6.39,-61.6,21.7,31.6,0.096,2,3,4,47.5,44.4,62.8,2,1
VIL_005,47,5.45,-46.5,20.8,31.3,0.05,3,1,7,47.1,39.8,62.1,1,1
VIL_005,48,5.46,-67.1,21.4,24.9,0.057,2,0,4,53.5,56.0,68.2,3,0
VIL_005,49,5.42,-66.0,17.1,36.2,0.072,2,1,7,47.8,38.3,71.9,2,0
VIL_005,50,7.74,-56.6,16.5,41.3,0.092,1,1,7,45.5,41.4,74.2,2,1
VIL_005,51,5.86,-65.9,17.5,31.1,0.115,0,1,6,48.6,48.2,71.7,4,1
VIL_005,52,5.12,-73.5,17.4,41.7,0.05,2,2,7,49.2,40.0,68.2,1,1
VIL_005,53,4.47,-58.4,16.6,41.8,0.031,1,3,4,41.8,38.6,68.1,2,1
VIL_005,54,5.7,-75.3,20.0,34.5,0.121,2,1,9,52.3,51.8,73.7,4,1
VIL_005,55,4.4,-62.6,16.7,38.0,0.038,3,1,6,42.4,37.3,66.9,4,1
VIL_005,56,7.05,-44.7,16.6,36.5,0.067,4,4,4,46.7,42.7,68.3,1,0
VIL_005,57,6.33,-44.0,17.8,42.6,0.0,2,0,7,46.5,46.2,66.4,1,0
VIL_005,58,4.76,-67.8,19.3,44.9,0.012,1,5,7,49.4,43.9,67.2,2,1
VIL_005,59,5.97,-70.5,17.9,39.3,0.038,2,0,3,42.1,36.5,71.9,1,0
VIL_005,60,4.73,-70.2,19.3,46.4,0.036,3,2,11,50.1,42.4,63.4,1,0
VIL_005,61,7.36,-45.0,21.6,49.5,0.062,3,9,4,45.2,41.3,64.7,0,1
VIL_005,62,6.07,-58.7,22.6,49.5,0.13,2,2,3,47.5,44.4,63.0,1,1
VIL_005,63,9.59,-32.4,22.6,51.0,0.089,1,6,3,47.5,44.0,64.0,2,1
VIL_005,64,9.78,-21.1,26.4,44.7,0.095,2,1,3,45.9,38.0,64.5,4,0
VIL_005,65,9.31,-32.1,27.0,49.1,0.132,5,3,3,49.5,46.4,68.1,5,0
VIL_005,66,6.33,-55.8,24.1,49.6,0.029,2,4,1,44.9,42.0,67.1,2,0
VIL_005,67,6.14,-77.5,25.0,53.8,0.16,6,1,2,42.3,38.2,73.3,3,0
VIL_005,68,10.7,-36.5,29.2,50.1,0.183,2,2,9,49.2,40.9,75.5,2,0
VIL_005,69,11.6,-26.7,31.0,51.9,0.096,6,4,2,47.6,41.4,68.0,3,1
VIL_005,70,21.04,20.5,30.3,50.6,0.331,1,2,4,50.9,46.1,68.0,0,0
VIL_005,71,11.27,-35.9,31.0,44.2,0.211,8,2,1,46.4,38.3,72.0,3,1
VIL_005,72,13.46,-13.0,31.7,44.1,0.122,6,2,0,46.3,38.5,70.3,0,1
VIL_005,73,23.46,55.4,32.2,51.7,0.255,1,1,4,48.4,42.5,73.6,8,0
VIL_005,74,28.51,95.1,35.8,63.2,0.35,2,4,2,52.7,45.8,66.3,3,0
VIL_005,75,41.43,174.1,34.8,58.8,0.482,5,8,3,49.7,45.3,73.4,1,1
VIL_005,76,49.45,232.1,36.2,64.7,0.62,1,7,2,43.7,33.5,62.7,3,1
VIL_005,77,58.55,286.2,34.2,68.9,0.761,7,6,5,47.2,32.3,69.5,2,1
VIL_005,78,70.26,368.8,37.9,67.0,0.962,0,8,3,46.9,35.2,63.0,3,1
VIL_005,79,77.19,419.1,37.6,71.9,1.0,1,14,0,47.5,41.3,72.6,4,1
VIL_005,80,74.89,414.0,35.4,73.7,0.991,1,17,2,46.2,40.4,74.9,1,0
VIL_005,81,85.8,466.9,37.2,77.2,1.0,4,6,5,47.4,34.5,71.2,1,1
VIL_005,82,91.15,509.1,36.7,69.1,1.0,7,11,0,48.5,45.1,70.3,2,1
VIL_005,83,102.98,595.2,35.8,84.2,1.0,3,12,2,48.1,40.5,63.4,1,1
VIL_005,84,93.19,506.8,32.4,73.7,1.0,16,11,2,49.9,50.4,73.5,4,1
VIL_005,85,78.52,443.4,34.4,65.5,1.0,6,9,5,47.3,38.7,67.6,1,1
VIL_005,86,93.8,537.1,34.8,76.0,1.0,12,13,5,47.4,44.6,69.3,1,0
VIL_005,87,74.47,379.4,33.0,70.1,1.0,21,9,0,48.7,46.2,78.0,0,0
VIL_005,88,76.02,410.5,32.4,63.4,1.0,11,5,3,48.6,47.9,75.0,3,0
VIL_005,89,55.35,263.3,33.4,58.0,0.758,14,5,2,53.1,53.7,65.2,2,1
VIL_005,90,36.35,138.4,30.5,37.7,0.507,15,8,1,45.9,39.7,70.1,4,0
VIL_005,91,41.38,179.4,26.9,46.3,0.492,19,4,5,47.5,40.5,68.9,1,0
VIL_005,92,25.9,83.2,28.0,35.8,0.42,13,2,4,47.9,42.2,75.2,1,0
VIL_005,93,24.17,56.5,27.1,38.3,0.302,14,5,2,36.8,32.9,66.4,4,1
VIL_005,94,17.31,10.9,24.8,32.8,0.272,8,3,2,50.4,40.5,66.2,3,0
VIL_005,95,16.89,16.4,25.5,28.7,0.298,8,1,3,46.8,45.7,74.4,3,1
VIL_005,96,11.13,-20.1,21.7,28.2,0.152,1,3,3,48.8,47.8,69.7,6,1
VIL_005,97,11.24,-35.1,22.2,25.8,0.091,6,4,4,47.4,45.2,71.9,2,1
VIL_005,98,7.26,-34.3,19.6,25.9,0.0,0,2,4,47.5,46.9,72.6,5,0
VIL_005,99,7.93,-53.6,20.0,34.3,0.104,3,3,7,48.9,44.5,64.3,4,0
VIL_005,100,6.39,-47.8,20.4,31.5,0.098,0,2,2,44.4,41.0,66.4,2,0
VIL_005,101,6.96,-49.1,18.6,34.8,0.064,2,2,3,48.5,46.1,67.6,3,1
VIL_005,102,5.92,-54.4,17.9,41.7,0.086,0,2,6,49.0,41.8,63.6,7,1
VIL_005,103,5.32,-70.8,17.7,34.1,0.092,1,0,8,56.1,48.2,61.5,4,0
VIL_005,104,6.93,-71.0,17.4,39.8,0.142,0,2,6,46.3,32.7,74.8,3,0
VIL_006,1,6.15,-53.0,19.5,42.1,0.141,0,2,1,39.4,38.8,48.9,4,1
VIL_006,2,5.99,-69.8,17.1,37.3,0.024,0,0,2,44.3,39.5,53.5,2,1
VIL_006,3,9.15,-31.3,17.8,46.3,0.157,0,2,2,42.8,35.7,49.8,0,1
VIL_006,4,5.68,-67.4,15.5,45.8,0.028,1,1,1,43.9,41.4,46.2,0,0
VIL_006,5,7.86,-46.9,16.7,47.9,0.11,1,0,4,43.1,41.4,53.0,0,0
VIL_006,6,7.7,-49.8,16.7,41.9,0.138,0,0,4,45.0,41.3,53.1,1,0
VIL_006,7,6.09,-49.1,20.3,44.0,0.048,2,0,1,48.0,36.1,52.0,1,1
VIL_006,8,9.24,-51.5,16.5,48.1,0.132,1,0,0,41.6,35.3,52.3,0,0
VIL_006,9,11.18,-48.3,19.9,43.3,0.128,0,1,1,46.1,46.0,45.3,2,0
VIL_006,10,7.37,-53.0,17.7,53.9,0.133,1,0,4,43.0,40.4,48.3,1,1
VIL_006,11,6.86,-49.6,21.4,47.7,0.103,2,0,1,47.4,41.9,57.2,2,0
VIL_006,12,5.34,-62.9,22.9,48.5,0.074,0,0,1,44.6,36.0,48.0,0,1
VIL_006,13,9.94,-21.4,26.3,47.6,0.21,1,1,1,43.8,37.6,54.5,0,0
VIL_006,14,6.02,-55.5,26.3,42.7,0.113,1,1,0,51.5,44.1,52.1,2,0
VIL_006,15,7.06,-58.6,26.0,46.0,0.06,0,1,1,47.8,42.0,50.2,2,1
VIL_006,16,6.52,-79.8,29.5,48.8,0.083,2,0,3,53.4,46.2,48.0,1,1
VIL_006,17,7.06,-55.3,29.4,50.6,0.09,2,0,0,45.6,43.0,48.2,1,0
VIL_006,18,8.4,-33.7,30.6,48.7,0.116,1,0,1,47.0,38.8,46.1,0,0
VIL_006,19,12.65,-19.6,30.2,50.9,0.295,0,1,0,49.3,39.0,48.1,1,0
VIL_006,20,12.37,-17.3,31.5,47.3,0.183,0,2,0,46.1,39.8,49.8,1,0
VIL_006,21,16.41,13.6,32.6,51.8,0.117,0,0,0,47.3,40.2,50.9,0,0
VIL_006,22,22.06,36.9,34.5,57.6,0.267,0,0,1,46.7,41.6,45.1,2,0
VIL_006,23,24.67,70.7,35.3,54.8,0.232,2,1,2,45.6,42.5,44.7,0,0
VIL_006,24,40.6,187.0,37.7,62.1,0.525,0,2,1,42.7,39.1,49.5,0,0
VIL_006,25,38.07,152.1,36.8,57.6,0.408,3,1,1,49.3,44.4,48.9,0,1
VIL_006,26,77.27,403.9,33.5,68.8,0.987,2,1,2,44.4,35.3,46.5,2,1
VIL_006,27,47.42,215.5,37.2,54.5,0.556,0,1,0,45.0,42.8,47.6,0,0
VIL_006,28,67.33,326.6,35.3,69.3,0.917,2,4,0,48.6,46.3,47.7,0,1
VIL_006,29,83.94,463.0,35.8,74.5,1.0,1,1,0,44.3,39.4,46.5,0,0
VIL_006,30,84.33,466.7,35.7,75.4,1.0,2,4,0,49.8,43.5,45.8,2,0
VIL_006,31,75.39,419.4,35.6,74.8,1.0,3,4,2,46.3,44.0,52.3,1,1
VIL_006,32,88.34,487.0,34.2,76.4,1.0,7,5,1,47.8,44.7,56.0,2,1
VIL_006,33,71.16,378.5,35.5,69.0,0.975,0,3,1,45.8,41.9,48.0,4,0
VIL_006,34,73.89,384.0,32.8,64.8,1.0,8,4,2,41.2,33.0,54.7,1,0
VIL_006,35,87.46,479.5,34.1,67.3,1.0,7,0,0,45.7,39.7,49.0,0,1
VIL_006,36,57.93,271.0,35.4,54.9,0.751,5,1,1,47.0,43.3,43.0,0,0
VIL_006,37,56.3,273.4,30.1,50.6,0.679,15,1,1,51.2,41.9,48.8,0,0
VIL_006,38,40.03,163.8,30.2,51.5,0.488,8,2,1,44.4,40.2,49.9,1,1
VIL_006,39,36.48,146.2,26.4,46.5,0.509,9,2,3,48.7,38.4,42.6,0,1
VIL_006,40,13.46,-16.5,27.8,33.8,0.233,8,1,4,44.3,46.4,43.6,1,0
VIL_006,41,17.54,17.8,27.8,38.8,0.247,5,1,0,46.9,42.2,51.8,1,0
VIL_006,42,17.54,13.6,26.7,26.0,0.274,4,1,1,46.9,41.9,38.2,0,0
VIL_006,43,13.33,-14.4,24.7,34.7,0.213,5,1,1,45.0,43.5,50.5,1,0
VIL_006,44,13.59,-8.6,24.5,27.7,0.207,2,0,0,42.7,43.3,40.3,0,0
VIL_006,45,10.05,-32.6,25.4,31.8,0.101,1,0,0,44.9,44.7,50.2,2,0
VIL_006,46,6.51,-49.0,23.4,29.5,0.095,1,0,3,45.2,39.0,47.4,1,0
VIL_006,47,6.49,-57.9,19.7,34.3,0.044,2,0,3,48.1,41.8,47.2,0,1
VIL_006,48,7.39,-54.2,17.8,33.9,0.099,1,1,2,48.6,42.4,46.2,0,0
VIL_006,49,8.85,-42.8,18.3,40.2,0.134,1,0,1,52.0,48.4,47.3,5,1
VIL_006,50,4.35,-78.2,17.0,31.2,0.142,2,2,3,41.1,39.5,40.4,0,0
VIL_006,51,6.32,-61.4,18.2,38.6,0.019,0,1,0,42.6,38.8,50.0,0,0
VIL_006,52,6.91,-33.6,15.9,37.9,0.116,1,1,2,45.4,43.9,47.9,0,0
VIL_006,53,6.59,-65.2,17.0,31.8,0.162,0,0,0,51.4,41.4,51.3,0,1
VIL_006,54,6.28,-60.9,18.0,35.7,0.122,0,2,3,40.0,39.9,44.6,0,1
VIL_006,55,4.81,-71.8,17.0,39.2,0.106,1,0,3,46.6,41.0,51.6,1,0
VIL_006,56,8.01,-49.1,16.2,47.0,0.136,0,1,4,51.0,45.7,51.0,2,0
VIL_006,57,22.47,46.5,19.1,52.7,0.365,0,1,2,53.6,51.3,44.4,1,1
VIL_006,58,6.92,-51.0,15.9,39.5,0.038,1,0,1,42.7,35.9,51.2,0,0
VIL_006,59,4.9,-84.4,18.4,43.5,0.0,1,1,0,43.4,38.2,52.6,1,0
VIL_006,60,5.84,-50.7,19.5,53.5,0.078,0,1,1,46.6,36.2,52.6,0,0
VIL_006,61,5.96,-53.9,20.4,46.7,0.0,0,0,2,39.3,36.2,44.7,2,1
VIL_006,62,6.62,-68.3,21.5,45.9,0.15,0,0,0,46.5,39.5,41.7,0,1
VIL_006,63,8.22,-67.9,23.1,50.4,0.171,2,0,1,42.1,44.0,46.8,2,0
VIL_006,64,5.71,-71.7,23.4,50.6,0.054,0,0,2,42.8,41.1,57.6,1,1
VIL_006,65,8.7,-44.4,24.2,47.5,0.097,1,0,1,41.5,41.0,55.4,0,0
VIL_006,66,8.67,-16.4,25.3,51.3,0.112,3,1,0,47.7,41.9,45.0,2,0
VIL_006,67,7.38,-45.3,26.3,47.3,0.101,2,2,3,42.7,39.3,47.1,0,0
VIL_006,68,6.13,-77.2,29.2,50.7,0.088,0,1,1,47.8,46.5,47.5,1,1
VIL_006,69,18.1,13.8,28.6,54.1,0.269,1,2,1,47.8,46.7,44.8,0,0
VIL_006,70,10.02,-33.8,31.6,50.8,0.125,0,1,1,48.4,44.6,40.8,1,1
VIL_006,71,14.09,-3.5,31.7,47.2,0.235,1,0,0,46.6,41.0,51.6,2,0
VIL_006,72,22.03,33.7,32.1,50.2,0.316,0,0,1,50.7,43.2,48.4,1,1
VIL_006,73,23.75,57.0,34.4,57.3,0.286,2,2,2,44.8,42.1,45.9,2,1
VIL_006,74,26.11,66.9,33.6,53.4,0.415,0,1,2,45.7,38.0,50.9,2,0
VIL_006,75,34.86,121.3,36.0,58.2,0.397,3,1,0,48.6,41.6,48.6,1,1
VIL_006,76,38.32,158.1,36.1,56.5,0.506,1,2,1,47.0,45.7,51.9,1,0
VIL_006,77,68.64,365.3,35.6,75.3,0.964,1,1,1,44.7,37.7,59.1,3,1
VIL_006,78,56.57,285.6,37.3,62.1,0.718,0,2,2,50.3,48.4,59.1,0,1
VIL_006,79,76.37,414.9,37.6,72.6,1.0,2,5,1,50.5,46.0,49.6,0,0
VIL_006,80,95.19,529.6,38.4,84.5,1.0,0,5,1,45.3,41.2,54.9,0,0
VIL_006,81,81.06,447.5,38.1,77.8,1.0,2,7,0,42.1,37.9,41.2,1,1
VIL_006,82,97.78,555.0,37.3,78.3,1.0,3,3,0,43.4,41.8,49.7,3,0
VIL_006,83,76.49,411.2,35.0,76.4,1.0,2,5,0,46.3,40.2,46.4,1,1
VIL_006,84,121.22,702.0,38.8,91.2,1.0,0,1,0,48.2,47.0,58.1,0,0
VIL_006,85,98.74,553.3,33.5,73.6,1.0,3,9,0,46.8,40.5,49.6,1,1
VIL_006,86,76.57,411.2,35.6,67.3,0.983,4,3,2,49.1,41.6,48.7,0,1
VIL_006,87,63.49,347.7,34.1,57.0,0.897,7,2,0,48.1,41.7,52.7,0,0
VIL_006,88,62.93,322.5,31.3,59.3,0.819,8,3,0,46.9,40.1,37.5,0,0
VIL_006,89,50.89,233.1,31.5,50.9,0.624,7,2,0,40.6,38.2,48.1,1,1
VIL_006,90,55.53,261.9,30.5,53.4,0.746,5,2,3,44.9,39.0,47.6,3,0
VIL_006,91,28.58,85.6,31.0,35.7,0.413,5,3,1,50.2,46.4,51.7,1,1
VIL_006,92,28.33,110.6,27.3,43.1,0.424,6,0,0,45.8,42.6,57.5,1,0
VIL_006,93,21.82,41.4,26.7,31.4,0.369,9,0,0,47.2,39.7,47.2,0,0
VIL_006,94,17.88,28.3,23.0,29.8,0.386,5,1,0,49.7,48.3,49.1,1,1
VIL_006,95,14.06,-10.0,26.7,34.1,0.2,2,1,1,46.4,42.4,52.7,0,1
VIL_006,96,10.48,-27.5,22.2,37.8,0.107,1,1,1,42.5,34.9,52.1,1,0
VIL_006,97,9.56,-28.3,22.7,30.1,0.15,4,1,0,41.0,35.8,50.9,2,0
VIL_006,98,8.08,-51.8,21.2,34.4,0.094,3,0,2,42.7,38.6,49.9,0,0
VIL_006,99,14.95,-6.8,20.3,40.1,0.246,0,0,0,47.2,38.2,50.4,0,0
VIL_006,100,4.38,-54.2,20.5,34.8,0.0,2,1,3,50.7,40.2,50.8,0,1
VIL_006,101,9.68,-25.6,20.8,34.0,0.248,0,1,1,43.1,40.6,42.4,0,0
VIL_006,102,7.7,-40.8,18.4,30.9,0.145,2,2,5,48.6,46.0,45.8,0,1
VIL_006,103,7.04,-45.2,18.4,27.3,0.01,0,2,3,47.7,46.5,42.1,6,0
VIL_006,104,8.63,-37.9,17.7,37.1,0.08,0,0,0,52.4,52.2,47.1,0,0
VIL_007,1,7.97,-39.3,17.1,44.9,0.129,3,0,12,61.0,49.3,59.7,2,0
VIL_007,2,8.44,-36.5,17.2,52.3,0.125,2,3,4,60.9,52.1,57.9,4,1
VIL_007,3,7.03,-65.2,18.2,39.6,0.091,1,2,5,53.3,47.5,68.1,3,1
VIL_007,4,5.6,-52.7,18.1,41.5,0.053,0,5,10,62.2,58.1,67.9,4,1
VIL_007,5,6.26,-68.2,19.0,46.8,0.005,3,5,11,59.3,54.8,67.5,2,0
VIL_007,6,4.11,-72.9,18.1,46.8,0.103,2,5,10,57.8,50.8,66.3,5,0
VIL_007,7,4.79,-84.3,16.1,44.7,0.0,1,2,5,52.4,46.8,66.6,1,1
VIL_007,8,8.15,-47.5,20.9,42.7,0.098,1,0,2,54.6,46.5,65.0,8,0
VIL_007,9,4.45,-80.4,20.1,52.7,0.008,3,2,8,55.7,47.3,63.6,5,1
VIL_007,10,6.38,-61.9,20.3,49.8,0.135,1,4,6,60.4,55.0,67.6,1,0
VIL_007,11,7.33,-50.6,22.8,48.9,0.127,2,2,1,54.0,53.0,64.3,1,0
VIL_007,12,4.96,-58.7,23.7,44.3,0.048,8,3,2,52.3,45.1,66.1,3,1
VIL_007,13,5.12,-57.9,23.7,47.7,0.103,4,4,3,57.3,49.0,63.4,1,0
VIL_007,14,6.85,-77.7,24.3,41.2,0.017,0,0,2,54.4,49.4,61.7,1,1
VIL_007,15,6.55,-49.5,27.6,51.2,0.083,3,2,2,56.4,52.7,68.5,1,0
VIL_007,16,9.01,-37.8,27.2,53.2,0.067,5,1,3,60.2,53.9,70.3,1,0
VIL_007,17,8.42,-49.5,29.5,49.5,0.164,3,3,4,56.7,56.5,65.2,3,1
VIL_007,18,10.98,-35.6,31.0,45.5,0.165,4,3,3,52.9,42.7,69.0,1,0
VIL_007,19,11.49,-24.0,32.8,50.8,0.186,3,3,5,57.7,49.2,68.1,3,0
VIL_007,20,16.99,15.6,35.2,54.1,0.199,1,1,2,53.0,46.2,61.9,4,0
VIL_007,21,16.38,13.0,33.9,46.8,0.256,5,1,3,56.7,48.8,72.1,3,0
VIL_007,22,25.6,68.7,34.0,57.2,0.286,2,4,0,58.0,47.6,70.4,7,0
VIL_007,23,37.24,123.0,37.2,60.4,0.448,1,5,1,60.8,59.2,59.2,1,0
VIL_007,24,53.94,254.7,37.1,64.4,0.71,1,4,2,55.3,50.5,64.9,2,0
VIL_007,25,58.11,275.6,36.6,64.2,0.728,2,5,5,50.5,49.5,67.5,5,1
VIL_007,26,56.56,297.6,37.0,63.8,0.79,3,6,2,62.8,61.1,63.2,4,1
VIL_007,27,71.94,380.2,37.0,67.1,0.935,6,3,4,56.5,49.9,60.2,2,0
VIL_007,28,85.18,475.3,37.2,77.4,1.0,3,9,6,56.6,53.5,72.5,3,1
VIL_007,29,91.05,513.4,36.8,80.4,1.0,6,6,3,58.0,54.0,68.3,3,1
VIL_007,30,76.56,413.5,35.5,74.4,1.0,4,8,4,53.2,52.8,59.6,5,0
VIL_007,31,93.8,521.1,36.4,78.4,1.0,5,15,3,57.7,48.3,62.5,8,0
VIL_007,32,84.7,459.2,38.0,73.2,1.0,2,16,1,53.3,46.3,67.0,1,1
VIL_007,33,71.97,359.6,34.3,63.3,1.0,15,9,1,50.7,49.5,61.1,3,0
VIL_007,34,75.09,402.0,34.2,61.6,0.984,15,2,4,55.6,52.4,65.7,4,0
VIL_007,35,71.76,381.4,32.6,60.9,0.993,14,3,2,58.3,51.3,59.3,4,0
VIL_007,36,65.42,335.7,34.1,64.6,0.894,13,9,3,50.8,46.4,65.6,4,0
VIL_007,37,49.32,230.2,32.6,52.8,0.648,18,5,4,53.2,46.1,65.6,1,0
VIL_007,38,36.91,134.0,29.0,45.4,0.409,22,8,3,54.9,49.0,68.0,5,0
VIL_007,39,41.22,171.8,27.0,38.4,0.483,10,3,3,53.9,49.9,66.2,1,0
VIL_007,40,22.07,40.6,29.2,37.3,0.227,14,2,4,53.9,44.8,72.7,3,0
VIL_007,41,18.06,27.0,25.4,28.8,0.265,5,3,3,48.5,46.1,64.3,1,0
VIL_007,42,13.15,-11.9,26.8,26.8,0.209,13,0,1,56.1,46.7,62.7,2,0
VIL_007,43,10.1,-39.1,23.8,26.1,0.091,7,2,4,58.3,54.0,72.3,3,0
VIL_007,44,9.25,-39.9,24.3,27.7,0.119,6,1,0,56.2,46.2,66.4,2,0
VIL_007,45,9.17,-49.2,22.9,34.7,0.123,5,2,4,53.1,47.3,65.1,3,1
VIL_007,46,10.36,-34.2,20.7,33.6,0.142,3,0,5,56.1,48.7,67.4,2,1
VIL_007,47,6.24,-52.6,19.3,27.7,0.045,0,1,5,52.5,44.4,68.2,0,0
VIL_007,48,5.78,-74.8,20.2,29.9,0.159,2,4,5,57.2,47.6,64.1,2,1
VIL_007,49,8.42,-44.5,17.9,36.6,0.146,4,2,5,54.9,43.5,60.6,4,1
VIL_007,50,6.77,-62.4,19.5,37.6,0.094,2,3,5,53.8,44.2,67.3,3,0
VIL_007,51,8.0,-60.0,16.7,37.1,0.081,0,2,5,58.8,48.4,56.7,2,0
VIL_007,52,7.58,-30.8,17.7,33.0,0.059,0,0,9,51.6,42.2,71.6,2,1
VIL_007,53,4.4,-58.1,16.6,35.6,0.079,5,1,8,52.9,46.6,63.2,3,0
VIL_007,54,8.53,-49.1,17.0,50.0,0.09,0,1,8,54.5,54.4,67.1,7,1
VIL_007,55,8.59,-45.6,16.2,36.8,0.121,3,3,3,61.5,57.1,64.1,0,0
VIL_007,56,6.77,-75.1,17.1,43.4,0.0,1,2,7,55.8,56.5,51.2,2,1
VIL_007,57,3.89,-90.0,14.6,50.1,0.025,2,1,9,56.6,49.8,67.7,2,1
VIL_007,58,5.9,-71.9,17.2,42.5,0.073,0,1,6,60.7,58.4,68.7,3,1
VIL_007,59,6.03,-60.1,18.1,52.0,0.129,3,3,12,65.6,61.9,65.4,5,1
VIL_007,60,4.51,-71.1,19.4,42.0,0.014,4,3,6,54.5,48.2,65.8,1,1
VIL_007,61,6.0,-56.7,21.9,38.3,0.006,6,5,5,60.4,55.8,64.2,2,1
VIL_007,62,8.73,-35.0,20.5,45.9,0.139,3,1,2,58.6,56.3,62.4,5,0
VIL_007,63,6.02,-57.1,24.0,44.3,0.077,0,5,4,60.9,52.8,67.5,4,0
VIL_007,64,8.36,-55.1,22.4,42.2,0.025,1,2,2,60.4,57.7,56.0,2,0
VIL_007,65,6.52,-53.3,23.3,46.5,0.003,3,1,4,54.0,53.1,58.0,1,0
VIL_007,66,9.1,-33.0,23.5,53.5,0.089,3,1,3,55.3,45.5,71.8,3,1
VIL_007,67,7.43,-54.8,27.7,46.3,0.095,1,4,3,53.2,44.0,64.9,1,1
VIL_007,68,11.07,-44.7,28.3,48.7,0.217,5,2,5,52.2,45.4,59.9,4,0
VIL_007,69,16.9,24.5,30.1,58.3,0.171,2,5,5,58.5,53.6,61.2,4,1
VIL_007,70,11.85,-20.1,30.7,46.8,0.185,5,3,3,58.5,48.9,67.5,4,0
VIL_007,71,24.36,34.7,31.6,57.9,0.227,5,1,1,58.7,57.0,64.4,1,0
VIL_007,72,18.02,40.9,33.0,44.7,0.258,4,0,2,53.3,47.8,72.3,1,0
VIL_007,73,19.99,28.5,36.2,47.8,0.342,4,1,4,52.7,47.7,68.3,5,0
VIL_007,74,24.2,85.7,33.9,51.9,0.33,1,2,5,53.8,46.6,69.2,1,1
VIL_007,75,25.44,73.4,37.7,57.2,0.306,3,5,2,56.4,56.7,69.6,3,1
VIL_007,76,46.3,206.6,36.9,58.0,0.679,2,7,0,55.6,45.1,71.3,2,1
VIL_007,77,52.05,248.8,36.8,59.7,0.711,4,3,5,45.3,44.3,66.6,1,1
VIL_007,78,36.78,138.1,37.4,55.7,0.498,2,6,4,55.1,47.2,66.1,1,0
VIL_007,79,74.42,396.7,33.1,73.9,0.941,5,4,2,58.7,42.9,70.3,3,0
VIL_007,80,92.73,538.3,36.7,76.0,1.0,4,9,3,55.7,51.0,74.4,4,1
VIL_007,81,69.29,353.0,36.1,65.2,0.89,6,9,0,63.7,55.1,71.5,2,0
VIL_007,82,85.88,477.9,39.2,78.7,1.0,0,8,4,55.7,57.5,64.9,3,0
VIL_007,83,96.51,536.2,35.9,73.9,1.0,10,10,4,57.7,49.3,68.8,1,0
VIL_007,84,57.15,279.3,35.8,59.3,0.816,7,10,1,50.7,42.7,64.3,1,0
VIL_007,85,80.61,457.1,35.2,66.6,1.0,9,4,3,49.8,46.9,62.9,2,0
VIL_007,86,82.82,457.4,32.9,74.5,1.0,9,7,1,57.6,49.3,69.3,3,0
VIL_007,87,65.73,345.6,33.0,62.0,0.916,16,6,2,58.4,57.3,65.8,4,0
VIL_007,88,50.17,235.2,33.7,54.8,0.657,7,2,4,61.6,59.4,66.5,3,1
VIL_007,89,45.11,227.7,29.1,46.1,0.6,23,5,5,59.5,51.9,65.6,2,1
VIL_007,90,34.41,119.9,30.9,45.8,0.438,17,3,1,49.8,42.4,64.1,5,1
VIL_007,91,32.53,101.1,28.3,44.5,0.426,17,2,0,55.1,48.7,64.8,2,0
VIL_007,92,34.63,147.7,29.8,44.4,0.495,5,3,2,57.0,51.4,69.2,0,0
VIL_007,93,29.35,91.9,27.5,38.6,0.483,12,2,7,59.4,58.8,60.2,1,0
VIL_007,94,19.39,33.4,24.0,35.6,0.175,10,2,5,50.7,51.3,70.1,3,0
VIL_007,95,18.36,39.6,24.1,27.4,0.182,9,4,1,61.0,61.2,61.7,2,1
VIL_007,96,12.98,-9.2,24.0,39.7,0.166,4,0,1,60.0,57.3,62.9,2,0
VIL_007,97,8.78,-19.2,22.0,28.7,0.12,5,0,3,64.0,55.1,62.4,5,0
VIL_007,98,10.07,-31.5,21.5,31.2,0.123,3,0,2,52.5,45.6,61.8,5,1
VIL_007,99,13.69,-15.8,20.3,29.9,0.155,1,0,6,55.7,46.6,63.3,5,1
VIL_007,100,7.29,-75.0,20.6,35.7,0.036,2,3,7,56.0,48.1,66.0,5,1
VIL_007,101,7.57,-46.6,19.3,36.3,0.07,3,4,7,63.4,57.9,61.4,4,1
VIL_007,102,6.35,-80.0,18.1,33.4,0.125,1,3,6,65.8,58.7,66.8,2,0
VIL_007,103,13.72,-5.3,17.7,30.1,0.188,1,5,6,55.0,54.1,66.1,2,0
VIL_007,104,7.7,-34.0,16.0,34.8,0.136,1,2,9,58.9,51.5,67.0,3,0
VIL_008,1,12.37,-31.6,18.2,41.6,0.185,2,2,6,61.8,52.9,70.4,3,0
VIL_008,2,6.09,-69.8,15.5,43.4,0.055,1,4,1,60.7,55.9,62.5,2,1
VIL_008,3,5.95,-68.3,17.1,38.6,0.089,3,0,4,52.2,43.9,63.1,1,1
VIL_008,4,9.48,-31.8,17.5,38.0,0.19,2,3,4,51.3,47.0,69.1,1,1
VIL_008,5,5.79,-61.1,17.2,37.7,0.073,1,0,5,58.8,54.3,61.6,2,1
VIL_008,6,5.22,-66.9,19.1,38.1,0.174,2,3,1,58.2,47.5,61.6,2,1
VIL_008,7,6.11,-57.8,19.8,46.6,0.023,2,0,2,55.5,48.9,60.7,1,0
VIL_008,8,6.02,-53.9,19.3,51.4,0.073,0,3,4,54.4,48.9,59.5,3,0
VIL_008,9,4.79,-61.4,20.0,43.4,0.037,0,1,6,54.3,48.6,63.3,1,0
VIL_008,10,4.92,-56.2,23.1,48.8,0.112,2,2,2,55.8,50.9,63.8,0,0
VIL_008,11,6.22,-40.4,23.5,41.4,0.0,5,1,2,51.4,47.8,59.4,4,1
VIL_008,12,8.85,-41.2,23.5,49.9,0.046,3,0,1,55.2,56.0,68.2,2,0
VIL_008,13,6.19,-63.9,22.7,50.7,0.077,2,2,1,53.0,42.0,71.1,1,0
VIL_008,14,6.09,-53.3,26.2,42.3,0.159,3,2,0,57.4,54.1,73.1,2,0
VIL_008,15,6.51,-68.0,27.8,47.4,0.098,1,2,1,49.9,45.9,65.4,1,0
VIL_008,16,5.43,-70.6,24.9,50.3,0.005,4,1,6,56.3,53.3,68.6,0,1
VIL_008,17,11.71,-12.0,29.7,38.5,0.096,2,1,2,52.6,48.2,68.9,4,1
VIL_008,18,7.89,-48.6,30.0,53.1,0.189,3,1,3,50.1,48.0,63.7,2,0
VIL_008,19,11.41,-36.0,31.4,50.3,0.121,0,0,5,49.6,48.8,66.9,1,1
VIL_008,20,12.98,-28.4,31.6,51.8,0.126,3,1,1,52.3,48.0,67.2,2,0
VIL_008,21,21.07,41.0,33.5,50.5,0.355,6,2,1,53.3,49.0,67.9,2,0
VIL_008,22,20.84,50.4,36.2,44.2,0.328,1,2,0,57.6,49.0,65.7,0,0
VIL_008,23,29.55,108.3,34.7,56.6,0.458,0,3,1,55.6,49.9,69.3,4,0
VIL_008,24,43.78,193.0,37.0,60.1,0.536,3,4,1,53.2,46.5,68.4,2,1
VIL_008,25,48.04,240.4,35.4,61.5,0.564,1,4,0,53.5,48.3,65.6,2,1
VIL_008,26,49.13,226.5,37.6,65.1,0.662,1,2,3,56.0,50.8,62.6,7,0
VIL_008,27,70.94,371.6,36.9,73.5,0.963,1,5,2,56.3,47.5,66.6,0,1
VIL_008,28,92.3,489.7,37.4,87.6,1.0,0,12,1,50.3,46.7,63.7,2,1
VIL_008,29,104.7,593.5,36.9,85.6,1.0,2,8,0,53.6,49.6,61.1,0,0
VIL_008,30,63.37,331.0,37.5,60.4,0.758,2,9,3,53.0,44.6,62.9,2,1
VIL_008,31,107.29,630.9,33.3,83.2,1.0,13,7,6,59.0,51.6,64.5,1,0
VIL_008,32,98.11,545.8,34.2,80.0,1.0,9,13,0,59.8,49.2,61.8,3,1
VIL_008,33,96.07,545.1,35.7,80.5,1.0,4,5,3,56.2,50.1,65.2,3,1
VIL_008,34,69.77,375.6,32.0,56.5,0.907,9,12,3,46.1,42.8,65.8,2,1
VIL_008,35,50.87,239.3,33.0,52.2,0.638,8,0,1,52.7,47.7,60.4,1,0
VIL_008,36,62.2,291.8,32.6,63.7,0.799,21,3,2,53.8,50.8,61.6,1,1
VIL_008,37,40.96,175.6,30.7,45.2,0.474,16,4,3,53.6,46.4,65.6,0,0
VIL_008,38,30.56,111.3,29.7,44.3,0.409,9,1,4,55.3,50.6,65.0,0,0
VIL_008,39,23.1,44.6,29.7,38.6,0.269,9,4,4,59.5,49.1,68.3,4,1
VIL_008,40,25.12,64.9,29.4,41.4,0.374,13,2,5,56.0,49.2,66.4,1,0
VIL_008,41,17.96,8.2,25.8,30.8,0.271,6,2,1,57.4,49.6,66.8,1,0
VIL_008,42,16.53,-15.5,25.1,30.3,0.305,10,1,1,59.3,54.9,69.6,5,0
VIL_008,43,12.83,-4.2,23.7,32.1,0.189,6,1,2,50.9,48.8,56.9,2,1
VIL_008,44,7.81,-48.0,20.5,23.9,0.13,4,0,6,59.5,58.7,67.4,0,1
VIL_008,45,7.08,-36.8,22.5,29.2,0.164,4,2,1,64.5,58.4,72.4,5,1
VIL_008,46,6.07,-51.0,22.4,31.6,0.05,5,0,2,53.0,49.8,62.5,3,1
VIL_008,47,5.73,-65.4,21.6,38.4,0.002,2,1,6,57.9,50.9,63.2,3,0
VIL_008,48,6.64,-56.6,18.5,34.3,0.099,1,1,6,58.0,50.9,67.6,3,1
VIL_008,49,15.81,11.1,17.3,40.8,0.14,1,1,3,53.6,48.0,60.5,7,1
VIL_008,50,7.99,-37.1,18.2,40.1,0.229,2,2,3,57.7,48.3,59.0,1,1
VIL_008,51,6.28,-54.9,18.6,31.9,0.156,2,0,6,60.1,55.7,68.4,2,1
VIL_008,52,7.03,-42.1,17.5,36.6,0.202,1,2,4,60.9,58.5,59.4,0,0
VIL_008,53,5.84,-64.0,17.4,47.6,0.081,2,3,5,52.1,44.5,61.9,2,1
VIL_008,54,10.02,-43.2,18.4,40.9,0.161,0,2,4,56.3,49.4,61.7,3,0
VIL_008,55,10.67,-29.5,16.2,47.2,0.119,1,1,6,48.8,45.0,60.6,3,0
VIL_008,56,5.02,-64.5,17.0,44.9,0.111,3,3,4,51.7,45.7,61.5,3,1
VIL_008,57,5.79,-73.4,19.6,36.6,0.016,3,0,9,48.0,43.0,70.8,5,1
VIL_008,58,8.54,-56.5,17.9,46.2,0.0,1,0,5,58.6,57.2,64.7,2,0
VIL_008,59,4.79,-63.6,17.2,44.6,0.024,2,1,6,56.5,52.4,64.9,3,1
VIL_008,60,9.17,-42.9,18.7,48.4,0.05,1,5,6,51.1,44.5,58.1,1,0
VIL_008,61,9.0,-41.7,19.2,44.7,0.194,2,1,8,53.2,47.8,65.2,3,1
VIL_008,62,4.64,-72.7,21.7,41.7,0.153,3,2,3,58.1,51.6,65.0,1,0
VIL_008,63,12.67,-0.3,21.3,48.8,0.099,1,2,0,49.7,41.6,65.8,2,0
VIL_008,64,15.63,16.8,23.8,52.1,0.273,1,2,4,52.3,48.6,65.6,0,1
VIL_008,65,9.92,-46.3,23.7,54.6,0.18,4,1,1,56.1,51.3,67.0,1,0
VIL_008,66,7.54,-55.1,23.2,56.0,0.022,1,3,4,58.5,52.3,65.8,5,0
VIL_008,67,6.5,-48.2,27.4,53.8,0.067,9,1,1,51.8,50.2,71.4,5,0
VIL_008,68,9.56,-30.3,28.4,52.9,0.098,7,2,3,59.8,48.3,63.0,3,0
VIL_008,69,11.0,-27.1,30.0,45.8,0.184,3,0,1,54.5,52.8,65.4,2,0
VIL_008,70,10.07,-44.2,29.7,47.3,0.073,4,1,2,58.4,53.5,66.1,4,1
VIL_008,71,16.13,0.7,30.7,52.1,0.21,4,2,5,54.7,55.3,61.7,1,1
VIL_008,72,24.18,56.1,33.2,52.0,0.288,3,0,3,57.0,49.8,59.2,4,0
VIL_008,73,21.64,47.0,35.5,54.8,0.312,6,7,2,49.6,41.0,65.1,2,1
VIL_008,74,31.31,125.7,34.5,59.2,0.407,2,2,4,58.2,53.5,62.6,1,0
VIL_008,75,31.49,103.1,35.7,57.5,0.393,1,1,3,55.0,53.0,62.1,1,1
VIL_008,76,45.71,194.5,35.5,65.5,0.599,1,8,3,55.3,53.8,56.9,2,0
VIL_008,77,52.55,249.3,34.5,60.1,0.803,3,4,7,54.6,52.1,67.7,4,1
VIL_008,78,68.68,368.2,37.9,74.3,0.895,1,4,1,58.3,47.2,70.5,2,0
VIL_008,79,89.63,483.1,38.0,77.0,1.0,1,5,1,50.8,43.6,65.8,3,0
VIL_008,80,77.01,427.9,37.9,68.5,1.0,1,16,0,56.1,55.2,56.0,3,0
VIL_008,81,105.8,603.6,36.7,87.6,1.0,4,4,6,58.3,52.1,63.1,0,0
VIL_008,82,111.94,638.9,37.4,92.3,1.0,0,11,3,58.3,48.9,65.1,1,0
VIL_008,83,104.53,580.9,37.4,84.6,1.0,5,8,1,59.1,52.3,66.8,2,0
VIL_008,84,81.82,452.5,37.8,70.3,1.0,0,9,1,56.9,48.3,65.4,3,1
VIL_008,85,81.54,441.9,36.4,70.4,1.0,8,11,2,51.1,47.0,69.1,4,0
VIL_008,86,73.73,393.2,34.6,64.9,0.991,13,8,4,52.4,47.8,63.8,1,0
VIL_008,87,81.9,437.0,32.1,63.2,1.0,18,8,2,54.2,45.5,64.4,3,1
VIL_008,88,51.42,239.6,32.9,46.9,0.602,11,5,2,51.0,44.8,69.8,0,0
VIL_008,89,57.24,276.7,32.0,54.0,0.777,8,4,1,55.6,48.7,57.7,2,0
VIL_008,90,37.52,149.2,31.4,44.4,0.605,11,4,1,56.0,51.5,62.5,1,1
VIL_008,91,39.83,158.8,31.0,45.0,0.537,15,0,1,52.7,45.2,63.1,3,0
VIL_008,92,30.32,86.8,28.1,42.9,0.342,8,3,4,54.6,51.5,71.8,0,1
VIL_008,93,26.57,104.4,29.5,37.5,0.323,7,1,0,51.6,50.7,71.4,3,0
VIL_008,94,21.63,30.6,23.7,38.4,0.299,7,3,2,53.3,46.5,64.7,2,0
VIL_008,95,15.85,7.5,25.1,33.0,0.278,8,4,4,51.3,44.1,63.0,3,1
VIL_008,96,12.72,-32.9,22.5,39.8,0.153,5,2,4,54.2,48.6,66.3,3,0
VIL_008,97,8.81,-61.2,20.1,31.5,0.159,3,0,8,59.7,56.5,67.4,3,1
VIL_008,98,5.93,-59.5,21.1,39.8,0.007,3,0,2,52.0,45.9,71.7,1,1
VIL_008,99,6.81,-52.9,18.6,33.2,0.019,0,2,4,58.4,53.3,68.6,2,1
VIL_008,100,7.09,-40.1,19.3,32.0,0.07,1,2,0,54.6,54.7,61.1,1,1
VIL_008,101,6.41,-53.3,18.8,30.0,0.157,2,0,2,47.0,40.5,64.8,2,0
VIL_008,102,6.98,-54.9,19.5,29.2,0.097,1,3,4,58.7,55.5,64.5,0,0
VIL_008,103,6.97,-63.0,15.8,32.1,0.107,0,0,4,53.3,45.8,66.3,3,0
VIL_008,104,5.75,-46.7,18.4,33.2,0.091,0,0,4,53.0,47.5,65.7,2,1
VIL_009,1,5.15,-64.1,16.3,38.0,0.086,0,0,2,56.2,50.8,57.6,0,1
VIL_009,2,5.9,-61.7,15.4,34.3,0.078,1,1,4,51.9,47.9,56.9,0,0
VIL_009,3,9.3,-40.7,17.2,41.0,0.149,1,1,1,56.8,49.1,56.6,1,1
VIL_009,4,6.83,-58.6,19.0,37.1,0.109,1,0,3,60.5,53.6,52.8,1,0
VIL_009,5,8.72,-38.1,17.2,50.4,0.282,1,0,2,53.2,50.1,65.0,1,0
VIL_009,6,5.31,-56.4,18.0,40.7,0.197,0,2,1,60.9,55.0,62.0,1,0
VIL_009,7,6.06,-55.6,20.0,46.6,0.158,1,1,0,59.7,54.6,59.6,0,0
VIL_009,8,7.87,-48.8,19.9,44.5,0.109,0,1,4,58.5,51.2,57.2,1,1
VIL_009,9,4.65,-70.6,18.5,43.1,0.138,0,1,1,56.2,47.9,64.2,1,0
VIL_009,10,5.08,-56.7,21.4,38.8,0.09,1,1,5,59.4,46.5,57.0,3,0
VIL_009,11,4.96,-62.3,24.2,49.2,0.0,1,1,2,61.7,58.2,61.5,1,1
VIL_009,12,6.8,-54.0,23.4,53.3,0.15,2,0,2,65.5,57.2,69.0,0,0
VIL_009,13,11.59,-23.1,21.3,47.1,0.19,1,2,3,61.5,51.6,57.9,2,1
VIL_009,14,10.22,-28.4,26.3,43.9,0.164,1,0,2,58.6,52.4,60.8,1,1
VIL_009,15,14.65,-7.0,26.8,55.5,0.28,1,1,1,60.9,54.5,66.2,3,1
VIL_009,16,9.37,-29.3,26.0,42.8,0.162,0,1,1,60.3,56.9,59.2,2,1
VIL_009,17,10.64,-39.8,27.4,54.5,0.211,0,1,2,57.0,49.5,56.8,2,1
VIL_009,18,9.39,-41.5,31.7,44.9,0.184,1,0,2,58.1,59.5,60.0,0,0
VIL_009,19,12.86,-8.2,30.8,45.2,0.163,4,1,1,59.0,51.5,55.9,1,1
VIL_009,20,16.06,-4.3,31.6,51.5,0.397,1,1,0,64.1,63.7,61.9,1,1
VIL_009,21,15.51,-12.3,33.6,45.2,0.261,2,1,0,60.9,58.4,56.9,1,1
VIL_009,22,23.78,59.2,33.7,49.7,0.428,2,2,2,64.3,63.3,62.7,0,1
VIL_009,23,23.14,37.3,35.3,52.6,0.446,0,2,0,61.9,57.2,69.1,1,0
VIL_009,24,52.54,237.3,35.6,55.1,1.0,0,1,2,61.3,56.2,60.3,1,1
VIL_009,25,49.44,237.2,34.9,68.7,1.0,0,11,0,58.1,54.5,55.2,4,1
VIL_009,26,57.1,278.6,36.1,64.9,1.0,1,4,1,56.8,53.2,63.0,1,1
VIL_009,27,66.92,359.0,37.5,63.3,1.0,1,3,0,58.5,51.0,55.9,1,1
VIL_009,28,73.5,378.0,37.1,66.5,1.0,0,3,0,59.2,51.3,63.3,1,1
VIL_009,29,92.43,515.3,36.8,82.8,1.0,0,2,2,60.1,58.7,51.2,1,0
VIL_009,30,105.53,607.5,39.0,86.6,1.0,0,8,1,55.7,46.2,56.5,2,0
VIL_009,31,75.06,388.7,37.2,73.4,1.0,2,2,1,59.1,50.1,60.7,4,1
VIL_009,32,115.62,681.1,36.9,84.4,1.0,3,3,4,61.2,53.5,64.0,3,1
VIL_009,33,106.83,617.3,35.0,83.0,1.0,5,5,1,54.7,47.9,63.6,2,1
VIL_009,34,66.59,327.9,34.7,62.5,1.0,3,7,1,63.3,56.3,59.0,1,1
VIL_009,35,67.54,349.9,33.1,63.3,1.0,3,1,2,55.1,49.8,63.9,1,1
VIL_009,36,71.52,380.7,33.6,66.4,1.0,7,6,2,56.7,45.7,60.6,2,1
VIL_009,37,55.4,263.4,31.5,50.5,1.0,7,3,2,57.8,47.9,57.3,2,1
VIL_009,38,35.17,119.7,30.8,42.4,0.806,7,1,0,58.7,58.9,64.0,0,0
VIL_009,39,34.72,134.3,29.6,40.0,0.627,7,2,1,60.6,50.0,48.1,1,0
VIL_009,40,32.59,139.4,28.2,41.1,0.683,11,1,0,61.3,56.5,56.2,3,0
VIL_009,41,21.08,36.7,30.5,38.4,0.351,9,1,1,63.0,55.9,57.7,1,1
VIL_009,42,11.95,-4.7,25.0,24.6,0.223,1,3,1,58.8,53.0,55.3,1,1
VIL_009,43,11.23,-32.6,23.8,35.7,0.223,3,0,3,61.2,55.3,64.6,0,1
VIL_009,44,10.22,-29.7,24.3,26.7,0.258,2,0,0,60.4,55.1,59.0,0,1
VIL_009,45,10.36,-23.2,21.6,30.7,0.153,2,1,2,54.6,49.3,59.8,1,0
VIL_009,46,7.83,-47.9,21.0,36.4,0.19,2,0,1,58.3,51.5,65.5,1,1
VIL_009,47,5.41,-66.9,19.1,32.4,0.109,1,1,9,52.9,50.0,60.7,0,0
VIL_009,48,8.77,-34.3,20.1,35.1,0.189,0,3,2,57.8,49.2,60.0,0,0
VIL_009,49,6.46,-38.0,19.4,28.9,0.177,0,0,2,62.5,58.5,60.0,0,0
VIL_009,50,3.9,-71.0,17.8,29.2,0.014,2,0,2,62.3,54.9,63.3,0,1
VIL_009,51,6.89,-59.2,18.5,39.8,0.178,2,1,2,66.7,60.2,58.7,2,1
VIL_009,52,6.57,-58.1,15.1,34.7,0.103,1,3,1,55.4,49.8,60.0,0,0
VIL_009,53,3.77,-49.7,16.2,34.9,0.13,1,0,2,59.1,55.8,61.2,0,0
VIL_009,54,6.39,-56.0,16.8,43.3,0.145,0,1,1,63.3,59.6,62.2,0,1
VIL_009,55,7.02,-59.1,15.7,36.7,0.13,2,1,2,59.5,60.7,57.7,2,0
VIL_009,56,11.27,-36.3,15.2,45.3,0.196,0,1,3,58.3,47.9,60.9,1,1
VIL_009,57,5.72,-80.1,17.3,42.7,0.156,3,0,1,60.4,55.6,59.7,0,0
VIL_009,58,5.47,-59.9,19.0,43.4,0.172,1,1,2,58.4,54.7,65.6,0,0
VIL_009,59,6.6,-49.4,20.3,42.9,0.105,1,1,1,55.0,49.9,56.2,1,1
VIL_009,60,5.24,-69.0,18.9,42.8,0.048,1,2,3,68.8,60.9,59.0,4,1
VIL_009,61,7.8,-48.2,21.2,42.8,0.191,2,0,1,66.0,62.2,60.3,3,1
VIL_009,62,6.2,-70.4,22.1,48.9,0.052,1,1,1,59.5,48.2,60.8,3,0
VIL_009,63,8.02,-45.2,23.8,45.7,0.095,2,2,0,58.3,56.0,57.2,1,1
VIL_009,64,8.55,-38.2,23.0,52.9,0.118,1,1,1,53.8,46.2,59.1,1,0
VIL_009,65,9.88,-39.5,22.4,49.0,0.177,3,0,0,57.0,55.2,64.2,4,0
VIL_009,66,6.98,-36.5,25.9,44.3,0.073,2,2,0,53.9,47.9,53.8,2,0
VIL_009,67,14.74,-10.1,25.8,51.3,0.198,2,2,2,57.3,55.2,68.6,0,0
VIL_009,68,8.79,-38.5,27.3,47.5,0.119,1,0,0,53.6,51.5,59.8,2,1
VIL_009,69,8.83,-32.7,29.0,52.8,0.209,4,0,2,63.7,55.6,66.1,1,1
VIL_009,70,11.61,-23.3,30.1,48.2,0.169,3,2,2,56.6,55.9,55.9,0,0
VIL_009,71,14.79,-3.3,31.8,49.5,0.279,1,1,1,58.4,55.2,57.3,3,0
VIL_009,72,19.95,18.7,33.5,58.1,0.496,2,2,1,59.8,52.0,56.9,1,1
VIL_009,73,26.75,91.9,33.2,57.0,0.532,3,1,1,51.5,49.7,58.3,1,1
VIL_009,74,34.68,129.5,35.0,64.7,0.711,0,0,2,63.7,57.3,62.3,1,0
VIL_009,75,33.5,128.7,35.2,61.4,0.623,3,3,2,63.5,56.3,65.4,2,1
VIL_009,76,51.5,250.0,37.0,60.7,1.0,0,2,0,55.3,46.4,64.3,0,0
VIL_009,77,40.11,161.1,36.1,61.4,0.775,1,3,2,54.5,50.0,60.6,0,1
VIL_009,78,45.75,203.0,36.6,65.2,0.904,3,3,1,55.3,46.8,62.3,1,1
VIL_009,79,64.13,340.9,36.5,73.2,1.0,0,3,1,63.1,52.3,54.6,1,0
VIL_009,80,80.22,423.6,36.8,77.9,1.0,3,5,0,67.0,59.4,57.7,1,1
VIL_009,81,94.77,553.1,36.0,83.9,1.0,3,1,1,55.9,50.2,62.5,1,0
VIL_009,82,49.97,225.7,35.7,55.2,0.985,3,5,0,61.3,56.1,62.4,2,1
VIL_009,83,107.95,607.9,37.3,81.0,1.0,1,3,4,62.1,60.0,61.1,1,1
VIL_009,84,91.27,509.8,34.6,73.5,1.0,4,8,0,60.1,48.4,56.8,2,0
VIL_009,85,66.06,362.5,34.8,54.7,1.0,4,7,2,54.2,50.9,61.4,5,0
VIL_009,86,79.91,413.6,35.7,72.8,1.0,0,1,1,58.3,51.1,59.5,1,1
VIL_009,87,82.14,446.2,33.2,66.7,1.0,6,4,3,53.1,49.9,61.0,0,1
VIL_009,88,68.15,359.1,33.7,65.4,1.0,6,5,1,61.6,57.5,55.5,2,1
VIL_009,89,62.2,315.0,30.9,51.8,1.0,7,6,0,52.1,51.6,56.4,0,1
VIL_009,90,34.59,134.4,29.3,46.9,0.612,9,2,0,61.7,59.8,53.2,0,1
VIL_009,91,34.14,120.4,27.5,40.2,0.698,13,1,2,57.9,55.6,65.1,2,1
VIL_009,92,28.11,81.4,29.8,33.9,0.609,5,2,1,55.8,48.6,58.3,0,0
VIL_009,93,28.04,85.5,25.6,45.6,0.604,6,1,2,59.7,53.3,66.6,0,0
VIL_009,94,21.98,35.2,26.7,40.7,0.321,1,2,3,62.3,58.4,62.4,0,1
VIL_009,95,23.6,56.9,23.4,38.3,0.46,0,1,0,58.4,54.8,55.3,1,1
VIL_009,96,9.68,-39.3,25.0,31.1,0.139,2,2,1,60.6,47.6,64.7,3,1
VIL_009,97,7.63,-53.9,25.0,32.3,0.16,3,2,2,58.3,53.5,59.9,3,1
VIL_009,98,8.2,-42.1,19.3,32.4,0.143,0,1,2,61.5,49.7,49.3,1,1
VIL_009,99,9.3,-56.2,19.1,29.8,0.216,1,1,0,53.0,46.3,58.1,0,1
VIL_009,100,6.51,-58.9,20.4,30.9,0.129,0,0,4,56.0,48.6,56.2,2,0
VIL_009,101,6.29,-34.9,19.4,41.3,0.031,0,2,2,52.5,45.2,56.0,0,1
VIL_009,102,7.34,-61.9,19.1,45.8,0.098,1,1,1,57.9,50.3,57.2,2,1
VIL_009,103,5.15,-52.8,17.0,41.4,0.103,0,2,2,62.4,57.3,54.3,1,0
VIL_009,104,11.45,-23.1,19.7,41.4,0.234,0,1,0,55.1,49.9,62.4,0,0
VIL_010,1,5.96,-64.5,14.6,38.4,0.114,0,1,3,62.9,59.9,73.7,0,1
VIL_010,2,6.32,-47.9,18.6,38.3,0.046,2,0,0,65.8,58.7,75.0,1,1
VIL_010,3,4.39,-58.7,18.6,39.9,0.0,1,0,4,62.8,58.3,68.2,0,0
VIL_010,4,5.72,-64.8,17.9,42.2,0.1,0,0,4,61.8,57.4,64.5,1,0
VIL_010,5,13.96,-9.5,16.3,44.1,0.153,2,1,0,60.9,58.2,69.9,1,1
VIL_010,6,6.58,-63.2,16.2,39.1,0.043,0,1,3,57.4,52.1,68.0,2,1
VIL_010,7,5.9,-59.8,18.1,36.4,0.016,0,1,5,56.3,53.3,69.5,1,0
VIL_010,8,6.2,-56.7,20.3,50.7,0.069,0,1,0,54.9,53.9,70.2,1,0
VIL_010,9,4.66,-60.9,20.4,47.5,0.141,1,2,0,57.4,56.0,66.7,3,0
VIL_010,10,10.39,-22.8,20.1,50.5,0.113,1,2,2,64.1,54.9,72.3,1,1
VIL_010,11,4.81,-90.9,23.7,51.8,0.01,1,2,0,65.9,56.9,72.7,2,1
VIL_010,12,8.24,-46.6,25.5,43.8,0.142,0,3,1,51.1,49.9,66.3,0,0
VIL_010,13,5.33,-50.6,24.3,40.6,0.08,2,1,1,58.3,52.2,68.8,0,1
VIL_010,14,5.49,-67.8,25.9,49.3,0.0,1,0,0,57.7,46.3,66.2,1,0
VIL_010,15,6.78,-43.4,25.2,49.5,0.123,1,1,1,62.2,58.4,69.4,1,0
VIL_010,16,5.7,-65.1,27.7,40.6,0.182,2,1,2,57.9,56.5,62.5,2,0
VIL_010,17,10.13,-30.7,30.0,50.9,0.005,2,1,0,64.9,54.7,59.2,1,0
VIL_010,18,9.33,-49.2,31.0,46.9,0.063,1,1,2,57.5,45.8,72.3,1,0
VIL_010,19,10.07,-43.8,31.0,45.0,0.0,1,1,1,66.5,65.3,62.7,0,0
VIL_010,20,15.62,11.4,32.4,49.0,0.205,0,1,0,60.7,58.6,72.4,0,0
VIL_010,21,17.33,24.3,33.1,40.5,0.281,0,1,1,62.0,55.8,70.4,2,0
VIL_010,22,27.62,84.4,34.2,52.1,0.374,1,0,1,60.2,54.9,66.0,0,0
VIL_010,23,28.42,77.2,35.7,51.0,0.448,1,0,1,65.4,57.3,63.0,0,0
VIL_010,24,31.04,107.4,33.5,56.3,0.455,1,0,1,64.7,57.6,66.7,1,0
VIL_010,25,44.93,212.1,36.3,59.2,0.684,0,3,2,61.8,54.2,70.4,2,1
VIL_010,26,61.52,327.5,37.1,69.5,0.878,1,5,0,60.8,54.8,67.8,2,0
VIL_010,27,67.08,344.0,36.2,58.3,0.874,0,4,0,55.8,48.1,65.8,0,0
VIL_010,28,90.72,488.2,36.4,75.8,1.0,1,9,0,61.9,57.8,70.8,1,1
VIL_010,29,110.91,647.8,36.4,90.3,1.0,1,4,0,58.3,53.2,68.7,2,0
VIL_010,30,77.08,411.1,36.1,68.8,1.0,1,4,0,58.3,57.8,70.7,0,1
VIL_010,31,74.84,408.4,36.4,71.2,1.0,3,4,0,58.1,50.1,63.9,1,0
VIL_010,32,72.58,386.7,36.0,58.4,0.963,4,1,1,62.3,59.1,70.1,0,0
VIL_010,33,85.06,458.3,32.7,73.8,1.0,6,2,1,59.1,49.9,70.7,4,1
VIL_010,34,90.17,501.7,35.3,70.0,1.0,5,5,2,60.1,51.0,74.8,0,0
VIL_010,35,73.42,402.6,33.3,60.5,0.932,4,4,1,60.8,54.3,71.7,0,0
VIL_010,36,56.74,276.8,35.0,58.5,0.713,2,4,0,58.0,47.5,73.3,1,0
VIL_010,37,46.83,201.9,30.2,53.7,0.657,7,4,0,62.7,55.4,65.5,4,1
VIL_010,38,44.88,183.3,29.5,51.9,0.528,8,2,3,58.1,54.3,67.9,4,1
VIL_010,39,38.84,151.2,29.1,52.6,0.508,11,3,0,56.5,44.8,69.0,1,0
VIL_010,40,22.87,48.4,28.7,41.5,0.371,4,1,2,52.9,44.5,75.0,0,1
VIL_010,41,10.85,-19.4,24.7,27.3,0.159,5,1,4,60.3,55.6,65.3,1,1
VIL_010,42,14.22,-16.4,24.8,33.0,0.186,3,1,1,59.2,52.9,65.9,1,1
VIL_010,43,12.73,0.4,25.3,30.6,0.168,2,1,0,65.1,59.5,67.7,1,0
VIL_010,44,17.73,4.9,22.3,43.1,0.185,1,1,0,59.0,52.9,66.8,0,0
VIL_010,45,7.91,-23.9,24.0,35.1,0.063,2,0,0,59.2,51.7,64.1,0,1
VIL_010,46,7.21,-34.7,20.8,30.4,0.086,0,0,1,60.9,54.1,64.6,2,1
VIL_010,47,4.77,-66.8,19.3,34.3,0.077,1,0,1,58.7,50.3,67.8,1,0
VIL_010,48,6.43,-73.6,20.2,27.6,0.133,1,0,1,54.2,49.5,72.3,0,0
VIL_010,49,7.48,-50.7,20.7,35.1,0.104,2,2,1,61.0,54.8,65.2,6,1
VIL_010,50,7.19,-56.0,18.6,31.3,0.163,0,0,0,62.2,57.8,69.4,0,0
VIL_010,51,5.02,-79.3,19.2,28.4,0.147,0,1,2,58.7,55.4,69.9,1,1
VIL_010,52,7.3,-48.5,19.3,40.6,0.137,0,1,1,60.3,54.2,71.8,2,1
VIL_010,53,6.78,-63.0,16.0,42.0,0.152,0,0,3,62.8,52.8,73.1,0,1
VIL_010,54,6.57,-63.4,18.1,41.3,0.038,2,2,2,65.5,58.7,66.7,0,1
VIL_010,55,6.01,-62.0,15.2,39.7,0.023,1,2,2,63.4,52.4,74.5,1,0
VIL_010,56,4.83,-73.6,17.8,35.9,0.09,0,0,0,58.8,54.2,67.8,0,0
VIL_010,57,13.59,11.4,17.6,41.8,0.114,1,1,2,62.9,57.0,61.0,1,1
VIL_010,58,10.39,-36.1,19.6,42.0,0.124,1,1,1,58.3,56.6,78.8,0,0
VIL_010,59,8.19,-41.0,20.2,44.8,0.148,1,0,1,58.6,55.5,69.1,3,0
VIL_010,60,8.81,-39.8,20.2,51.2,0.188,1,0,2,58.5,52.2,67.8,0,0
VIL_010,61,6.87,-50.7,20.7,50.9,0.079,0,1,1,58.6,51.9,71.7,2,1
VIL_010,62,9.01,-35.6,21.9,41.8,0.088,1,2,1,58.0,57.1,65.8,0,0
VIL_010,63,6.76,-46.1,22.4,45.0,0.106,0,0,1,60.8,58.7,74.2,1,0
VIL_010,64,6.18,-56.1,23.4,44.9,0.029,0,0,0,61.3,58.9,67.1,0,0
VIL_010,65,7.61,-47.0,26.3,38.6,0.093,1,1,0,60.8,55.0,58.6,1,0
VIL_010,66,7.33,-50.5,27.7,50.9,0.097,1,0,0,56.6,46.1,61.7,1,0
VIL_010,67,6.32,-59.2,26.8,47.1,0.083,3,0,0,61.8,58.2,68.9,0,0
VIL_010,68,9.56,-45.4,28.5,49.0,0.132,1,2,1,58.9,49.1,64.3,1,0
VIL_010,69,7.83,-48.4,29.5,53.6,0.063,0,1,1,60.8,60.1,75.4,0,1
VIL_010,70,12.62,-13.5,28.6,50.5,0.132,2,1,1,57.9,52.2,66.3,0,0
VIL_010,71,13.94,-3.0,31.2,48.5,0.149,0,1,1,60.9,58.2,69.7,5,1
VIL_010,72,20.94,41.4,34.6,55.2,0.198,1,0,2,56.2,47.5,71.6,1,0
VIL_010,73,30.19,98.9,32.7,61.0,0.42,0,2,1,56.6,49.4,65.7,0,1
VIL_010,74,30.34,101.7,37.0,57.0,0.449,1,1,0,56.1,48.6,75.1,0,1
VIL_010,75,36.49,137.7,36.6,60.6,0.526,0,3,0,62.3,55.1,66.4,0,0
VIL_010,76,47.54,220.1,36.3,61.7,0.621,0,1,0,63.4,56.6,75.3,1,0
VIL_010,77,52.22,245.9,37.0,63.2,0.656,0,0,0,54.2,46.1,71.0,0,1
VIL_010,78,46.86,214.2,35.6,60.1,0.662,0,1,0,65.1,60.2,72.2,3,1
VIL_010,79,86.72,488.2,36.6,75.3,1.0,1,1,2,56.5,54.4,65.2,2,1
VIL_010,80,86.47,469.4,38.7,74.8,1.0,2,7,1,56.8,50.4,68.8,1,1
VIL_010,81,69.95,372.3,36.2,73.1,1.0,0,2,0,68.1,56.5,70.6,1,1
VIL_010,82,63.83,325.9,38.0,71.4,0.85,0,2,1,57.5,55.0,71.2,0,0
VIL_010,83,59.53,317.1,34.7,66.5,0.781,5,1,2,59.7,53.7,68.3,1,1
VIL_010,84,104.79,596.4,34.4,76.4,1.0,4,2,1,64.6,58.4,58.8,0,0
VIL_010,85,77.8,425.6,37.5,61.6,0.959,0,6,2,63.1,59.5,69.3,3,1
VIL_010,86,76.3,408.8,34.5,60.9,1.0,2,2,0,61.9,54.6,68.4,3,0
VIL_010,87,76.06,393.2,33.0,65.3,1.0,5,5,0,59.3,56.0,67.1,2,1
VIL_010,88,57.2,276.1,34.3,43.5,0.788,3,3,0,59.7,56.8,72.5,1,0
VIL_010,89,57.94,295.1,33.1,52.3,0.865,6,4,0,58.4,45.7,57.8,2,0
VIL_010,90,55.84,267.9,31.7,58.8,0.725,7,0,0,61.2,52.3,68.4,2,1
VIL_010,91,35.53,114.7,28.7,46.8,0.357,7,1,0,58.9,53.8,65.8,1,0
VIL_010,92,26.35,75.4,27.9,36.1,0.375,7,3,1,60.1,55.2,67.7,1,0
VIL_010,93,21.75,34.1,27.4,34.2,0.298,5,0,2,56.8,49.7,72.2,0,0
VIL_010,94,21.17,42.5,26.6,38.1,0.246,4,1,1,60.0,53.7,63.1,1,0
VIL_010,95,12.69,0.1,24.0,35.7,0.189,4,2,0,60.5,58.2,70.4,0,1
VIL_010,96,13.03,-5.5,23.7,30.5,0.213,4,1,1,58.2,50.7,70.9,0,1
VIL_010,97,11.69,-6.7,22.7,31.7,0.109,1,2,1,59.5,52.1,69.9,3,1
VIL_010,98,14.4,-9.6,22.9,32.5,0.177,2,1,1,56.1,47.1,65.3,0,0
VIL_010,99,14.04,-7.8,21.3,30.1,0.261,1,0,2,58.5,50.6,78.2,2,1
VIL_010,100,9.08,-49.9,17.7,33.0,0.085,0,1,1,65.7,60.9,75.0,0,0
VIL_010,101,5.67,-69.0,18.5,32.0,0.079,0,1,0,54.7,49.4,69.5,2,0
VIL_010,102,5.94,-69.7,17.0,29.4,0.0,0,1,0,56.8,50.3,66.0,1,0
VIL_010,103,15.61,-9.0,18.3,43.0,0.134,1,1,3,61.5,50.2,67.0,0,0
VIL_010,104,4.8,-54.4,18.4,38.1,0.072,0,1,1,61.2,61.1,64.2,0,1
VIL_011,1,12.03,-19.2,19.6,37.4,0.142,2,2,5,56.1,55.0,63.3,7,0
VIL_011,2,5.92,-63.1,16.4,40.7,0.056,2,4,5,60.2,53.0,74.3,4,0
VIL_011,3,8.23,-37.3,16.3,40.4,0.043,1,2,7,62.7,54.2,66.3,1,1
VIL_011,4,6.02,-61.3,17.5,38.8,0.033,2,4,4,51.4,54.7,65.0,2,1
VIL_011,5,7.5,-61.9,17.1,46.5,0.149,3,2,8,62.7,57.9,72.1,4,0
VIL_011,6,6.11,-42.6,17.2,40.6,0.107,3,0,5,60.1,55.8,70.4,2,1
VIL_011,7,6.11,-54.9,18.2,42.9,0.095,1,1,5,58.4,52.9,65.4,3,1
VIL_011,8,5.73,-64.3,21.2,45.6,0.01,1,2,3,54.5,52.4,64.8,3,0
VIL_011,9,15.82,7.1,20.2,56.6,0.216,3,3,6,57.1,53.2,63.4,0,1
VIL_011,10,14.42,0.9,19.7,51.8,0.077,3,1,4,54.7,45.5,66.1,4,0
VIL_011,11,6.32,-72.2,20.5,49.6,0.126,1,2,7,61.2,53.6,66.7,5,1
VIL_011,12,6.86,-52.7,26.1,47.0,0.104,7,3,1,56.0,51.8,63.1,1,1
VIL_011,13,5.89,-65.2,24.3,47.6,0.011,4,2,2,60.8,53.2,71.7,5,0
VIL_011,14,6.38,-52.4,26.3,48.0,0.166,7,0,3,61.2,54.9,70.5,4,1
VIL_011,15,4.75,-75.8,26.1,48.5,0.0,4,2,1,55.0,46.1,69.6,0,1
VIL_011,16,16.75,5.6,28.6,51.9,0.25,4,3,2,59.6,57.1,72.0,2,1
VIL_011,17,7.92,-30.6,31.1,53.7,0.133,2,0,5,63.0,55.5,63.1,0,0
VIL_011,18,6.91,-41.6,29.8,45.8,0.03,2,2,1,56.6,46.9,76.3,3,0
VIL_011,19,8.45,-76.6,32.2,40.6,0.111,1,2,2,58.3,48.4,67.5,1,1
VIL_011,20,10.78,-16.6,31.0,58.8,0.062,3,2,1,64.3,60.7,65.4,4,0
VIL_011,21,18.28,21.1,36.1,49.5,0.101,2,4,0,60.7,53.1,63.2,2,0
VIL_011,22,22.62,43.7,34.8,57.2,0.248,1,2,2,63.1,52.8,64.8,3,0
VIL_011,23,24.54,53.5,34.7,57.5,0.296,2,3,2,66.8,58.8,68.3,3,0
VIL_011,24,35.29,125.8,35.5,60.0,0.503,3,4,4,60.3,59.3,72.1,3,0
VIL_011,25,37.65,144.2,35.7,55.4,0.505,2,4,2,58.9,53.8,65.7,3,0
VIL_011,26,61.7,300.1,36.2,68.2,0.827,2,12,2,57.8,47.9,58.8,0,0
VIL_011,27,70.59,357.0,34.0,65.2,0.89,6,3,1,60.7,49.5,74.3,1,1
VIL_011,28,72.13,370.4,36.9,77.8,0.935,5,5,4,61.3,57.5,60.9,2,0
VIL_011,29,70.17,371.0,36.8,64.3,0.889,3,6,3,56.8,47.3,69.2,0,1
VIL_011,30,85.2,468.5,37.3,73.0,1.0,3,7,2,58.8,54.5,75.6,0,1
VIL_011,31,85.69,476.8,35.7,73.6,1.0,8,8,3,65.1,51.9,67.4,5,0
VIL_011,32,93.21,520.8,34.9,75.5,1.0,16,9,4,58.4,58.3,67.7,3,1
VIL_011,33,87.94,473.2,35.2,69.7,1.0,6,6,4,54.3,54.7,62.4,4,0
VIL_011,34,88.75,496.6,32.6,77.5,1.0,17,7,5,63.2,55.1,69.6,1,1
VIL_011,35,62.55,306.9,33.8,61.8,0.869,17,11,3,65.6,55.2,74.8,6,0
VIL_011,36,41.33,182.0,30.4,48.1,0.526,21,6,1,52.7,42.4,67.6,4,0
VIL_011,37,55.56,258.7,33.0,51.8,0.674,18,6,4,61.8,53.1,65.8,3,1
VIL_011,38,32.15,107.5,31.4,45.6,0.457,16,5,5,54.8,51.8,65.9,4,0
VIL_011,39,25.92,69.2,28.3,36.2,0.359,22,4,4,60.3,50.4,63.8,1,1
VIL_011,40,21.88,52.6,29.0,42.2,0.308,10,2,1,59.5,59.8,67.6,6,1
VIL_011,41,19.19,29.7,27.1,35.1,0.287,13,3,0,59.0,56.7,70.7,5,1
VIL_011,42,13.0,-13.1,24.6,36.7,0.196,10,1,4,63.2,58.5,66.8,5,0
VIL_011,43,9.22,-19.7,22.2,29.8,0.124,2,1,4,54.4,50.2,66.2,2,0
VIL_011,44,9.53,-54.9,23.8,31.2,0.247,4,0,2,61.4,60.2,65.0,2,0
VIL_011,45,9.29,-48.4,21.4,36.3,0.06,2,4,2,56.8,50.5,67.9,2,1
VIL_011,46,6.43,-67.9,22.6,39.5,0.056,1,0,3,57.9,49.9,65.0,2,0
VIL_011,47,5.58,-80.5,20.4,37.4,0.123,0,1,7,60.0,52.7,67.7,1,0
VIL_011,48,5.86,-68.1,18.7,35.8,0.085,4,2,8,56.6,48.7,62.9,1,1
VIL_011,49,5.13,-58.9,20.9,35.3,0.106,3,1,6,60.6,56.6,67.1,4,0
VIL_011,50,11.56,-28.8,18.8,35.2,0.163,1,6,4,58.9,49.0,63.4,3,0
VIL_011,51,7.58,-52.8,13.3,37.6,0.17,1,0,3,62.0,55.2,66.1,4,0
VIL_011,52,5.32,-81.7,16.7,32.8,0.021,1,2,6,58.4,47.5,67.0,2,1
VIL_011,53,7.83,-55.7,15.4,40.4,0.172,1,1,10,56.4,51.6,73.6,3,0
VIL_011,54,5.46,-68.2,16.0,40.7,0.131,1,2,8,56.7,49.5,67.7,1,0
VIL_011,55,7.37,-44.5,16.9,33.2,0.038,1,5,4,63.9,55.4,69.3,1,0
VIL_011,56,4.79,-84.8,17.7,41.1,0.095,0,3,6,59.6,50.7,61.2,5,0
VIL_011,57,7.3,-55.9,18.0,45.0,0.095,2,3,6,56.4,50.6,71.0,1,1
VIL_011,58,8.02,-35.7,19.4,44.4,0.077,1,1,3,58.1,48.8,62.6,1,0
VIL_011,59,7.27,-56.0,19.5,46.7,0.002,3,1,10,65.0,61.6,65.5,0,0
VIL_011,60,5.42,-85.0,20.2,39.8,0.022,1,3,4,56.4,50.9,70.4,3,0
VIL_011,61,5.3,-51.9,20.6,42.8,0.106,4,2,4,54.5,48.5,74.5,3,0
VIL_011,62,5.02,-59.2,22.9,50.5,0.108,9,1,5,57.4,45.9,73.6,1,1
VIL_011,63,5.83,-52.4,22.0,47.3,0.067,1,3,5,60.4,54.4,74.9,1,0
VIL_011,64,7.07,-70.3,23.1,49.6,0.135,0,0,8,63.9,64.2,67.1,1,0
VIL_011,65,9.79,-19.6,22.3,47.6,0.178,3,2,3,56.8,51.2,63.1,2,0
VIL_011,66,9.6,-43.7,27.1,49.9,0.136,4,0,3,63.1,53.5,64.6,4,1
VIL_011,67,7.0,-58.5,26.9,39.2,0.057,7,1,4,61.6,54.2,62.4,2,0
VIL_011,68,6.62,-62.9,31.7,51.4,0.11,3,4,2,59.6,48.8,66.4,2,0
VIL_011,69,9.56,-26.8,28.9,56.4,0.152,7,3,5,61.7,54.3,64.2,1,0
VIL_011,70,14.9,-2.5,30.7,47.0,0.232,7,2,1,55.5,47.2,62.4,2,0
VIL_011,71,18.46,27.9,32.3,48.7,0.289,7,3,2,56.9,55.5,65.0,1,0
VIL_011,72,19.7,32.1,31.4,54.1,0.195,1,5,1,65.8,62.9,69.2,3,1
VIL_011,73,27.22,80.5,34.1,61.1,0.337,1,4,3,55.5,47.7,65.3,5,1
VIL_011,74,31.35,99.6,34.5,56.3,0.323,4,4,1,58.7,55.3,68.3,2,0
VIL_011,75,36.41,160.9,34.9,52.9,0.523,5,6,1,58.0,56.7,74.2,3,1
VIL_011,76,29.06,79.1,37.3,52.2,0.377,1,3,3,60.1,53.3,62.2,0,0
VIL_011,77,59.59,301.4,35.3,63.1,0.816,3,5,3,60.7,54.6,73.7,1,1
VIL_011,78,56.86,282.8,37.0,62.0,0.684,3,8,3,53.1,47.7,74.8,2,0
VIL_011,79,65.62,349.0,38.7,66.6,0.945,2,8,2,56.9,56.1,74.4,3,1
VIL_011,80,75.57,417.7,36.2,67.9,0.948,6,9,2,58.8,57.4,72.6,1,1
VIL_011,81,82.29,447.2,36.6,70.6,1.0,3,13,2,62.8,52.9,74.3,2,1
VIL_011,82,80.52,442.1,39.5,72.0,1.0,2,8,2,61.4,58.1,69.9,2,1
VIL_011,83,90.76,522.7,36.9,76.6,1.0,2,9,4,58.9,53.6,70.0,0,0
VIL_011,84,83.05,453.0,35.2,65.1,1.0,7,12,5,61.2,61.0,75.3,2,0
VIL_011,85,88.5,479.4,36.2,74.2,1.0,8,8,1,54.0,49.2,69.0,4,1
VIL_011,86,68.09,350.1,33.8,60.0,0.973,9,7,0,58.0,45.9,66.1,6,0
VIL_011,87,68.95,346.6,31.8,64.1,0.92,27,8,3,61.5,52.9,69.3,2,0
VIL_011,88,51.29,245.7,34.3,54.9,0.62,10,5,4,57.3,56.2,71.0,3,0
VIL_011,89,55.73,282.2,30.3,51.3,0.724,27,4,3,59.3,55.2,70.6,2,0
VIL_011,90,45.69,203.4,33.5,50.6,0.616,10,3,0,59.6,58.2,67.2,2,0
VIL_011,91,32.06,97.5,28.8,37.8,0.472,13,1,2,56.2,45.1,66.4,3,0
VIL_011,92,24.14,71.1,30.8,42.4,0.292,12,1,6,62.4,55.3,75.9,2,1
VIL_011,93,23.93,41.8,25.4,33.8,0.292,16,5,2,63.1,57.6,74.3,0,0
VIL_011,94,13.29,-26.8,27.0,33.3,0.178,11,6,4,64.5,51.7,67.2,0,0
VIL_011,95,19.91,30.9,25.2,34.9,0.309,8,1,3,51.9,48.4,67.2,5,1
VIL_011,96,16.29,11.1,24.5,30.2,0.149,3,2,3,55.3,52.1,65.2,4,1
VIL_011,97,9.1,-35.1,23.5,34.9,0.147,4,7,2,60.7,50.5,73.9,3,1
VIL_011,98,6.64,-56.4,20.7,28.4,0.065,2,1,3,61.6,57.1,69.7,4,0
VIL_011,99,6.7,-37.8,18.8,24.9,0.073,3,3,3,68.3,59.9,73.2,2,0
VIL_011,100,6.25,-57.7,19.5,20.9,0.183,2,3,6,55.4,48.9,63.4,2,0
VIL_011,101,5.19,-55.0,19.0,29.4,0.059,4,1,8,57.9,52.0,69.6,1,0
VIL_011,102,7.23,-43.9,17.6,40.6,0.134,5,2,8,60.0,58.7,72.7,1,1
VIL_011,103,5.74,-74.7,18.0,40.5,0.112,2,5,6,56.5,50.4,66.7,2,1
VIL_011,104,6.16,-60.6,17.7,34.0,0.023,0,2,6,59.5,53.7,74.9,3,1
VIL_012,1,4.81,-72.6,15.5,35.1,0.148,1,3,9,59.1,52.5,60.1,7,1
VIL_012,2,3.43,-71.1,16.5,43.1,0.028,1,1,15,64.2,51.8,66.0,3,1
VIL_012,3,6.34,-73.9,18.0,43.5,0.1,2,5,4,58.0,51.2,64.0,0,0
VIL_012,4,6.84,-67.9,14.8,37.7,0.162,1,3,9,56.3,53.9,62.0,6,0
VIL_012,5,7.2,-51.9,18.6,45.0,0.16,2,1,3,65.6,63.1,57.5,0,1
VIL_012,6,5.38,-54.6,17.7,41.8,0.112,0,3,8,58.8,49.8,52.3,7,0
VIL_012,7,8.6,-29.6,18.5,43.2,0.104,1,1,4,57.8,56.3,59.0,3,1
VIL_012,8,9.4,-39.5,19.8,41.2,0.193,2,2,4,63.0,54.4,58.9,2,1
VIL_012,9,5.87,-50.3,20.7,50.1,0.165,0,4,4,60.9,56.7,56.7,5,1
VIL_012,10,6.62,-55.1,20.5,41.7,0.106,3,3,3,55.3,54.4,54.9,4,0
VIL_012,11,10.05,-48.3,23.1,49.2,0.267,3,3,2,52.6,50.0,53.6,3,1
VIL_012,12,7.96,-47.0,20.7,44.9,0.116,2,0,6,56.5,51.5,61.2,3,1
VIL_012,13,8.09,-52.2,24.1,52.1,0.162,4,3,1,57.9,56.6,58.4,2,0
VIL_012,14,8.3,-35.5,26.0,47.8,0.243,5,3,3,61.0,61.7,59.1,1,0
VIL_012,15,6.69,-55.6,26.6,47.7,0.1,8,1,2,54.7,50.3,57.5,1,1
VIL_012,16,6.59,-68.9,26.0,47.6,0.184,8,2,2,58.1,53.9,60.4,6,0
VIL_012,17,7.45,-65.3,30.3,49.3,0.248,1,1,3,61.0,53.5,57.6,2,0
VIL_012,18,8.65,-42.6,29.0,48.2,0.182,11,2,1,54.7,47.4,61.1,4,1
VIL_012,19,11.76,-45.8,31.6,48.9,0.209,2,3,2,67.9,65.2,58.6,4,1
VIL_012,20,12.17,-24.0,32.9,46.5,0.205,2,5,2,64.5,57.5,64.6,2,0
VIL_012,21,17.14,16.6,33.7,43.9,0.408,0,2,1,64.2,62.2,62.8,5,0
VIL_012,22,26.67,67.2,35.9,49.5,0.597,3,9,2,59.7,49.0,62.4,3,1
VIL_012,23,34.54,140.2,35.2,59.8,0.763,3,6,1,60.4,53.9,61.1,3,1
VIL_012,24,38.44,168.2,36.4,56.5,0.767,1,6,1,55.3,54.4,60.2,1,1
VIL_012,25,44.35,185.5,36.3,56.9,0.939,3,4,0,59.7,52.0,56.8,3,1
VIL_012,26,43.59,187.6,37.4,52.4,0.869,4,6,3,57.6,48.0,65.6,1,0
VIL_012,27,70.3,378.6,38.6,63.3,1.0,2,5,3,60.2,50.1,57.6,0,0
VIL_012,28,63.87,325.8,37.2,62.9,1.0,1,8,2,54.3,50.5,61.0,1,1
VIL_012,29,66.39,328.7,37.9,69.4,1.0,4,7,1,59.2,53.2,58.8,2,1
VIL_012,30,88.37,487.7,38.5,73.4,1.0,3,7,1,54.9,50.9,58.4,4,0
VIL_012,31,82.78,443.3,38.0,73.3,1.0,3,4,4,63.7,63.2,63.8,1,0
VIL_012,32,93.63,535.3,35.4,73.7,1.0,7,4,5,59.3,54.2,56.3,3,0
VIL_012,33,81.97,452.6,36.5,71.9,1.0,6,10,1,51.9,50.7,63.4,3,1
VIL_012,34,70.35,365.9,34.8,61.3,1.0,14,6,1,54.8,46.8,60.3,2,0
VIL_012,35,54.78,266.6,35.0,49.2,1.0,4,9,3,60.9,59.2,55.4,5,0
VIL_012,36,50.03,220.4,33.4,50.1,0.971,18,2,2,54.5,49.8,60.1,2,0
VIL_012,37,45.42,195.2,32.0,55.7,0.943,18,7,3,59.3,53.7,61.7,2,1
VIL_012,38,30.23,117.1,31.1,47.6,0.565,14,1,2,60.6,53.9,57.3,5,1
VIL_012,39,27.39,83.2,29.7,40.7,0.586,17,2,4,64.2,58.0,62.1,3,0
VIL_012,40,20.46,45.7,28.6,34.7,0.401,14,0,6,50.4,41.9,56.5,6,0
VIL_012,41,16.52,12.5,26.8,34.5,0.284,11,2,1,58.8,50.2,62.0,3,1
VIL_012,42,13.77,5.0,25.5,33.4,0.279,8,3,2,60.6,50.5,55.0,2,0
VIL_012,43,8.85,-61.0,26.7,29.9,0.08,8,1,2,60.5,49.6,63.2,2,1
VIL_012,44,9.21,-40.5,24.0,32.5,0.156,12,2,4,57.5,51.0,64.6,5,1
VIL_012,45,5.98,-43.7,21.7,30.6,0.136,10,2,6,62.3,60.3,53.9,2,1
VIL_012,46,7.62,-39.6,21.0,30.1,0.064,2,2,5,64.8,58.1,61.5,2,1
VIL_012,47,7.84,-34.5,21.6,27.5,0.028,4,2,5,62.9,50.5,62.2,3,0
VIL_012,48,12.0,-20.0,18.6,33.5,0.123,2,1,8,56.9,50.4,62.2,1,1
VIL_012,49,8.38,-49.5,17.0,37.7,0.234,1,1,9,52.3,46.8,54.7,2,1
VIL_012,50,8.66,-52.5,16.5,35.7,0.169,0,3,4,54.0,51.6,61.9,2,1
VIL_012,51,7.11,-63.5,15.6,37.4,0.116,2,1,6,58.9,52.4,63.0,3,0
VIL_012,52,9.21,-30.5,15.7,37.3,0.231,3,1,7,54.2,47.1,53.8,6,0
VIL_012,53,4.93,-62.0,15.7,33.2,0.078,1,2,6,60.9,57.0,52.0,4,1
VIL_012,54,4.78,-68.8,18.7,37.6,0.109,2,3,3,57.7,49.2,56.3,2,0
VIL_012,55,7.88,-42.4,17.0,37.2,0.159,1,1,6,60.5,52.4,59.9,2,1
VIL_012,56,4.94,-65.7,16.9,36.7,0.075,3,5,5,59.4,52.6,59.4,4,1
VIL_012,57,10.79,-18.5,15.9,49.9,0.23,2,2,6,60.3,57.8,59.1,1,1
VIL_012,58,5.44,-54.2,18.0,41.7,0.147,2,4,7,60.8,52.9,58.9,0,0
VIL_012,59,6.09,-70.1,16.7,41.7,0.112,5,4,4,59.4,53.2,61.8,3,0
VIL_012,60,7.25,-48.9,19.1,52.6,0.122,1,3,8,61.4,52.5,53.1,1,0
VIL_012,61,5.16,-82.3,22.8,49.1,0.086,1,1,8,61.5,53.1,59.2,2,1
VIL_012,62,12.08,-18.2,22.1,48.4,0.127,2,2,5,58.5,57.6,65.5,0,1
VIL_012,63,12.74,-9.0,22.1,52.4,0.269,3,0,5,55.7,53.0,55.9,1,1
VIL_012,64,7.01,-66.4,24.3,47.3,0.08,5,4,4,56.7,54.0,58.0,2,1
VIL_012,65,4.98,-70.9,24.0,44.6,0.131,6,0,1,59.4,56.4,59.4,3,1
VIL_012,66,7.86,-47.5,24.8,50.8,0.153,8,4,2,49.4,48.6,60.6,2,0
VIL_012,67,7.11,-50.3,29.0,47.2,0.147,5,1,1,60.1,53.5,53.3,2,1
VIL_012,68,10.93,-29.9,26.8,50.5,0.254,5,2,3,62.0,49.8,58.7,3,1
VIL_012,69,8.49,-55.1,29.0,52.7,0.123,2,2,1,60.8,54.0,64.4,5,1
VIL_012,70,10.76,-28.8,30.9,52.9,0.234,4,1,3,65.2,64.1,62.5,4,0
VIL_012,71,11.83,-37.6,30.5,46.9,0.25,4,2,2,60.0,60.2,50.3,3,1
VIL_012,72,17.42,13.8,33.5,53.1,0.339,2,3,6,62.9,57.5,63.9,0,0
VIL_012,73,26.85,74.6,33.3,50.5,0.491,4,3,1,53.3,48.1,62.9,1,1
VIL_012,74,23.84,57.6,35.3,54.4,0.507,1,8,2,60.7,56.4,57.7,3,1
VIL_012,75,40.63,165.3,35.9,60.6,0.848,2,3,0,51.7,47.8,64.3,5,0
VIL_012,76,52.79,236.9,35.6,66.5,1.0,3,6,4,57.1,55.7,54.7,5,1
VIL_012,77,60.1,297.0,38.4,66.3,1.0,3,7,2,60.0,56.0,57.2,1,0
VIL_012,78,65.16,343.7,35.9,77.1,1.0,7,3,2,60.2,54.4,54.5,6,1
VIL_012,79,41.81,191.3,38.5,52.3,0.833,2,5,1,62.7,56.9,54.8,4,1
VIL_012,80,83.51,481.1,38.4,79.4,1.0,2,6,4,55.9,50.2,60.1,3,1
VIL_012,81,80.61,454.3,39.1,68.8,1.0,1,7,1,59.1,50.3,57.1,2,1
VIL_012,82,93.7,512.7,36.9,80.3,1.0,3,5,0,60.3,59.5,59.0,2,1
VIL_012,83,73.38,385.1,35.4,69.3,1.0,7,10,3,60.3,58.6,54.7,1,1
VIL_012,84,97.01,546.5,38.3,78.0,1.0,2,4,0,56.8,52.5,62.4,1,1
VIL_012,85,68.66,356.9,34.8,60.7,1.0,12,5,3,60.3,49.2,53.1,2,1
VIL_012,86,85.68,471.9,33.5,70.9,1.0,18,2,2,59.8,52.3,63.4,4,1
VIL_012,87,80.98,463.9,33.4,68.3,1.0,16,1,6,62.0,55.4,64.2,0,0
VIL_012,88,57.21,270.6,31.5,61.9,1.0,24,5,6,60.3,51.4,53.9,4,0
VIL_012,89,63.56,316.6,32.3,53.9,1.0,14,3,5,54.2,53.3,58.8,1,1
VIL_012,90,44.46,212.8,29.8,45.3,0.862,30,2,2,56.1,47.2,55.9,3,0
VIL_012,91,40.01,160.6,29.0,46.2,0.825,30,7,5,60.4,56.7,61.5,1,1
VIL_012,92,25.2,71.9,29.4,36.6,0.46,14,5,2,55.2,49.3,60.0,3,1
VIL_012,93,25.67,81.5,27.7,37.5,0.518,14,1,1,62.2,55.8,63.1,4,0
VIL_012,94,18.87,30.7,25.8,39.0,0.337,19,4,5,63.0,56.7,62.5,2,0
VIL_012,95,14.14,-3.8,24.8,21.4,0.253,6,4,4,58.6,48.8,54.4,5,0
VIL_012,96,17.71,27.5,23.5,32.6,0.369,8,4,4,55.7,53.3,54.9,4,1
VIL_012,97,7.94,-56.0,21.8,23.8,0.17,2,3,2,57.0,56.9,57.5,1,0
VIL_012,98,6.67,-60.5,21.3,26.1,0.113,3,2,4,54.4,54.6,65.4,1,1
VIL_012,99,13.49,-4.7,21.0,44.7,0.256,2,1,4,59.0,53.4,56.3,4,0
VIL_012,100,7.2,-72.7,19.4,35.3,0.071,3,1,5,56.4,51.7,63.8,3,0
VIL_012,101,7.76,-34.1,19.3,38.0,0.225,0,1,7,62.3,52.8,62.2,4,1
VIL_012,102,5.93,-57.4,17.1,34.1,0.153,2,2,6,57.6,53.2,55.1,4,1
VIL_012,103,6.29,-56.5,16.9,38.8,0.158,1,3,3,58.7,54.2,54.9,1,1
VIL_012,104,7.34,-67.4,16.4,30.4,0.067,2,2,7,57.4,49.7,58.0,5,0
VIL_013,1,7.74,-52.8,19.3,34.7,0.116,2,3,8,63.1,58.5,64.0,3,0
VIL_013,2,9.33,-42.1,18.2,41.1,0.084,0,5,8,62.8,60.9,73.6,1,0
VIL_013,3,5.93,-69.5,16.9,43.3,0.191,2,3,11,62.8,51.8,70.1,5,1
VIL_013,4,5.0,-67.1,16.8,38.3,0.039,2,2,8,59.5,57.0,78.2,3,0
VIL_013,5,10.13,-48.0,16.8,44.7,0.186,3,1,8,65.9,61.9,72.8,4,0
VIL_013,6,9.41,-25.9,17.6,43.2,0.202,5,3,7,68.1,64.2,72.2,4,1
VIL_013,7,5.56,-59.1,16.9,52.2,0.116,3,1,10,64.5,62.9,67.5,3,1
VIL_013,8,6.0,-47.1,18.1,46.7,0.055,4,5,8,63.0,55.6,77.0,1,0
VIL_013,9,7.93,-45.5,21.2,47.6,0.077,3,2,3,63.5,53.5,70.1,1,0
VIL_013,10,5.49,-63.8,23.2,44.7,0.22,3,5,2,65.3,56.5,71.2,2,1
VIL_013,11,6.53,-55.2,22.4,51.2,0.186,5,0,4,63.5,55.7,74.4,4,0
VIL_013,12,6.24,-65.4,22.6,47.8,0.098,2,1,5,59.1,49.3,68.5,3,1
VIL_013,13,7.57,-62.0,20.5,48.5,0.084,3,2,5,62.8,55.0,69.4,1,1
VIL_013,14,5.38,-74.0,27.8,47.4,0.028,4,3,5,65.8,59.0,71.2,4,0
VIL_013,15,8.52,-47.5,25.4,44.8,0.083,6,2,6,60.0,55.5,73.8,2,0
VIL_013,16,8.55,-51.8,26.4,55.0,0.149,6,2,3,61.4,58.3,79.0,4,0
VIL_013,17,9.05,-26.2,29.0,52.6,0.236,3,4,7,65.8,59.3,67.3,3,0
VIL_013,18,10.09,-39.8,30.5,48.9,0.129,4,2,6,64.8,63.2,68.5,2,1
VIL_013,19,13.57,-5.6,31.7,49.6,0.241,4,1,4,61.8,63.5,71.6,3,0
VIL_013,20,15.71,10.5,31.7,46.8,0.254,3,2,1,55.4,48.8,71.3,7,0
VIL_013,21,22.88,64.9,34.1,47.2,0.29,3,7,3,60.7,56.6,68.6,5,0
VIL_013,22,20.39,42.8,33.9,47.4,0.322,5,3,4,60.9,56.3,71.5,2,1
VIL_013,23,28.66,89.3,34.6,58.6,0.434,3,7,4,59.5,48.9,69.4,5,0
VIL_013,24,50.75,255.4,35.5,62.4,0.723,3,6,5,60.4,54.9,73.9,1,1
VIL_013,25,53.27,242.7,35.5,68.4,0.69,1,9,6,60.7,52.7,65.0,3,0
VIL_013,26,54.43,253.4,35.2,63.3,0.762,3,8,6,63.9,53.5,66.8,1,1
VIL_013,27,74.58,399.4,35.5,68.8,1.0,6,12,4,63.4,58.0,70.3,2,0
VIL_013,28,73.32,389.7,35.7,67.5,1.0,3,22,1,64.8,61.0,73.3,1,0
VIL_013,29,83.58,465.4,37.5,75.4,1.0,5,12,2,61.6,56.9,74.9,5,0
VIL_013,30,79.94,434.5,37.2,64.9,1.0,3,20,2,58.0,57.6,68.1,6,0
VIL_013,31,58.99,297.0,36.0,56.8,0.84,7,15,2,62.6,55.7,72.2,3,0
VIL_013,32,73.36,399.0,35.6,64.2,1.0,7,10,3,63.7,60.3,67.4,2,0
VIL_013,33,69.8,366.8,36.6,66.6,0.908,3,14,4,65.2,61.8,69.5,2,0
VIL_013,34,81.0,446.8,35.1,69.1,1.0,16,11,0,62.1,60.9,73.9,1,0
VIL_013,35,72.26,374.2,35.5,63.6,1.0,7,14,4,64.2,59.3,71.3,2,1
VIL_013,36,67.17,340.9,32.0,61.6,0.872,26,13,5,62.8,49.2,67.1,5,0
VIL_013,37,38.64,166.4,30.2,49.1,0.478,26,5,2,58.5,53.0,73.0,2,0
VIL_013,38,49.47,231.0,31.7,50.2,0.67,18,5,2,69.1,57.6,69.5,1,0
VIL_013,39,40.41,171.1,29.4,41.1,0.525,23,2,5,60.5,52.1,74.0,3,0
VIL_013,40,24.28,54.9,27.2,37.9,0.227,17,5,4,64.5,57.7,70.3,2,0
VIL_013,41,17.94,15.5,27.6,30.7,0.284,11,2,2,70.6,61.2,80.5,7,0
VIL_013,42,12.03,-17.0,24.9,23.0,0.204,8,6,5,67.6,62.0,71.2,2,0
VIL_013,43,10.74,-31.4,25.4,31.8,0.092,7,3,3,63.9,53.9,78.7,4,1
VIL_013,44,14.12,-14.5,24.0,35.3,0.187,7,6,3,60.0,55.1,70.3,3,1
VIL_013,45,8.5,-51.8,22.1,32.4,0.062,4,4,1,58.6,52.9,72.6,2,1
VIL_013,46,5.07,-72.6,19.3,32.1,0.025,2,4,9,63.5,56.3,71.4,4,1
VIL_013,47,8.56,-46.3,19.3,37.1,0.084,3,2,8,61.5,62.9,68.5,0,0
VIL_013,48,7.26,-54.3,21.3,29.1,0.123,3,3,5,64.6,60.3,72.1,3,0
VIL_013,49,6.74,-39.4,20.9,32.2,0.19,3,2,13,69.6,66.2,63.3,0,1
VIL_013,50,7.67,-39.7,21.3,30.1,0.082,0,3,6,62.9,52.8,64.6,5,0
VIL_013,51,5.0,-63.7,18.1,36.9,0.109,3,5,7,55.9,54.3,71.3,5,0
VIL_013,52,6.46,-38.3,16.0,41.9,0.126,6,5,13,58.6,51.7,69.8,3,1
VIL_013,53,6.7,-56.5,18.7,36.2,0.0,2,2,8,63.7,59.0,70.6,3,1
VIL_013,54,5.11,-61.2,16.7,41.6,0.0,4,2,8,60.1,55.2,70.7,3,1
VIL_013,55,5.11,-62.7,16.3,36.9,0.17,1,3,7,66.0,62.0,65.1,3,1
VIL_013,56,9.08,-34.8,17.7,45.7,0.096,2,4,8,66.4,56.7,72.7,3,1
VIL_013,57,7.66,-56.4,19.9,34.5,0.125,2,2,9,62.0,58.4,66.1,2,0
VIL_013,58,6.79,-57.8,18.0,50.2,0.107,1,1,6,65.4,59.9,73.8,0,0
VIL_013,59,4.31,-79.4,18.8,39.4,0.0,4,1,3,59.0,54.3,69.6,3,0
VIL_013,60,5.45,-59.6,17.7,45.9,0.039,0,4,5,65.5,56.3,67.6,2,0
VIL_013,61,6.46,-56.9,20.5,52.1,0.123,3,4,6,62.7,55.6,77.2,4,0
VIL_013,62,5.84,-79.9,22.1,42.1,0.031,5,1,5,61.9,53.5,66.2,4,1
VIL_013,63,5.35,-59.2,22.2,54.1,0.052,0,4,4,62.7,61.2,68.5,3,1
VIL_013,64,6.82,-52.3,23.4,56.5,0.031,2,4,4,63.4,56.6,66.4,2,0
VIL_013,65,5.78,-44.4,24.9,50.6,0.035,2,5,3,59.3,55.3,63.9,2,0
VIL_013,66,6.15,-49.7,24.5,48.1,0.056,4,3,4,63.3,53.6,68.6,3,0
VIL_013,67,7.5,-38.9,24.3,47.9,0.007,1,6,4,60.0,51.2,70.3,3,0
VIL_013,68,12.42,-28.5,28.1,53.2,0.224,9,1,1,61.7,55.5,68.9,5,0
VIL_013,69,16.39,20.5,29.1,55.5,0.149,2,4,3,64.3,55.4,66.0,0,0
VIL_013,70,11.03,-28.4,31.2,41.3,0.138,3,2,4,66.6,57.5,75.7,2,1
VIL_013,71,14.09,-13.0,34.5,49.1,0.151,1,5,2,67.9,59.5,68.1,1,0
VIL_013,72,15.6,-19.4,34.2,47.9,0.262,5,2,5,68.7,58.6,84.2,2,0
VIL_013,73,19.27,41.6,31.2,48.3,0.195,6,4,3,60.0,51.9,69.3,1,0
VIL_013,74,24.67,61.6,37.5,50.2,0.29,2,3,6,66.0,61.6,68.7,3,1
VIL_013,75,34.2,126.8,36.0,51.6,0.389,3,4,4,62.9,57.7,78.5,2,0
VIL_013,76,41.89,182.5,35.5,65.7,0.438,5,2,1,58.9,50.3,73.5,2,0
VIL_013,77,56.91,298.0,38.1,63.5,0.784,3,12,2,58.3,52.6,68.3,3,0
VIL_013,78,73.8,389.7,33.6,72.5,0.986,5,7,4,58.6,48.2,69.4,6,0
VIL_013,79,57.26,281.6,36.3,62.4,0.774,4,15,3,58.5,47.8,74.3,5,1
VIL_013,80,79.2,437.7,37.2,71.2,1.0,1,21,6,67.2,59.5,73.4,5,0
VIL_013,81,76.95,410.2,37.0,72.7,1.0,3,13,5,63.7,54.3,70.2,4,0
VIL_013,82,77.42,407.8,38.5,68.9,1.0,5,19,4,64.9,57.9,73.3,2,0
VIL_013,83,69.63,342.3,37.8,67.6,0.941,4,16,3,62.2,53.9,68.3,3,0
VIL_013,84,67.26,361.7,36.7,69.2,0.871,6,9,7,60.3,50.3,68.0,2,1
VIL_013,85,79.67,433.5,34.9,63.8,1.0,15,16,2,62.5,52.7,72.0,2,1
VIL_013,86,85.2,473.5,35.6,71.4,1.0,15,11,4,59.3,55.7,73.7,2,0
VIL_013,87,75.33,397.3,32.9,65.6,0.998,20,9,1,63.8,55.0,67.1,6,1
VIL_013,88,55.33,275.7,33.6,49.1,0.77,19,6,3,56.2,48.6,69.6,5,0
VIL_013,89,49.37,223.3,30.8,52.9,0.775,25,8,8,58.9,54.3,64.8,3,1
VIL_013,90,46.04,208.5,30.9,47.3,0.563,19,5,2,68.4,66.9,70.8,6,1
VIL_013,91,33.5,124.4,27.6,48.1,0.386,44,4,1,62.2,51.9,66.1,2,0
VIL_013,92,34.63,142.1,29.4,46.3,0.449,15,7,6,58.8,53.3,66.5,4,1
VIL_013,93,17.78,25.0,26.5,34.0,0.2,14,7,5,58.7,56.2,66.7,8,0
VIL_013,94,12.18,-25.1,24.2,30.5,0.197,11,3,2,69.4,58.4,71.3,1,0
VIL_013,95,17.78,24.6,23.5,41.5,0.247,10,4,1,64.9,59.3,66.3,3,0
VIL_013,96,9.94,-37.4,23.1,28.8,0.077,8,4,3,66.3,61.6,73.6,6,0
VIL_013,97,7.6,-57.5,21.3,31.6,0.139,5,2,0,65.4,62.7,71.6,8,0
VIL_013,98,10.75,-22.8,22.2,32.6,0.236,0,4,1,64.8,60.4,70.5,3,0
VIL_013,99,6.83,-52.5,20.0,36.6,0.051,3,2,8,68.9,62.1,72.2,2,0
VIL_013,100,8.24,-57.0,20.6,38.5,0.126,1,1,9,67.9,65.5,71.0,3,0
VIL_013,101,6.59,-61.2,18.4,35.8,0.0,2,0,6,56.7,53.2,62.2,1,1
VIL_013,102,6.66,-48.2,19.0,32.7,0.07,3,1,14,72.0,65.2,69.2,7,0
VIL_013,103,4.62,-65.3,17.7,34.3,0.077,3,5,7,57.4,49.6,72.6,4,1
VIL_013,104,9.73,-30.8,17.0,33.7,0.123,2,5,7,55.7,51.5,68.7,1,0
VIL_014,1,4.2,-73.5,16.7,28.0,0.115,1,1,2,41.9,37.7,33.7,1,0
VIL_014,2,4.1,-86.0,16.8,35.4,0.1,0,0,8,36.8,32.9,44.0,1,0
VIL_014,3,6.11,-66.6,16.7,40.6,0.08,2,0,4,38.7,28.1,40.6,1,0
VIL_014,4,6.28,-77.7,16.4,36.4,0.129,0,0,1,38.8,33.3,49.8,0,0
VIL_014,5,11.78,-32.8,16.8,54.4,0.125,1,0,3,43.9,39.9,49.7,2,1
VIL_014,6,4.8,-69.3,19.0,40.2,0.0,0,0,0,37.4,35.2,43.3,0,1
VIL_014,7,7.31,-47.7,18.1,42.1,0.111,0,0,0,38.5,34.1,42.5,1,0
VIL_014,8,6.54,-59.7,19.7,43.0,0.068,4,0,2,41.1,36.0,52.2,0,0
VIL_014,9,6.53,-51.7,20.6,48.8,0.176,0,2,2,36.3,33.6,47.9,1,0
VIL_014,10,12.38,-27.0,20.6,53.7,0.247,2,1,1,34.4,30.6,46.5,0,1
VIL_014,11,8.54,-38.6,21.4,46.9,0.079,1,1,2,41.6,32.9,48.8,2,0
VIL_014,12,5.43,-64.6,23.5,48.7,0.107,4,0,3,35.7,26.2,44.3,1,1
VIL_014,13,7.98,-48.9,22.6,50.5,0.008,2,3,1,35.6,34.7,49.5,2,0
VIL_014,14,16.02,6.8,28.2,47.2,0.231,4,0,1,40.4,35.5,46.6,1,1
VIL_014,15,8.19,-51.4,26.3,48.5,0.125,1,2,1,38.8,34.1,35.2,1,1
VIL_014,16,7.07,-68.2,27.7,45.7,0.045,3,1,1,40.6,35.6,40.7,4,1
VIL_014,17,5.16,-76.0,30.3,40.7,0.077,1,1,1,43.3,34.9,39.2,3,0
VIL_014,18,9.26,-52.4,30.3,49.3,0.077,0,1,0,33.8,29.2,40.7,1,1
VIL_014,19,11.7,-24.3,31.1,53.1,0.199,2,2,2,35.0,31.2,41.1,2,0
VIL_014,20,13.98,-0.0,31.1,49.6,0.196,1,2,2,38.1,34.1,39.8,0,1
VIL_014,21,13.86,7.3,33.8,38.3,0.259,2,0,0,38.0,28.0,47.6,0,0
VIL_014,22,28.99,88.7,33.8,53.3,0.31,1,1,1,37.7,35.2,45.2,0,0
VIL_014,23,34.52,128.5,37.7,53.3,0.417,0,2,1,42.1,40.4,46.6,0,0
VIL_014,24,31.27,127.3,35.6,61.3,0.393,4,2,0,39.8,39.9,42.3,0,0
VIL_014,25,53.66,253.7,33.6,62.9,0.74,2,3,0,40.8,38.9,40.6,2,1
VIL_014,26,64.94,326.6,37.8,62.2,0.879,0,3,2,38.3,34.2,44.3,0,0
VIL_014,27,84.62,462.8,35.7,77.1,1.0,2,2,1,35.5,28.8,39.5,2,1
VIL_014,28,86.72,473.9,37.1,79.7,1.0,2,3,0,30.5,33.7,46.3,0,0
VIL_014,29,90.84,498.8,38.6,78.4,1.0,2,5,1,40.2,36.3,34.4,1,0
VIL_014,30,95.44,522.2,36.3,76.0,1.0,5,3,2,39.7,38.2,45.7,1,1
VIL_014,31,90.53,519.4,36.1,73.8,1.0,2,6,1,41.3,35.7,43.0,1,1
VIL_014,32,117.76,690.6,37.0,91.3,1.0,3,8,1,35.1,33.8,51.6,1,0
VIL_014,33,93.8,541.5,36.9,75.7,1.0,3,2,2,34.4,27.6,45.2,1,1
VIL_014,34,71.84,388.5,34.3,71.5,0.961,8,2,0,42.6,39.3,38.6,1,0
VIL_014,35,72.97,386.6,36.1,63.6,0.982,2,1,0,39.0,39.5,36.8,0,1
VIL_014,36,61.57,293.8,30.6,50.8,0.754,18,2,2,38.7,33.6,43.7,2,1
VIL_014,37,45.18,192.1,30.6,47.4,0.643,12,4,1,31.6,28.1,37.6,1,1
VIL_014,38,34.78,128.4,30.0,40.4,0.459,8,2,3,45.2,37.9,40.3,2,1
VIL_014,39,34.18,118.2,30.7,36.0,0.571,3,1,2,39.5,37.9,46.6,2,0
VIL_014,40,24.59,45.7,28.5,37.8,0.309,5,2,3,36.8,31.4,49.1,4,1
VIL_014,41,19.45,20.8,26.2,33.1,0.308,1,0,1,40.8,36.1,40.0,1,0
VIL_014,42,15.67,2.5,24.4,33.7,0.19,2,1,0,44.0,38.9,40.1,3,0
VIL_014,43,14.09,9.8,22.8,40.0,0.284,1,1,3,43.9,36.7,48.3,1,0
VIL_014,44,11.52,-29.9,24.1,31.4,0.19,2,2,4,35.7,32.0,42.0,3,0
VIL_014,45,6.81,-48.1,21.9,34.3,0.026,3,1,1,32.2,30.3,46.9,1,1
VIL_014,46,6.85,-64.1,22.5,30.2,0.162,0,0,2,39.9,28.3,48.9,0,0
VIL_014,47,11.95,-22.6,18.6,36.0,0.198,0,0,2,36.3,34.5,50.2,1,0
VIL_014,48,5.77,-61.9,20.0,32.7,0.054,0,2,2,38.9,38.1,44.1,0,0
VIL_014,49,13.1,3.3,18.7,38.0,0.094,0,2,2,31.7,27.6,48.4,1,1
VIL_014,50,3.54,-103.1,17.4,32.7,0.107,0,1,0,36.8,31.3,44.9,2,0
VIL_014,51,5.49,-71.5,17.0,41.2,0.16,1,0,2,42.0,42.5,52.4,1,0
VIL_014,52,8.86,-38.5,17.4,40.8,0.174,1,1,3,43.2,37.9,48.2,0,1
VIL_014,53,8.19,-41.2,17.0,39.6,0.153,1,0,2,36.6,33.0,45.5,3,0
VIL_014,54,6.24,-70.2,15.9,43.0,0.111,0,2,3,44.5,39.5,45.1,1,0
VIL_014,55,6.57,-56.6,17.7,41.2,0.141,1,1,0,36.7,31.5,40.6,1,1
VIL_014,56,5.93,-60.3,18.7,46.0,0.066,1,2,2,40.4,34.5,47.6,0,0
VIL_014,57,6.98,-38.8,17.4,38.4,0.002,0,0,3,37.1,36.6,41.7,1,0
VIL_014,58,6.56,-54.2,18.8,52.5,0.125,0,0,2,35.2,38.0,43.0,1,1
VIL_014,59,7.01,-54.7,18.6,45.8,0.113,1,2,2,38.0,34.7,41.8,2,0
VIL_014,60,9.52,-43.6,22.4,42.7,0.057,0,0,1,38.8,35.6,45.2,0,0
VIL_014,61,6.13,-53.1,20.4,49.3,0.0,2,0,3,32.9,25.7,47.0,1,1
VIL_014,62,6.94,-56.3,22.2,52.5,0.097,3,1,2,41.4,39.2,44.5,0,1
VIL_014,63,4.84,-73.4,23.8,42.7,0.057,1,0,1,32.3,29.0,40.3,2,0
VIL_014,64,6.88,-63.9,22.7,46.3,0.08,0,3,1,29.8,29.2,45.0,1,1
VIL_014,65,5.88,-63.8,25.5,51.9,0.107,2,0,1,43.2,39.8,40.0,1,0
VIL_014,66,7.9,-40.3,26.8,51.2,0.068,2,1,2,39.1,31.3,40.5,4,0
VIL_014,67,7.48,-55.3,27.5,46.9,0.134,1,1,1,32.8,32.9,39.7,3,1
VIL_014,68,6.9,-53.7,29.1,47.2,0.127,2,1,2,36.3,29.9,46.4,2,0
VIL_014,69,9.58,-41.7,28.6,44.1,0.0,2,0,0,42.6,33.7,37.1,0,0
VIL_014,70,9.93,-32.1,33.1,44.9,0.129,0,0,1,41.1,31.6,43.6,0,1
VIL_014,71,16.19,8.8,28.8,44.6,0.226,0,1,1,38.2,40.0,45.7,3,1
VIL_014,72,20.97,31.9,31.7,51.6,0.317,0,2,3,41.0,35.8,41.3,0,0
VIL_014,73,28.56,98.7,32.0,58.6,0.408,1,1,3,35.9,28.3,45.9,1,1
VIL_014,74,20.6,22.7,36.6,49.9,0.187,0,4,0,45.7,40.2,48.0,3,0
VIL_014,75,42.44,194.3,35.1,65.3,0.571,1,1,1,42.7,36.0,50.1,3,1
VIL_014,76,56.11,277.4,34.7,64.0,0.735,0,3,3,47.1,45.2,45.8,3,0
VIL_014,77,43.55,196.2,35.6,53.2,0.634,0,4,1,46.1,40.3,44.7,1,0
VIL_014,78,70.28,352.0,34.9,76.0,0.877,0,4,2,41.0,36.6,45.1,2,0
VIL_014,79,77.26,414.6,37.7,75.1,1.0,0,4,4,38.0,32.2,35.6,0,1
VIL_014,80,94.91,548.1,37.9,86.2,1.0,4,8,2,40.9,35.2,48.7,0,1
VIL_014,81,70.15,366.2,37.3,66.3,0.973,3,6,2,33.9,32.6,46.3,1,0
VIL_014,82,84.07,461.7,35.9,79.8,1.0,1,3,1,36.5,29.4,47.8,1,0
VIL_014,83,70.1,355.9,38.2,61.1,0.994,1,5,3,33.4,26.0,43.4,1,0
VIL_014,84,96.36,528.0,36.8,76.4,1.0,4,4,0,37.9,40.4,40.3,1,0
VIL_014,85,96.54,545.9,33.1,78.3,1.0,6,5,0,34.3,31.7,44.6,2,0
VIL_014,86,82.46,443.0,34.3,66.9,1.0,4,8,2,36.9,35.9,39.4,0,1
VIL_014,87,65.57,331.6,32.2,60.5,0.806,9,4,3,37.9,29.8,47.8,1,0
VIL_014,88,57.9,286.6,34.4,60.1,0.837,5,0,1,33.8,30.2,48.8,0,0
VIL_014,89,60.4,309.5,31.1,57.4,0.723,6,1,0,42.5,37.0,35.6,1,1
VIL_014,90,50.14,239.5,28.9,49.6,0.687,9,2,0,31.3,34.0,47.8,1,1
VIL_014,91,31.23,109.2,29.2,45.6,0.393,10,1,0,40.2,39.2,43.5,3,1
VIL_014,92,27.0,88.9,30.1,40.5,0.411,4,0,2,37.1,31.7,51.5,0,0
VIL_014,93,19.14,38.1,28.0,34.6,0.272,6,0,0,37.8,38.6,44.3,0,0
VIL_014,94,16.17,6.5,25.2,33.1,0.305,5,2,0,34.7,32.9,40.9,1,0
VIL_014,95,17.69,34.6,24.4,33.0,0.293,2,0,0,41.4,35.3,45.2,1,1
VIL_014,96,14.63,-13.3,24.6,36.8,0.202,1,0,1,39.3,37.6,47.7,2,0
VIL_014,97,10.75,-43.6,24.0,35.7,0.204,4,2,2,35.8,29.8,46.2,0,1
VIL_014,98,8.74,-27.9,19.5,36.9,0.111,1,2,0,39.3,34.4,41.6,1,0
VIL_014,99,7.0,-60.3,20.6,33.6,0.039,0,2,3,37.9,35.2,47.3,0,1
VIL_014,100,6.79,-81.5,19.1,30.5,0.068,3,1,2,41.1,38.9,41.7,2,0
VIL_014,101,5.5,-66.6,18.2,34.4,0.068,1,0,2,41.9,37.1,43.2,1,1
VIL_014,102,6.87,-41.9,19.8,32.6,0.0,2,1,1,36.4,31.4,42.7,2,0
VIL_014,103,6.29,-61.1,16.0,36.4,0.153,0,3,3,37.6,31.9,42.8,0,0
VIL_014,104,4.79,-85.8,18.3,41.8,0.059,0,3,1,35.6,29.3,35.8,0,0
VIL_015,1,7.94,-30.0,18.1,37.9,0.138,1,0,1,47.5,45.6,68.2,1,0
VIL_015,2,5.57,-78.7,17.3,36.8,0.07,0,1,1,48.1,43.2,64.8,1,1
VIL_015,3,4.87,-66.9,17.7,37.0,0.08,1,0,1,51.8,42.6,60.9,0,1
VIL_015,4,5.66,-67.0,18.1,39.3,0.114,0,0,2,47.5,46.1,77.3,1,0
VIL_015,5,6.12,-52.4,18.9,28.6,0.088,0,0,3,46.9,36.4,66.0,0,0
VIL_015,6,5.33,-67.9,19.0,40.1,0.11,0,1,0,48.3,40.9,62.5,0,1
VIL_015,7,6.1,-35.1,20.2,47.9,0.065,0,1,0,48.0,42.7,72.5,0,0
VIL_015,8,3.42,-68.0,17.6,34.4,0.106,0,2,0,50.8,44.2,63.1,0,0
VIL_015,9,7.19,-62.1,20.5,45.2,0.07,0,0,1,51.1,42.3,63.1,1,1
VIL_015,10,6.8,-81.3,21.3,46.1,0.056,0,0,1,47.2,45.3,70.5,1,1
VIL_015,11,12.78,-26.2,22.5,53.6,0.147,2,1,0,49.1,44.0,77.3,1,1
VIL_015,12,6.6,-50.4,24.5,48.5,0.039,0,0,0,46.7,45.0,68.5,3,0
VIL_015,13,9.14,-41.7,24.8,51.2,0.16,0,0,1,50.4,51.7,64.6,2,0
VIL_015,14,6.24,-64.1,25.9,45.1,0.005,0,0,1,44.3,38.0,67.3,2,0
VIL_015,15,8.95,-47.6,27.6,42.4,0.098,3,0,0,52.1,46.3,68.9,1,1
VIL_015,16,4.24,-63.5,26.4,44.7,0.073,0,0,0,50.8,45.1,65.7,1,0
VIL_015,17,8.0,-50.0,31.3,47.8,0.107,1,2,1,48.7,49.4,67.3,2,0
VIL_015,18,12.2,-23.0,30.4,54.6,0.161,1,0,1,49.4,44.7,64.8,2,1
VIL_015,19,14.21,4.7,33.4,44.6,0.182,0,0,2,44.6,44.6,74.1,0,0
VIL_015,20,24.4,78.3,31.7,63.0,0.334,1,2,2,49.9,45.0,69.4,2,0
VIL_015,21,21.91,34.9,32.5,53.3,0.242,0,2,2,42.9,36.5,63.5,2,0
VIL_015,22,17.51,28.5,34.2,46.4,0.21,1,0,0,52.5,46.6,66.9,1,1
VIL_015,23,29.01,92.3,35.3,50.9,0.374,1,1,1,46.2,41.4,61.7,1,0
VIL_015,24,34.4,138.5,35.2,55.1,0.481,0,0,0,51.5,46.2,68.9,0,1
VIL_015,25,56.74,284.8,35.4,65.5,0.804,0,0,0,42.1,33.6,72.2,1,0
VIL_015,26,61.22,308.3,37.2,66.9,0.81,0,1,0,48.0,45.8,65.7,1,0
VIL_015,27,66.63,344.8,38.7,70.9,0.925,0,3,1,43.5,41.3,66.3,0,0
VIL_015,28,70.18,374.5,39.0,66.2,0.94,0,4,1,45.8,43.7,68.5,1,1
VIL_015,29,71.98,368.9,36.6,69.0,0.956,0,2,2,45.8,42.9,71.6,0,1
VIL_015,30,74.85,387.5,35.4,67.5,1.0,0,2,1,58.3,53.8,64.7,0,1
VIL_015,31,100.21,588.9,36.0,87.0,1.0,0,1,0,52.8,47.0,71.3,0,0
VIL_015,32,96.56,555.4,37.9,70.4,1.0,0,1,1,47.4,48.3,67.5,1,0
VIL_015,33,90.38,512.5,36.5,82.1,1.0,3,3,0,46.7,39.1,67.6,1,0
VIL_015,34,94.37,527.6,34.9,71.2,1.0,2,0,1,53.8,50.4,65.5,0,1
VIL_015,35,59.73,281.8,33.1,52.3,0.764,7,2,1,51.6,47.4,71.1,2,0
VIL_015,36,44.24,189.6,33.8,47.1,0.574,2,1,1,49.3,43.3,67.3,1,1
VIL_015,37,53.1,258.1,34.4,53.1,0.63,6,0,0,48.6,45.2,71.2,3,1
VIL_015,38,42.98,198.1,30.4,45.3,0.591,4,0,1,38.5,35.7,69.0,0,1
VIL_015,39,32.75,122.6,27.0,43.8,0.416,4,0,0,51.9,46.8,74.2,1,0
VIL_015,40,24.79,69.8,27.0,35.6,0.304,4,1,0,32.4,29.0,71.7,1,0
VIL_015,41,17.37,14.1,27.1,31.2,0.233,5,0,2,49.7,46.6,70.7,0,0
VIL_015,42,14.51,3.2,25.6,28.8,0.11,1,1,1,45.8,41.1,68.0,0,1
VIL_015,43,12.46,-26.0,26.2,36.9,0.132,1,0,1,44.5,34.6,64.1,2,1
VIL_015,44,8.93,-39.2,22.7,32.1,0.11,1,0,1,49.8,42.8,73.6,0,1
VIL_015,45,9.39,-39.7,22.1,26.8,0.198,0,1,2,49.6,46.5,71.5,2,0
VIL_015,46,6.39,-43.0,20.5,28.9,0.094,1,0,2,44.9,44.6,61.7,0,1
VIL_015,47,6.84,-82.9,21.3,26.5,0.111,1,0,1,50.5,44.1,69.7,1,0
VIL_015,48,6.68,-57.0,18.5,43.6,0.092,1,1,1,46.1,40.8,73.9,0,1
VIL_015,49,9.35,-35.2,18.5,35.8,0.295,0,2,2,45.5,40.2,76.4,0,0
VIL_015,50,5.79,-79.9,16.3,26.4,0.122,1,1,2,50.6,51.9,66.6,1,0
VIL_015,51,4.44,-63.0,17.0,29.4,0.0,0,1,3,50.2,53.5,65.6,0,1
VIL_015,52,7.06,-54.3,19.3,32.3,0.105,0,0,3,50.4,44.0,72.1,0,0
VIL_015,53,4.18,-81.7,19.2,38.3,0.11,0,1,2,51.4,45.3,63.9,1,1
VIL_015,54,6.94,-43.6,17.8,32.9,0.02,0,0,4,48.1,44.3,67.2,0,0
VIL_015,55,4.44,-77.8,17.6,34.2,0.064,0,1,1,52.9,41.9,68.8,1,0
VIL_015,56,7.05,-44.9,16.5,41.1,0.067,0,0,2,48.0,45.5,67.2,0,0
VIL_015,57,7.06,-51.0,17.9,42.8,0.051,0,0,3,46.3,40.8,69.1,2,0
VIL_015,58,4.78,-72.3,18.3,40.9,0.13,2,1,1,50.5,43.1,76.0,0,1
VIL_015,59,12.11,-29.4,18.8,46.0,0.128,0,0,2,49.5,43.9,63.8,0,1
VIL_015,60,17.08,6.7,20.5,45.3,0.195,0,2,5,55.5,49.8,74.4,1,0
VIL_015,61,7.33,-42.3,19.2,48.7,0.053,0,0,1,44.3,41.9,66.3,1,0
VIL_015,62,6.2,-47.1,24.4,39.0,0.028,0,0,0,49.4,41.8,65.4,0,0
VIL_015,63,8.59,-35.8,24.3,48.0,0.087,2,1,0,49.6,44.8,66.4,0,0
VIL_015,64,11.27,-25.2,22.5,57.5,0.12,2,0,0,54.7,50.5,64.5,0,0
VIL_015,65,9.55,-29.4,24.7,48.2,0.068,2,2,2,43.5,43.1,74.5,0,0
VIL_015,66,7.09,-49.6,25.1,42.9,0.093,1,0,1,43.5,38.8,67.7,2,1
VIL_015,67,6.32,-63.9,27.8,47.6,0.0,1,0,0,50.0,41.9,69.8,1,1
VIL_015,68,7.52,-59.0,28.1,47.2,0.105,3,1,0,47.0,43.5,65.9,0,0
VIL_015,69,12.55,-19.5,27.1,51.4,0.216,1,0,2,43.7,35.2,68.7,1,1
VIL_015,70,13.83,-14.1,29.4,51.4,0.158,2,0,1,47.1,40.4,72.0,0,0
VIL_015,71,12.12,-17.9,33.2,53.1,0.179,0,0,1,45.2,41.2,73.7,1,1
VIL_015,72,18.56,39.8,32.4,49.8,0.235,2,0,0,50.0,40.3,67.4,0,1
VIL_015,73,22.83,55.0,33.4,49.7,0.422,1,0,1,45.2,40.4,60.9,0,0
VIL_015,74,27.33,96.9,35.3,51.1,0.413,1,1,0,50.2,47.0,68.4,0,0
VIL_015,75,37.65,151.0,36.4,55.8,0.459,0,2,0,50.6,44.5,73.6,1,0
VIL_015,76,45.0,198.3,35.7,62.2,0.665,2,1,1,45.4,35.5,64.8,0,0
VIL_015,77,56.34,260.5,33.8,60.0,0.872,1,1,0,49.8,49.6,70.3,1,0
VIL_015,78,61.56,316.8,35.7,63.2,0.81,3,2,2,46.7,44.7,65.6,2,0
VIL_015,79,79.32,422.3,34.4,74.9,1.0,2,0,2,52.8,45.5,66.0,1,1
VIL_015,80,78.29,413.3,35.3,77.8,1.0,2,1,1,52.5,47.2,65.3,1,1
VIL_015,81,82.26,438.3,37.0,70.2,1.0,3,1,1,51.9,49.3,75.0,0,0
VIL_015,82,92.71,521.6,36.8,79.2,1.0,0,2,0,49.1,43.5,78.0,1,1
VIL_015,83,97.51,544.3,37.9,78.3,1.0,0,1,0,44.8,42.7,72.0,0,1
VIL_015,84,105.7,621.1,35.8,84.2,1.0,1,2,1,49.9,46.2,64.7,0,0
VIL_015,85,99.51,574.6,34.2,78.4,1.0,2,2,0,55.4,55.0,73.0,1,1
VIL_015,86,79.65,425.6,35.9,67.4,1.0,2,2,1,50.5,47.1,70.0,1,1
VIL_015,87,58.38,265.5,35.7,66.2,0.807,5,2,0,47.3,40.1,67.5,1,1
VIL_015,88,70.79,373.1,33.8,73.3,0.972,4,0,1,50.1,47.9,74.6,1,0
VIL_015,89,56.65,274.5,31.6,52.9,0.749,8,2,0,52.5,43.6,68.1,1,0
VIL_015,90,45.77,214.0,30.2,44.5,0.578,1,1,0,44.2,42.4,74.7,1,1
VIL_015,91,38.78,158.7,28.0,45.4,0.482,7,0,0,48.6,44.6,63.8,0,1
VIL_015,92,29.46,107.9,27.3,42.1,0.48,9,0,0,50.3,41.3,68.5,2,1
VIL_015,93,19.92,37.7,26.5,40.3,0.378,5,0,2,50.7,48.1,64.0,0,1
VIL_015,94,15.05,-12.4,24.2,23.8,0.255,6,5,0,46.0,43.3,65.8,2,0
VIL_015,95,7.63,-56.6,24.2,27.8,0.088,1,0,1,45.9,45.1,65.5,1,0
VIL_015,96,11.03,-31.0,23.1,29.6,0.091,1,1,1,44.8,38.7,73.1,0,0
VIL_015,97,9.96,-35.3,23.9,28.5,0.269,0,0,1,49.2,43.9,65.6,0,0
VIL_015,98,8.17,-48.3,19.4,25.6,0.132,1,0,2,42.8,38.0,68.9,1,1
VIL_015,99,9.22,-31.3,20.6,32.1,0.145,1,0,0,51.4,43.8,74.8,1,1
VIL_015,100,7.56,-44.6,17.9,35.9,0.071,1,1,0,52.9,49.8,63.5,0,1
VIL_015,101,6.64,-60.0,16.4,28.7,0.123,0,1,2,43.6,36.3,70.4,3,0
VIL_015,102,8.79,-34.8,17.6,36.2,0.107,1,4,0,49.5,43.7,67.2,0,0
VIL_015,103,7.53,-61.5,17.7,38.1,0.048,0,0,3,47.9,43.8,65.6,1,1
VIL_015,104,9.59,-29.0,18.8,45.2,0.111,1,0,1,53.4,44.4,68.4,0,0
VIL_016,1,5.56,-65.1,17.9,42.9,0.081,0,1,3,60.9,61.4,71.7,1,0
VIL_016,2,5.64,-78.4,17.1,43.8,0.151,0,0,1,55.2,48.8,70.1,2,0
VIL_016,3,6.52,-41.3,16.3,48.4,0.011,1,2,4,59.1,53.6,65.6,0,0
VIL_016,4,5.17,-69.8,16.9,37.5,0.025,2,1,3,57.9,51.5,69.1,1,0
VIL_016,5,5.89,-55.6,17.3,40.4,0.0,0,2,4,58.6,56.2,68.4,2,1
VIL_016,6,6.19,-42.3,16.6,36.5,0.09,0,0,2,61.9,54.5,65.5,2,0
VIL_016,7,5.04,-66.8,19.1,37.7,0.147,1,2,2,55.7,49.1,70.6,0,0
VIL_016,8,5.71,-61.8,22.1,41.3,0.052,1,1,1,63.9,57.7,66.2,2,0
VIL_016,9,10.87,-13.1,21.6,48.1,0.213,0,4,2,59.9,53.1,70.8,1,0
VIL_016,10,6.26,-61.2,18.9,46.6,0.118,1,3,5,58.8,50.8,63.7,1,1
VIL_016,11,7.38,-40.0,22.7,60.7,0.142,1,2,0,63.2,53.3,66.3,2,1
VIL_016,12,6.31,-58.7,23.8,49.9,0.113,3,3,2,63.9,56.7,64.2,2,0
VIL_016,13,6.67,-53.8,23.4,52.1,0.179,1,0,4,60.6,55.5,67.5,1,0
VIL_016,14,9.0,-38.5,24.3,50.1,0.11,3,1,1,57.3,51.9,60.5,3,0
VIL_016,15,12.38,-21.2,28.1,45.9,0.199,1,0,3,56.0,52.0,63.2,0,0
VIL_016,16,7.47,-55.5,28.3,49.6,0.192,0,2,5,58.3,49.9,65.1,2,1
VIL_016,17,5.4,-70.5,28.8,40.6,0.021,1,0,3,58.4,51.2,70.1,0,0
VIL_016,18,11.05,-39.3,31.3,48.7,0.137,1,0,3,63.4,61.1,60.7,2,0
VIL_016,19,11.41,-28.4,34.2,51.5,0.181,1,2,4,63.8,60.2,70.3,0,1
VIL_016,20,19.65,28.4,33.0,50.0,0.219,2,0,0,63.1,48.8,73.5,3,1
VIL_016,21,19.87,36.6,34.0,52.3,0.22,1,1,0,52.0,47.9,65.4,0,0
VIL_016,22,24.69,63.7,34.5,50.6,0.431,1,1,1,60.9,56.2,76.9,4,0
VIL_016,23,25.27,79.3,34.8,47.9,0.296,2,0,1,59.8,52.4,66.4,2,0
VIL_016,24,41.59,187.6,36.8,61.3,0.536,1,4,0,60.0,59.2,62.4,2,0
VIL_016,25,45.17,214.6,36.1,64.2,0.613,2,3,2,60.9,54.0,66.2,0,1
VIL_016,26,66.65,342.3,37.3,73.7,0.91,1,4,2,58.7,54.4,66.7,2,0
VIL_016,27,65.79,333.5,38.7,66.9,0.85,1,5,2,61.3,51.9,70.3,3,0
VIL_016,28,88.82,478.4,37.9,69.5,1.0,0,8,3,56.2,49.7,72.4,1,0
VIL_016,29,91.55,523.4,35.4,78.7,1.0,2,9,2,59.6,53.6,63.6,3,1
VIL_016,30,99.44,551.4,35.1,86.3,1.0,2,6,3,62.5,57.6,69.8,0,1
VIL_016,31,80.04,424.6,37.9,65.1,1.0,2,4,2,58.0,46.5,69.7,2,1
VIL_016,32,121.49,712.2,35.7,97.2,1.0,5,5,2,60.9,52.7,71.5,3,0
VIL_016,33,88.63,487.8,35.5,64.4,1.0,2,10,0,57.1,46.7,70.2,1,0
VIL_016,34,83.35,470.1,33.5,70.8,1.0,11,5,2,58.5,54.6,72.0,0,1
VIL_016,35,68.48,348.9,34.4,64.3,0.903,3,2,1,55.5,48.8,69.5,0,0
VIL_016,36,47.88,219.5,34.9,56.0,0.573,4,3,1,61.8,54.2,65.8,1,0
VIL_016,37,53.2,236.1,31.8,54.1,0.692,11,0,2,57.5,53.2,73.5,2,0
VIL_016,38,39.79,177.6,31.3,43.9,0.539,11,1,1,65.1,63.4,68.3,1,0
VIL_016,39,35.53,120.1,30.9,43.5,0.528,5,2,3,62.5,53.4,73.8,0,0
VIL_016,40,19.91,57.6,30.2,32.2,0.169,7,4,0,59.6,53.6,70.8,1,1
VIL_016,41,15.85,4.5,26.2,25.0,0.195,7,1,1,63.4,54.5,66.9,2,1
VIL_016,42,14.09,-8.9,26.3,31.4,0.075,3,2,2,62.9,60.4,65.2,2,0
VIL_016,43,14.21,-5.6,26.1,34.7,0.109,2,0,0,55.5,50.9,64.1,2,0
VIL_016,44,11.42,-34.6,25.3,36.0,0.218,4,1,4,57.0,49.9,67.0,3,1
VIL_016,45,8.6,-36.1,21.8,29.1,0.05,2,1,2,64.1,60.3,63.9,3,0
VIL_016,46,11.61,-26.7,20.5,39.2,0.16,3,2,2,55.0,48.1,67.5,1,1
VIL_016,47,9.16,-42.1,20.2,32.3,0.173,0,0,1,58.9,49.3,66.6,1,0
VIL_016,48,6.84,-41.6,19.1,34.7,0.068,2,2,2,59.1,51.3,65.3,1,0
VIL_016,49,5.37,-81.4,18.4,36.0,0.01,1,2,5,64.8,57.3,70.0,0,0
VIL_016,50,5.82,-63.2,18.6,34.6,0.084,0,2,2,54.3,42.7,66.5,1,0
VIL_016,51,5.73,-62.9,17.0,35.1,0.154,0,1,4,60.7,54.2,65.8,1,0
VIL_016,52,6.63,-54.4,19.2,43.3,0.138,3,3,4,60.3,56.4,69.7,0,1
VIL_016,53,6.95,-59.2,16.6,31.7,0.08,0,0,4,63.8,53.2,64.3,0,0
VIL_016,54,8.0,-49.8,16.3,40.4,0.079,1,1,6,55.3,47.5,70.1,2,1
VIL_016,55,6.73,-36.6,15.7,33.4,0.148,1,0,2,53.0,48.9,69.2,4,0
VIL_016,56,9.17,-33.9,18.8,35.9,0.049,0,5,6,62.1,62.0,69.8,1,1
VIL_016,57,6.37,-65.3,16.1,42.6,0.132,1,1,5,60.1,50.7,76.0,0,1
VIL_016,58,5.74,-55.2,18.7,41.4,0.05,1,2,1,57.2,56.1,74.7,4,0
VIL_016,59,18.44,23.4,19.6,59.2,0.171,2,1,1,57.7,51.0,65.7,2,0
VIL_016,60,5.29,-57.3,16.0,44.1,0.0,1,0,5,59.5,51.9,67.2,1,0
VIL_016,61,7.18,-54.2,18.8,51.4,0.177,1,1,3,55.1,47.4,67.7,0,0
VIL_016,62,7.59,-57.5,20.9,47.9,0.091,1,1,2,56.5,53.2,73.3,1,1
VIL_016,63,8.57,-59.6,24.6,43.8,0.07,5,2,2,59.2,59.0,72.7,1,0
VIL_016,64,4.33,-59.6,23.0,39.8,0.056,2,2,0,57.4,53.6,65.2,4,0
VIL_016,65,9.18,-31.9,24.0,44.1,0.094,3,2,1,56.6,56.1,60.7,1,0
VIL_016,66,10.23,-28.2,24.9,51.4,0.11,0,5,2,59.2,48.9,65.8,1,0
VIL_016,67,6.16,-52.5,26.1,54.4,0.057,3,0,1,61.4,56.0,71.0,1,0
VIL_016,68,7.45,-37.9,27.4,44.8,0.1,4,1,1,63.1,55.8,63.9,1,1
VIL_016,69,10.59,-46.2,28.6,53.0,0.179,2,1,3,58.7,51.4,64.2,1,1
VIL_016,70,11.34,-23.6,29.7,48.8,0.075,2,1,1,60.2,54.4,68.5,1,0
VIL_016,71,14.45,-21.8,30.8,46.2,0.26,1,1,2,57.6,52.8,65.4,2,0
VIL_016,72,19.23,24.3,32.2,53.5,0.209,3,0,3,59.9,53.7,69.2,4,1
VIL_016,73,23.07,57.1,34.8,59.5,0.32,4,1,0,64.2,57.4,67.3,0,1
VIL_016,74,34.51,126.6,33.1,57.6,0.457,1,0,5,58.1,54.7,72.2,0,0
VIL_016,75,29.86,116.7,34.5,57.9,0.358,0,3,1,57.4,48.4,70.5,1,0
VIL_016,76,47.81,215.9,35.2,63.7,0.694,1,6,1,54.4,50.2,68.9,1,0
VIL_016,77,44.99,192.2,36.4,61.1,0.56,2,1,1,65.9,59.3,70.1,2,0
VIL_016,78,59.61,297.7,35.8,62.8,0.866,1,6,0,57.7,52.3,70.9,0,1
VIL_016,79,85.05,456.6,39.4,79.5,1.0,1,4,0,62.9,55.3,65.6,0,0
VIL_016,80,55.69,262.5,37.7,55.8,0.705,0,3,1,61.6,54.0,70.0,2,0
VIL_016,81,119.85,708.4,38.1,94.0,1.0,3,5,1,54.8,47.8,70.9,1,1
VIL_016,82,76.34,418.8,37.0,75.1,1.0,2,8,1,61.2,50.5,68.9,1,0
VIL_016,83,63.0,321.5,38.0,69.1,0.783,2,5,1,61.5,59.8,70.8,1,0
VIL_016,84,89.48,502.7,34.5,69.9,1.0,2,4,0,62.2,60.6,69.8,0,0
VIL_016,85,79.84,453.1,34.6,70.1,1.0,5,10,2,59.1,48.9,61.4,4,0
VIL_016,86,71.4,375.4,33.5,60.4,0.975,7,2,1,58.8,51.6,69.8,2,0
VIL_016,87,77.76,409.7,33.4,66.2,1.0,4,9,0,53.0,49.3,72.1,1,1
VIL_016,88,53.83,264.2,34.6,60.8,0.681,4,6,2,62.2,54.8,68.1,1,0
VIL_016,89,56.42,284.5,34.3,57.4,0.788,5,4,0,52.6,47.3,70.3,1,0
VIL_016,90,48.4,232.0,31.7,46.9,0.551,7,1,2,63.9,56.3,73.2,0,1
VIL_016,91,27.61,95.5,29.3,36.0,0.381,11,1,1,62.5,55.7,67.6,0,0
VIL_016,92,31.58,120.5,29.5,40.9,0.356,10,1,0,59.6,53.9,68.0,3,0
VIL_016,93,25.06,72.3,28.8,37.9,0.29,2,1,4,62.5,56.9,65.2,3,0
VIL_016,94,21.16,47.4,27.2,36.4,0.301,9,0,2,64.5,55.4,68.4,0,0
VIL_016,95,18.36,26.5,24.4,28.9,0.207,4,3,2,66.8,59.4,67.2,2,0
VIL_016,96,9.14,-54.9,23.3,38.7,0.18,3,1,8,62.7,58.3,69.4,1,0
VIL_016,97,15.11,-16.5,21.6,42.7,0.237,2,0,1,60.4,53.9,65.0,2,0
VIL_016,98,7.29,-61.9,21.0,33.1,0.062,1,1,2,63.6,55.2,61.2,1,0
VIL_016,99,9.87,-26.0,19.4,29.8,0.12,2,0,5,53.5,47.6,70.2,2,0
VIL_016,100,6.89,-58.4,19.4,30.3,0.037,0,1,3,57.1,53.0,70.7,0,0
VIL_016,101,8.89,-39.4,18.7,31.0,0.142,0,1,1,62.7,57.3,68.0,1,0
VIL_016,102,4.65,-53.3,17.1,29.7,0.14,0,1,5,53.8,49.2,65.2,4,0
VIL_016,103,11.13,-15.0,20.9,35.6,0.089,2,3,3,60.3,51.1,68.7,0,0
VIL_016,104,5.87,-82.6,17.6,38.4,0.088,1,0,3,63.4,59.3,72.6,0,0
VIL_017,1,9.59,-33.2,17.6,36.7,0.03,4,2,5,64.0,62.0,70.7,3,1
VIL_017,2,5.84,-58.2,18.4,38.1,0.094,4,3,7,64.8,63.2,73.4,3,0
VIL_017,3,4.82,-78.6,15.2,43.0,0.0,3,7,11,58.2,52.1,62.9,4,0
VIL_017,4,4.26,-74.2,17.6,40.4,0.113,3,2,8,64.1,54.2,70.3,1,0
VIL_017,5,5.32,-62.2,18.4,37.3,0.063,2,3,8,66.8,59.2,62.4,2,0
VIL_017,6,4.9,-76.1,18.8,44.5,0.048,1,1,1,59.6,49.3,71.3,5,0
VIL_017,7,7.35,-61.0,15.9,43.3,0.057,3,0,10,58.0,52.4,62.2,4,1
VIL_017,8,6.41,-69.0,19.1,54.2,0.119,3,3,4,63.8,50.9,64.7,4,0
VIL_017,9,4.81,-65.9,21.3,49.6,0.093,4,1,7,65.0,60.2,70.1,5,0
VIL_017,10,6.4,-60.2,20.3,51.7,0.071,2,0,6,61.4,55.4,75.2,4,1
VIL_017,11,6.44,-58.6,20.9,47.7,0.119,1,6,5,66.6,54.9,65.9,2,1
VIL_017,12,9.32,-55.7,24.1,50.6,0.135,4,3,1,61.3,53.7,71.0,1,0
VIL_017,13,10.92,-26.5,25.0,49.0,0.15,4,2,2,61.5,58.8,73.4,4,0
VIL_017,14,6.2,-57.4,26.1,44.7,0.122,2,2,4,57.1,54.8,75.5,2,0
VIL_017,15,6.08,-56.9,26.2,44.3,0.172,2,3,4,57.5,52.4,67.7,4,1
VIL_017,16,5.66,-47.9,26.6,56.1,0.09,9,2,3,60.8,56.6,61.8,3,0
VIL_017,17,7.25,-59.3,30.5,49.6,0.111,8,4,2,63.5,52.8,73.1,1,0
VIL_017,18,9.08,-34.6,34.6,43.1,0.167,2,3,2,55.1,54.3,67.1,2,0
VIL_017,19,12.63,-12.5,29.7,53.4,0.121,1,1,3,59.9,54.1,58.4,2,1
VIL_017,20,13.95,-2.5,33.9,60.0,0.177,3,4,5,55.6,45.2,76.5,3,0
VIL_017,21,13.19,-15.2,33.4,42.1,0.157,2,0,1,64.0,53.4,67.1,2,0
VIL_017,22,25.48,77.5,34.9,55.8,0.355,2,4,4,53.1,43.8,58.2,3,1
VIL_017,23,25.15,60.4,35.2,47.7,0.346,1,4,1,65.5,60.2,68.0,3,0
VIL_017,24,46.97,208.5,38.5,66.7,0.714,2,7,3,63.1,57.4,68.3,3,0
VIL_017,25,60.83,303.7,35.4,59.3,0.886,3,11,3,60.1,46.9,72.9,5,0
VIL_017,26,47.28,212.9,36.0,60.2,0.555,7,5,6,61.6,54.6,64.0,2,1
VIL_017,27,60.44,306.6,37.0,67.0,0.824,1,8,1,59.8,57.5,71.1,7,0
VIL_017,28,57.23,284.1,37.7,56.9,0.798,2,9,4,61.6,54.5,68.8,5,0
VIL_017,29,96.23,544.2,38.5,82.5,1.0,3,8,4,66.9,60.1,75.5,3,1
VIL_017,30,81.07,453.7,37.3,70.1,1.0,5,11,1,63.4,58.4,68.6,2,1
VIL_017,31,95.12,532.1,36.6,84.8,1.0,7,9,3,57.2,50.2,72.7,6,1
VIL_017,32,82.27,459.0,35.3,64.8,1.0,9,8,6,53.6,55.5,71.0,6,0
VIL_017,33,72.98,375.9,35.8,68.5,0.921,10,8,5,65.3,60.4,67.0,3,0
VIL_017,34,85.07,465.9,33.6,69.6,1.0,12,6,2,65.9,57.0,63.9,4,0
VIL_017,35,79.89,432.0,33.9,71.9,1.0,16,10,2,60.3,49.1,68.3,5,1
VIL_017,36,61.11,294.3,32.4,62.0,0.783,24,8,1,60.3,57.9,67.0,5,0
VIL_017,37,39.66,164.9,30.5,44.5,0.491,29,4,5,58.3,49.9,70.6,4,0
VIL_017,38,36.85,146.8,32.4,43.5,0.452,19,4,2,65.7,58.1,76.7,2,0
VIL_017,39,31.71,117.4,28.2,44.6,0.482,19,9,1,63.0,53.5,71.4,1,0
VIL_017,40,21.84,50.4,27.7,38.0,0.321,26,3,0,58.3,52.3,72.5,5,0
VIL_017,41,17.62,4.7,25.1,33.4,0.283,9,5,0,62.8,57.2,65.1,1,0
VIL_017,42,17.16,26.4,25.6,30.5,0.239,16,3,5,60.2,58.0,67.4,4,0
VIL_017,43,10.95,-31.6,25.1,32.6,0.112,7,1,8,61.0,53.4,69.7,5,0
VIL_017,44,20.95,33.6,22.4,32.2,0.24,3,2,2,56.0,53.1,72.4,6,0
VIL_017,45,10.27,-26.6,20.2,34.5,0.191,3,0,4,59.4,55.7,65.2,2,0
VIL_017,46,7.59,-40.9,20.9,35.8,0.124,2,3,10,59.7,53.6,69.2,3,1
VIL_017,47,8.17,-50.3,20.2,29.1,0.096,5,3,12,58.9,52.8,68.3,3,0
VIL_017,48,6.1,-59.8,19.2,30.7,0.082,2,0,12,61.8,54.7,68.6,1,0
VIL_017,49,9.24,-29.3,20.7,32.5,0.173,3,1,3,62.7,58.5,71.2,3,0
VIL_017,50,5.86,-70.2,18.5,38.6,0.106,1,2,8,61.8,58.3,61.5,3,0
VIL_017,51,6.99,-81.4,18.0,36.3,0.089,0,3,11,59.5,55.7,68.9,3,0
VIL_017,52,8.53,-37.7,17.7,36.6,0.111,2,2,10,63.6,54.3,65.7,3,0
VIL_017,53,7.77,-39.1,17.5,41.5,0.074,2,2,8,63.4,55.9,69.4,4,0
VIL_017,54,9.98,-49.4,16.5,39.3,0.134,0,2,11,58.0,51.9,74.3,3,0
VIL_017,55,3.84,-74.6,16.0,38.5,0.037,3,2,10,60.7,56.1,70.8,2,1
VIL_017,56,5.83,-66.1,20.3,37.0,0.075,3,4,5,66.3,66.3,67.8,2,0
VIL_017,57,6.06,-58.3,17.5,46.0,0.054,3,4,3,69.6,59.0,68.5,5,0
VIL_017,58,5.68,-82.8,18.2,39.2,0.009,1,3,9,62.0,57.4,73.4,2,0
VIL_017,59,5.49,-76.1,18.8,50.1,0.121,0,0,7,61.8,53.6,66.0,4,1
VIL_017,60,4.56,-65.1,18.6,45.7,0.089,2,3,12,65.1,55.8,68.2,3,0
VIL_017,61,7.34,-52.4,20.6,46.3,0.085,3,2,2,58.1,55.1,69.9,6,0
VIL_017,62,9.19,-23.7,19.8,48.4,0.106,1,2,5,62.3,56.3,76.0,3,1
VIL_017,63,5.86,-55.0,23.2,54.1,0.009,2,1,1,54.8,50.9,68.2,4,0
VIL_017,64,4.91,-76.9,23.1,41.8,0.119,2,3,4,63.7,56.6,71.5,2,0
VIL_017,65,6.76,-47.7,26.0,43.2,0.153,4,3,4,59.5,51.4,68.4,5,0
VIL_017,66,6.25,-41.3,26.4,52.0,0.079,4,3,4,64.6,58.8,68.4,7,0
VIL_017,67,10.48,-30.9,27.5,46.5,0.156,1,2,0,57.7,54.6,67.6,5,0
VIL_017,68,6.66,-51.5,27.3,45.1,0.039,7,1,0,65.5,60.4,71.2,1,0
VIL_017,69,9.97,-25.3,29.5,47.6,0.137,6,2,7,62.9,54.8,67.1,5,0
VIL_017,70,10.07,-34.5,31.5,53.4,0.1,2,5,7,63.2,52.4,66.7,2,0
VIL_017,71,21.1,19.5,31.8,57.0,0.247,6,6,3,61.7,55.6,74.2,0,0
VIL_017,72,21.71,50.3,31.1,52.8,0.275,1,5,7,62.9,56.7,73.5,4,0
VIL_017,73,27.7,92.6,34.8,57.1,0.348,1,4,2,60.6,51.2,67.7,4,0
VIL_017,74,27.18,95.8,35.4,55.8,0.356,4,5,1,62.9,58.5,64.9,2,0
VIL_017,75,32.9,108.4,33.4,52.1,0.492,4,7,1,64.7,60.6,61.9,2,0
VIL_017,76,50.22,224.3,36.0,59.9,0.564,0,7,7,62.2,55.1,70.8,4,0
VIL_017,77,54.38,255.7,37.3,56.4,0.698,2,7,4,65.4,58.3,69.0,1,0
VIL_017,78,67.03,345.2,36.0,75.7,0.925,3,10,3,65.1,54.9,72.5,2,1
VIL_017,79,75.3,407.4,35.3,70.0,1.0,2,9,4,68.0,63.4,73.5,4,1
VIL_017,80,75.37,391.2,35.7,71.5,0.966,12,7,6,69.7,60.2,69.8,3,0
VIL_017,81,116.64,687.1,36.8,93.1,1.0,4,12,6,66.8,61.8,73.7,4,1
VIL_017,82,108.44,632.0,37.8,81.8,1.0,4,12,2,59.7,51.6,71.7,3,1
VIL_017,83,84.1,469.9,35.0,69.0,1.0,12,11,7,62.7,52.5,71.4,6,1
VIL_017,84,116.52,673.7,34.6,83.9,1.0,13,15,2,58.4,53.3,64.9,1,0
VIL_017,85,98.26,532.7,34.9,65.9,1.0,19,20,2,58.1,50.2,71.6,2,0
VIL_017,86,71.72,394.1,35.3,63.1,0.9,7,15,5,64.0,54.7,68.2,2,0
VIL_017,87,81.38,436.6,35.7,76.8,1.0,2,5,2,62.8,57.3,73.7,2,0
VIL_017,88,67.04,354.1,32.8,57.5,0.923,29,10,3,60.6,53.6,72.6,4,0
VIL_017,89,58.63,292.1,30.8,53.0,0.831,37,13,3,62.8,57.8,69.4,5,0
VIL_017,90,50.78,249.8,29.6,49.2,0.697,29,3,6,62.8,62.8,76.1,4,0
VIL_017,91,47.51,216.2,31.0,50.1,0.645,30,5,4,66.2,64.4,71.2,4,0
VIL_017,92,19.41,30.1,26.7,38.2,0.208,21,7,1,58.5,56.3,57.1,2,0
VIL_017,93,18.5,25.1,27.2,31.0,0.186,15,4,0,58.1,51.0,70.8,1,0
VIL_017,94,14.86,3.3,27.4,34.6,0.097,9,6,5,66.8,61.3,69.8,0,1
VIL_017,95,17.92,7.1,24.4,34.3,0.243,4,7,4,59.9,59.0,65.6,1,0
VIL_017,96,11.57,-4.1,22.2,33.1,0.197,2,5,4,58.5,50.6,73.8,3,0
VIL_017,97,9.51,-37.3,23.0,33.3,0.184,6,4,7,58.8,53.5,75.1,3,1
VIL_017,98,7.65,-43.3,21.4,27.4,0.144,1,4,3,59.6,54.1,67.4,2,0
VIL_017,99,6.14,-43.9,20.9,29.3,0.064,2,3,3,66.2,58.9,71.6,8,0
VIL_017,100,4.76,-68.4,20.2,33.5,0.156,2,4,0,56.5,49.0,69.0,2,0
VIL_017,101,9.52,-46.5,19.4,34.6,0.08,4,1,8,60.0,55.4,66.5,1,1
VIL_017,102,7.02,-63.5,18.5,38.1,0.044,2,3,8,56.6,48.6,64.5,1,0
VIL_017,103,6.71,-59.8,18.5,35.1,0.128,1,5,10,62.4,58.6,69.3,4,0
VIL_017,104,4.72,-65.2,18.9,40.2,0.133,1,2,6,63.9,56.4,60.9,4,1
VIL_018,1,6.24,-66.1,15.6,38.4,0.147,1,0,6,64.1,57.8,60.9,2,1
VIL_018,2,4.97,-59.1,17.4,38.8,0.173,3,0,5,60.4,56.4,58.7,2,0
VIL_018,3,6.24,-33.4,16.2,45.9,0.093,0,2,9,65.4,55.6,65.1,1,0
VIL_018,4,7.77,-24.8,19.2,43.9,0.096,1,0,3,62.0,53.6,65.2,1,0
VIL_018,5,5.73,-54.5,17.8,44.0,0.121,3,1,5,62.0,57.0,54.8,3,1
VIL_018,6,4.74,-71.9,18.7,41.4,0.085,1,2,4,67.3,58.8,57.7,3,0
VIL_018,7,5.77,-66.9,20.4,48.0,0.111,2,1,1,63.7,60.7,59.8,2,0
VIL_018,8,5.4,-67.9,18.5,44.9,0.087,4,1,6,65.9,57.3,64.4,6,1
VIL_018,9,5.21,-82.7,20.9,43.6,0.062,3,4,1,62.5,54.0,60.8,3,0
VIL_018,10,6.05,-52.8,21.9,55.5,0.168,1,1,5,69.7,60.9,68.7,4,0
VIL_018,11,11.05,-13.1,21.7,48.7,0.22,2,1,2,63.3,54.5,59.4,2,1
VIL_018,12,5.06,-67.6,21.6,44.1,0.214,4,0,5,65.1,60.2,64.6,3,0
VIL_018,13,9.69,-14.4,22.0,54.3,0.142,6,1,3,62.1,55.8,61.0,1,1
VIL_018,14,5.26,-37.6,24.7,50.3,0.206,4,2,1,57.8,51.7,67.8,7,0
VIL_018,15,5.92,-51.7,28.3,45.2,0.133,6,2,3,59.3,48.0,58.7,4,1
VIL_018,16,6.87,-60.9,27.2,47.8,0.138,0,1,2,63.4,54.9,55.4,2,1
VIL_018,17,8.03,-55.1,30.5,51.0,0.106,4,0,3,67.3,58.3,60.4,1,1
VIL_018,18,14.08,1.6,29.6,51.7,0.248,5,3,1,64.7,59.2,58.7,5,0
VIL_018,19,9.19,-28.2,31.7,51.0,0.247,3,2,2,53.8,48.8,61.2,3,1
VIL_018,20,10.69,-35.3,33.3,47.8,0.08,2,4,2,65.0,55.2,61.8,4,0
VIL_018,21,17.67,6.2,34.8,53.7,0.264,1,3,2,55.5,47.9,58.5,2,1
VIL_018,22,25.61,53.6,33.9,52.2,0.432,3,2,3,59.4,48.9,62.4,2,0
VIL_018,23,40.52,159.7,34.4,57.3,0.869,1,8,5,64.0,57.2,57.8,0,0
VIL_018,24,42.38,178.4,33.4,64.0,0.882,5,8,1,64.7,54.6,64.1,0,1
VIL_018,25,44.63,208.4,35.8,60.9,0.842,1,5,2,58.8,50.9,63.8,5,0
VIL_018,26,71.08,368.1,40.7,74.5,1.0,1,8,4,61.4,60.6,63.7,2,1
VIL_018,27,56.36,245.0,36.6,68.1,1.0,2,7,2,71.2,62.2,61.4,3,0
VIL_018,28,72.09,374.1,35.3,67.6,1.0,5,8,1,59.4,59.5,66.7,2,0
VIL_018,29,97.59,547.3,36.7,83.5,1.0,5,9,0,67.2,56.9,65.2,2,0
VIL_018,30,79.72,427.9,37.6,80.6,1.0,2,11,3,60.6,57.8,65.6,5,1
VIL_018,31,90.79,479.4,35.6,75.1,1.0,7,14,2,63.4,56.6,62.6,3,0
VIL_018,32,79.21,424.7,34.5,64.1,1.0,8,3,3,59.8,51.5,65.5,1,1
VIL_018,33,87.04,493.4,38.2,75.2,1.0,0,12,4,61.2,50.8,58.4,0,1
VIL_018,34,78.37,417.8,34.9,60.0,1.0,10,9,2,61.5,58.4,58.7,3,0
VIL_018,35,71.72,371.4,35.5,58.2,1.0,7,8,4,63.0,53.1,58.8,0,0
VIL_018,36,59.87,291.4,32.2,56.1,1.0,23,10,3,64.9,59.2,60.3,0,0
VIL_018,37,53.24,256.5,33.8,52.2,1.0,10,7,1,63.6,54.2,68.0,2,1
VIL_018,38,39.07,145.3,31.6,45.6,0.834,16,1,1,64.6,57.7,58.9,3,1
VIL_018,39,28.9,81.3,30.0,48.3,0.647,19,5,2,60.8,51.8,62.8,2,1
VIL_018,40,22.32,60.0,26.7,36.5,0.462,15,2,4,60.9,54.8,63.3,4,0
VIL_018,41,14.65,4.4,26.1,30.1,0.35,7,4,2,65.4,59.3,60.7,0,0
VIL_018,42,11.23,-30.6,26.3,28.3,0.134,8,1,0,62.3,54.4,67.6,3,0
VIL_018,43,11.76,-16.7,24.2,29.7,0.151,3,1,2,58.5,55.7,66.3,0,1
VIL_018,44,6.55,-65.5,23.9,24.6,0.081,7,1,4,66.6,57.9,63.0,4,0
VIL_018,45,9.67,-44.9,21.8,33.8,0.147,2,2,3,67.0,65.4,70.8,2,1
VIL_018,46,5.72,-71.4,21.8,31.6,0.167,1,3,2,64.2,56.8,58.9,2,1
VIL_018,47,9.45,-52.7,19.6,35.0,0.114,2,4,2,58.9,53.5,64.1,4,0
VIL_018,48,6.51,-57.6,20.1,35.8,0.062,2,0,0,55.1,51.4,58.8,0,0
VIL_018,49,7.4,-30.8,17.6,36.5,0.142,1,0,10,65.5,54.2,60.4,3,1
VIL_018,50,9.39,-57.3,17.7,30.6,0.195,0,1,3,60.8,53.4,62.0,4,1
VIL_018,51,7.34,-34.2,17.4,35.2,0.191,2,0,6,62.8,57.3,58.3,3,0
VIL_018,52,5.66,-89.4,16.2,35.7,0.1,1,1,8,65.6,54.5,69.0,0,0
VIL_018,53,5.79,-56.4,16.3,43.4,0.107,2,2,9,59.7,51.1,66.1,2,0
VIL_018,54,5.43,-82.4,17.3,44.8,0.153,2,2,4,63.0,58.2,54.7,3,0
VIL_018,55,7.06,-47.8,17.9,39.2,0.096,3,1,4,62.4,57.1,61.8,0,1
VIL_018,56,14.22,-13.4,17.6,41.7,0.29,4,7,6,57.6,52.3,61.7,2,1
VIL_018,57,7.27,-44.4,18.3,43.9,0.174,1,2,4,65.5,57.6,62.5,1,0
VIL_018,58,5.12,-73.9,18.2,42.0,0.084,1,4,3,60.1,52.4,59.6,2,0
VIL_018,59,6.81,-49.7,17.9,44.7,0.179,1,2,2,54.3,45.3,62.6,1,0
VIL_018,60,5.8,-63.5,17.4,50.2,0.073,2,2,3,64.5,62.7,57.1,5,1
VIL_018,61,9.59,-24.0,19.7,49.1,0.27,2,1,4,61.8,52.4,61.1,0,1
VIL_018,62,3.77,-76.8,21.2,43.8,0.06,1,0,5,65.1,57.5,63.6,2,0
VIL_018,63,5.39,-62.0,21.6,44.4,0.086,4,2,4,63.8,59.9,60.3,1,0
VIL_018,64,5.87,-60.3,25.3,41.9,0.044,5,3,4,60.5,52.1,61.6,2,0
VIL_018,65,13.15,-3.6,24.9,53.8,0.207,4,2,4,64.4,59.7,68.9,4,0
VIL_018,66,7.11,-43.3,25.7,49.7,0.102,8,1,2,59.5,50.8,61.4,2,0
VIL_018,67,6.82,-54.2,27.7,50.6,0.08,3,2,1,62.7,56.0,61.0,1,1
VIL_018,68,7.66,-66.3,30.6,48.5,0.094,4,1,5,65.5,59.8,67.5,0,1
VIL_018,69,6.76,-64.8,29.1,43.5,0.137,2,1,4,64.6,62.2,73.3,2,0
VIL_018,70,11.36,-16.5,29.4,49.8,0.257,4,1,0,60.4,54.6,61.6,1,0
VIL_018,71,15.4,-12.9,32.0,55.5,0.322,1,0,2,64.6,57.1,62.5,3,1
VIL_018,72,14.83,-8.6,31.3,50.1,0.137,3,1,3,62.3,63.3,61.4,2,1
VIL_018,73,25.12,61.4,32.5,60.8,0.45,3,5,2,61.8,54.9,64.2,3,0
VIL_018,74,26.28,72.8,36.2,54.8,0.582,1,3,1,61.7,59.1,56.2,2,0
VIL_018,75,41.39,172.1,36.8,68.2,0.761,3,2,6,71.0,64.9,64.0,2,1
VIL_018,76,45.53,203.9,36.6,69.5,0.905,4,4,1,66.7,63.8,64.0,1,1
VIL_018,77,65.09,323.2,36.8,66.3,1.0,9,8,2,56.5,52.0,59.3,7,1
VIL_018,78,64.73,322.8,35.2,66.0,1.0,3,13,1,64.2,59.5,67.3,4,1
VIL_018,79,71.49,394.3,36.0,68.9,1.0,6,8,2,60.6,62.5,60.2,3,0
VIL_018,80,56.67,291.8,38.6,55.3,1.0,1,10,1,61.2,58.4,62.0,4,0
VIL_018,81,86.4,481.0,36.3,77.7,1.0,2,7,4,64.2,56.3,59.1,3,1
VIL_018,82,86.44,482.4,35.7,76.4,1.0,9,10,3,61.3,55.1,66.6,1,1
VIL_018,83,113.8,661.2,36.1,88.0,1.0,5,11,3,64.4,58.2,68.9,5,1
VIL_018,84,93.43,522.1,36.5,71.1,1.0,4,9,2,59.7,49.0,63.9,6,1
VIL_018,85,95.55,528.1,35.0,82.5,1.0,15,10,3,53.8,46.3,51.7,0,0
VIL_018,86,95.13,548.5,34.3,67.6,1.0,8,9,4,63.2,56.6,63.0,3,1
VIL_018,87,86.11,492.5,31.0,64.5,1.0,23,8,1,61.9,54.3,61.9,1,1
VIL_018,88,67.22,342.4,32.6,63.3,1.0,18,11,2,60.4,56.1,67.3,2,1
VIL_018,89,68.86,369.8,32.8,61.3,1.0,16,1,1,66.5,61.8,56.3,3,0
VIL_018,90,39.71,160.1,30.5,42.7,0.795,18,6,2,61.3,52.5,69.4,3,0
VIL_018,91,42.01,171.9,31.9,46.3,0.775,11,3,1,59.2,53.1,63.8,2,1
VIL_018,92,25.29,63.9,27.3,38.2,0.485,18,5,4,61.1,56.9,62.9,5,1
VIL_018,93,24.75,60.9,26.4,42.2,0.575,13,3,5,60.5,53.9,57.7,3,1
VIL_018,94,17.72,23.8,25.0,29.3,0.365,8,3,2,65.4,55.3,60.8,1,0
VIL_018,95,15.42,-2.1,23.8,34.5,0.237,9,1,3,65.0,61.7,65.5,5,1
VIL_018,96,9.46,-28.8,24.1,35.2,0.21,5,2,5,59.7,59.4,67.1,3,0
VIL_018,97,13.03,-20.8,22.0,29.3,0.175,3,5,3,64.2,59.4,64.5,1,0
VIL_018,98,6.31,-59.0,23.7,30.5,0.032,5,0,1,61.3,57.8,55.8,2,0
VIL_018,99,6.96,-65.3,20.7,31.6,0.178,4,5,3,65.5,56.6,61.2,2,1
VIL_018,100,6.7,-68.7,18.5,26.2,0.096,1,1,7,59.4,56.9,64.0,1,0
VIL_018,101,5.96,-57.0,17.6,34.5,0.198,1,4,6,60.5,56.1,54.9,2,1
VIL_018,102,8.18,-44.8,20.1,36.9,0.111,1,3,6,55.3,48.8,65.0,2,1
VIL_018,103,5.49,-68.4,17.9,41.3,0.171,3,5,2,63.7,60.2,68.6,1,0
VIL_018,104,7.13,-62.1,18.9,37.3,0.225,2,4,5,66.9,56.1,62.5,1,0
VIL_019,1,4.8,-72.4,16.7,37.2,0.055,4,2,11,32.8,35.3,63.3,1,1
VIL_019,2,6.32,-63.9,17.0,35.8,0.071,2,2,6,44.4,32.9,68.5,4,1
VIL_019,3,3.66,-65.8,17.2,41.4,0.096,3,4,6,41.9,36.9,62.9,3,0
VIL_019,4,9.11,-26.4,18.0,46.1,0.087,4,4,5,41.9,36.5,59.0,0,0
VIL_019,5,5.83,-50.5,17.1,41.9,0.027,3,2,5,44.3,41.0,65.5,3,0
VIL_019,6,7.07,-60.1,18.0,45.2,0.127,1,2,14,44.9,44.2,72.7,3,1
VIL_019,7,8.41,-43.2,19.2,45.8,0.12,0,3,6,40.6,29.4,64.8,1,0
VIL_019,8,5.31,-57.6,19.4,42.5,0.079,0,1,5,42.8,41.5,65.9,4,0
VIL_019,9,5.73,-73.5,20.6,47.4,0.059,3,5,2,40.1,35.5,63.8,2,1
VIL_019,10,10.9,-18.2,19.9,46.5,0.175,3,2,4,42.8,36.5,60.3,3,1
VIL_019,11,8.8,-32.8,23.0,51.8,0.049,0,3,3,41.6,39.1,66.1,1,1
VIL_019,12,5.92,-54.5,22.7,56.9,0.0,2,2,5,40.1,36.4,62.8,2,1
VIL_019,13,9.18,-30.6,23.0,53.9,0.103,2,2,5,39.3,39.0,71.6,2,0
VIL_019,14,8.42,-44.7,26.1,48.5,0.144,4,1,0,45.4,41.6,69.3,0,1
VIL_019,15,10.7,-37.0,27.4,51.7,0.205,0,2,2,42.8,36.2,62.3,4,1
VIL_019,16,6.09,-47.7,28.7,52.3,0.109,8,2,6,44.7,42.4,66.8,2,1
VIL_019,17,6.72,-54.7,29.9,47.3,0.044,4,1,2,45.4,41.7,60.9,1,0
VIL_019,18,10.15,-37.6,31.1,51.2,0.09,2,2,3,44.3,40.7,69.7,5,1
VIL_019,19,10.38,-29.5,33.4,51.3,0.199,0,4,2,44.2,39.6,66.4,3,1
VIL_019,20,12.44,-15.8,33.7,49.8,0.211,3,4,5,46.2,42.8,63.4,1,1
VIL_019,21,21.69,40.0,34.8,53.2,0.317,4,3,1,41.5,40.3,60.4,3,1
VIL_019,22,21.05,45.8,35.2,55.4,0.327,2,6,3,43.3,34.6,68.2,2,0
VIL_019,23,29.31,114.6,36.3,61.2,0.399,1,5,2,42.2,35.9,62.9,2,1
VIL_019,24,27.87,73.4,35.3,52.1,0.361,3,6,4,43.3,40.1,59.5,3,1
VIL_019,25,62.45,304.2,37.1,73.6,0.825,2,6,3,54.9,51.1,63.5,0,0
VIL_019,26,37.92,165.1,38.1,49.2,0.537,0,10,2,45.7,38.4,64.1,4,1
VIL_019,27,68.92,367.4,36.7,71.4,0.931,0,6,2,45.6,40.7,63.0,5,0
VIL_019,28,63.21,338.1,38.6,56.7,0.745,0,13,2,41.3,36.1,61.2,2,0
VIL_019,29,67.25,367.2,36.5,63.1,0.941,2,5,0,40.5,33.4,67.7,2,1
VIL_019,30,78.99,434.3,37.3,66.8,1.0,2,11,2,38.2,32.3,69.2,5,0
VIL_019,31,75.14,389.5,35.1,74.5,1.0,9,8,1,43.6,38.0,59.0,4,1
VIL_019,32,91.9,516.3,36.8,74.1,1.0,5,14,4,40.8,38.2,65.0,2,0
VIL_019,33,69.14,357.5,36.7,62.7,0.882,1,13,0,40.3,34.9,73.1,1,1
VIL_019,34,95.92,544.5,34.5,74.6,1.0,8,15,2,45.2,35.7,63.6,4,0
VIL_019,35,80.7,430.7,32.0,61.3,1.0,21,13,7,38.8,29.8,58.6,4,1
VIL_019,36,72.88,391.4,32.7,63.7,0.934,24,9,1,42.0,37.1,52.6,3,1
VIL_019,37,36.11,148.1,30.6,44.0,0.565,18,9,0,46.6,40.6,68.0,1,0
VIL_019,38,33.32,125.1,30.7,38.7,0.41,19,4,1,35.5,35.4,63.1,3,1
VIL_019,39,26.73,82.6,30.4,44.0,0.32,15,4,3,43.7,44.3,59.8,0,0
VIL_019,40,24.23,69.0,28.8,42.5,0.303,20,3,0,41.5,36.7,61.4,1,1
VIL_019,41,19.23,20.9,25.1,29.7,0.242,11,2,2,45.8,40.1,63.9,3,0
VIL_019,42,13.68,-5.5,25.4,29.4,0.164,8,3,3,39.2,35.7,61.3,1,1
VIL_019,43,11.03,-27.0,24.9,33.0,0.134,5,2,0,50.2,44.9,66.5,4,0
VIL_019,44,8.0,-35.2,25.1,28.3,0.089,4,1,2,47.4,42.8,63.3,3,1
VIL_019,45,7.2,-43.9,22.2,29.5,0.018,4,5,1,46.5,41.8,59.8,1,1
VIL_019,46,6.01,-65.5,21.9,26.4,0.105,1,4,2,40.8,37.9,60.8,5,0
VIL_019,47,11.49,-16.2,20.6,30.1,0.131,1,2,1,47.8,42.3,58.8,1,0
VIL_019,48,4.96,-52.9,18.8,29.7,0.058,1,1,3,39.1,34.3,66.8,4,0
VIL_019,49,16.59,14.8,18.2,39.2,0.16,0,1,6,42.8,40.8,59.6,3,1
VIL_019,50,4.55,-72.7,17.9,34.5,0.0,0,1,4,44.9,39.4,67.2,2,1
VIL_019,51,5.6,-73.3,19.2,32.1,0.07,2,2,1,38.0,28.9,60.8,1,1
VIL_019,52,9.71,-54.9,16.4,34.1,0.207,2,4,8,37.2,34.6,65.4,4,0
VIL_019,53,6.1,-48.2,16.9,33.1,0.157,4,0,7,52.0,53.2,65.5,2,1
VIL_019,54,6.25,-71.8,16.3,43.3,0.038,1,3,6,46.2,41.5,65.7,2,1
VIL_019,55,5.9,-70.8,18.6,48.8,0.042,1,2,11,39.1,36.5,59.1,3,1
VIL_019,56,6.03,-58.8,17.8,43.3,0.089,4,2,6,35.5,28.3,66.6,3,1
VIL_019,57,6.43,-54.0,19.3,32.6,0.0,4,0,8,44.5,41.5,69.6,2,1
VIL_019,58,7.0,-38.6,14.9,46.5,0.064,3,5,5,43.8,35.5,66.3,5,0
VIL_019,59,5.14,-62.1,19.9,48.9,0.08,1,3,2,44.0,36.3,67.4,4,0
VIL_019,60,9.38,-40.2,18.4,44.6,0.114,1,2,7,41.6,33.6,68.3,3,1
VIL_019,61,6.03,-62.5,19.7,49.8,0.0,0,1,3,37.4,33.3,65.1,4,0
VIL_019,62,5.0,-81.8,21.1,50.6,0.0,2,3,6,34.3,35.9,63.2,4,0
VIL_019,63,6.75,-40.6,22.3,52.9,0.018,2,1,4,46.2,43.4,63.5,3,0
VIL_019,64,8.69,-33.2,23.4,46.7,0.112,5,4,3,46.8,46.3,67.7,3,1
VIL_019,65,6.31,-55.2,23.8,48.4,0.042,5,1,3,39.0,30.4,64.6,4,0
VIL_019,66,5.57,-48.5,25.7,48.5,0.152,3,2,3,40.8,34.0,61.2,1,0
VIL_019,67,11.49,-12.6,26.9,55.9,0.086,3,0,2,39.6,34.6,59.3,2,0
VIL_019,68,9.84,-29.0,26.2,48.0,0.193,3,4,5,47.8,45.8,60.5,3,0
VIL_019,69,11.18,-25.8,29.8,53.7,0.089,3,3,4,44.9,38.6,71.0,0,1
VIL_019,70,11.44,-23.3,30.6,50.7,0.278,5,4,1,42.4,40.7,62.9,1,0
VIL_019,71,15.02,-14.7,31.9,54.6,0.233,3,0,2,42.4,41.5,67.2,5,1
VIL_019,72,18.13,31.6,32.1,54.6,0.131,7,2,1,37.9,36.0,61.3,6,0
VIL_019,73,30.72,102.9,33.7,54.4,0.47,2,3,6,42.7,39.4,59.9,2,1
VIL_019,74,23.78,69.2,31.9,53.6,0.294,1,5,3,46.3,41.1,68.0,1,1
VIL_019,75,41.53,184.2,34.6,57.7,0.6,1,7,1,37.3,33.2,63.2,2,1
VIL_019,76,37.29,149.6,35.3,57.1,0.497,1,5,2,40.2,40.0,67.0,3,1
VIL_019,77,55.2,276.4,36.3,72.0,0.718,2,2,0,41.7,42.6,63.1,1,0
VIL_019,78,53.68,250.1,36.7,61.4,0.703,4,5,1,36.8,31.5,59.9,3,1
VIL_019,79,82.91,438.0,38.1,74.0,1.0,1,7,5,46.9,37.4,66.7,1,1
VIL_019,80,68.31,353.9,35.7,67.2,0.889,5,6,1,41.3,43.2,60.7,4,1
VIL_019,81,74.03,397.9,37.8,72.3,0.922,1,7,3,41.7,38.2,64.6,0,1
VIL_019,82,87.33,490.8,39.1,77.8,1.0,4,11,2,35.8,28.8,63.7,4,1
VIL_019,83,80.2,435.6,35.8,71.9,1.0,5,10,4,41.4,37.9,63.1,3,1
VIL_019,84,85.84,463.3,36.7,69.1,1.0,6,13,1,47.6,37.3,72.5,2,1
VIL_019,85,83.36,468.8,36.9,69.1,1.0,3,15,5,42.7,40.3,64.0,4,1
VIL_019,86,65.19,331.0,36.2,65.7,0.869,9,15,1,44.6,43.2,65.7,1,1
VIL_019,87,72.47,387.0,33.3,56.9,0.91,11,9,4,39.6,36.0,67.1,2,0
VIL_019,88,78.78,430.2,34.0,66.6,1.0,12,6,1,34.8,31.2,66.1,0,1
VIL_019,89,40.3,169.4,32.7,44.9,0.529,8,5,2,47.4,50.0,67.8,6,0
VIL_019,90,44.48,177.1,32.0,49.4,0.659,16,5,5,43.6,35.0,66.6,1,1
VIL_019,91,37.99,146.5,30.2,44.6,0.55,17,7,2,47.5,44.1,64.1,2,1
VIL_019,92,29.86,103.7,29.6,33.9,0.41,11,4,3,44.1,34.9,73.0,0,1
VIL_019,93,23.79,74.3,26.7,39.3,0.393,7,4,1,44.6,36.7,64.6,2,1
VIL_019,94,17.6,24.1,25.2,30.2,0.209,9,0,2,40.7,41.4,66.0,3,0
VIL_019,95,15.02,5.0,22.0,28.4,0.232,10,3,4,51.9,46.8,72.4,4,0
VIL_019,96,11.52,-43.1,22.9,32.1,0.128,5,4,3,42.1,34.8,69.5,2,1
VIL_019,97,10.33,-20.5,22.0,30.3,0.114,5,1,5,44.2,40.2,64.9,2,1
VIL_019,98,12.54,-7.2,19.2,30.6,0.064,3,5,3,42.4,37.3,62.3,5,0
VIL_019,99,14.67,3.5,20.4,34.1,0.201,2,3,6,44.1,40.6,70.6,5,0
VIL_019,100,8.42,-41.2,20.8,30.6,0.119,1,2,7,43.4,42.4,61.4,4,1
VIL_019,101,7.81,-42.9,17.7,40.4,0.097,4,0,4,45.2,38.6,68.3,6,1
VIL_019,102,7.72,-36.3,20.4,36.6,0.126,3,4,6,39.4,32.3,75.3,1,0
VIL_019,103,7.07,-53.4,18.1,35.5,0.144,0,1,3,40.5,34.2,68.0,0,1
VIL_019,104,7.24,-48.0,18.3,40.4,0.096,1,0,4,43.7,36.7,60.8,1,0
VIL_020,1,4.46,-51.1,14.3,32.1,0.062,0,2,5,65.6,56.9,61.5,1,0
VIL_020,2,7.86,-53.2,17.0,40.6,0.149,1,1,4,60.2,53.1,72.2,1,0
VIL_020,3,7.25,-52.6,19.5,38.9,0.098,2,2,5,58.5,47.6,70.7,2,1
VIL_020,4,7.56,-59.5,14.9,40.9,0.171,2,1,2,59.6,49.0,72.1,2,0
VIL_020,5,6.24,-56.8,17.4,38.8,0.16,1,3,2,61.1,49.4,73.4,0,0
VIL_020,6,12.38,-19.0,17.9,46.7,0.241,1,1,6,61.9,59.5,68.8,2,0
VIL_020,7,6.35,-46.1,18.6,57.3,0.082,1,1,4,65.3,53.9,74.8,3,0
VIL_020,8,8.67,-28.0,21.0,54.2,0.092,1,3,2,57.5,48.8,65.6,2,0
VIL_020,9,8.74,-33.9,19.3,43.6,0.115,0,1,3,60.7,53.0,65.4,0,1
VIL_020,10,11.16,-15.1,19.0,49.7,0.205,0,0,4,63.8,61.8,66.1,3,0
VIL_020,11,4.82,-74.9,21.7,45.5,0.118,2,0,1,54.8,46.5,72.7,2,0
VIL_020,12,4.86,-77.1,22.7,47.7,0.0,2,0,4,53.1,48.6,73.3,1,0
VIL_020,13,5.58,-58.4,21.9,51.4,0.09,3,2,3,68.7,63.7,64.5,1,0
VIL_020,14,5.43,-63.6,26.1,47.2,0.0,3,0,0,62.1,56.3,78.0,1,0
VIL_020,15,8.09,-26.1,25.6,46.1,0.107,1,0,0,59.8,55.5,75.0,2,1
VIL_020,16,7.6,-68.5,28.1,53.1,0.075,0,0,0,62.5,52.3,72.5,3,1
VIL_020,17,5.15,-59.5,29.0,42.0,0.027,0,3,1,62.5,50.2,70.9,0,0
VIL_020,18,9.32,-31.8,29.3,49.3,0.167,3,0,2,60.4,56.3,76.7,0,0
VIL_020,19,10.76,-35.9,32.7,42.7,0.111,3,1,1,56.0,49.1,67.8,1,0
VIL_020,20,16.0,-3.0,32.3,46.4,0.213,2,1,0,66.8,62.1,76.6,1,1
VIL_020,21,22.77,48.4,33.7,56.0,0.257,0,1,2,63.1,56.6,72.9,4,1
VIL_020,22,20.86,22.7,35.2,48.4,0.282,0,1,4,62.3,61.4,64.3,0,0
VIL_020,23,39.11,175.3,35.6,51.7,0.569,1,2,1,67.1,61.4,70.2,1,0
VIL_020,24,40.57,197.5,36.0,55.9,0.497,0,0,2,63.3,56.1,68.7,1,0
VIL_020,25,45.01,196.7,35.4,56.6,0.632,2,1,3,61.6,55.0,64.3,0,1
VIL_020,26,64.86,326.0,35.4,63.6,0.868,0,5,0,56.8,49.8,76.0,1,1
VIL_020,27,73.46,376.6,37.1,73.9,0.982,1,8,3,58.7,54.7,73.5,0,0
VIL_020,28,80.6,426.3,35.8,67.9,1.0,3,1,0,67.2,55.1,69.0,2,0
VIL_020,29,110.44,630.4,37.9,85.5,1.0,0,1,0,66.4,58.0,66.4,1,0
VIL_020,30,92.48,528.6,36.6,78.2,1.0,4,5,1,57.1,49.6,77.0,2,0
VIL_020,31,80.4,467.9,37.1,69.2,1.0,2,3,1,58.1,52.4,72.0,2,0
VIL_020,32,77.8,411.5,34.7,66.6,1.0,4,3,0,64.3,59.0,74.4,1,1
VIL_020,33,103.54,581.3,33.9,77.2,1.0,6,3,2,59.7,54.0,70.8,2,0
VIL_020,34,83.8,447.0,36.5,64.5,1.0,1,6,0,65.6,59.5,70.3,1,0
VIL_020,35,56.77,283.0,33.5,52.6,0.742,5,5,1,63.7,55.1,62.4,0,0
VIL_020,36,48.86,229.2,33.8,53.2,0.71,5,1,1,69.0,60.4,68.9,3,1
VIL_020,37,49.03,227.9,30.0,48.4,0.697,12,5,0,61.9,54.6,70.6,1,1
VIL_020,38,41.41,171.7,30.2,46.7,0.658,10,4,0,64.9,57.9,69.2,0,1
VIL_020,39,26.11,87.7,31.0,42.6,0.27,5,0,4,64.5,53.1,73.4,0,0
VIL_020,40,17.68,25.5,26.3,36.2,0.271,8,0,0,59.6,53.1,81.1,0,1
VIL_020,41,16.85,19.6,29.7,28.4,0.282,7,0,2,61.9,58.0,68.9,2,1
VIL_020,42,17.52,20.5,26.0,35.8,0.284,4,0,2,60.6,53.2,79.0,1,1
VIL_020,43,12.0,-21.9,23.6,35.8,0.147,2,0,4,58.9,56.6,68.3,1,0
VIL_020,44,12.87,-21.4,23.9,30.2,0.103,3,1,3,62.2,52.7,66.1,0,1
VIL_020,45,8.61,-37.4,23.7,24.7,0.192,0,0,1,62.4,60.0,64.5,3,0
VIL_020,46,9.32,-33.6,20.3,30.4,0.1,1,1,6,62.2,61.7,62.5,1,0
VIL_020,47,6.36,-51.9,19.6,32.3,0.07,1,1,2,58.0,55.6,67.5,2,0
VIL_020,48,5.13,-81.4,19.8,34.3,0.172,2,0,3,64.3,52.6,74.9,1,1
VIL_020,49,8.08,-42.7,19.3,32.3,0.044,2,0,1,59.1,53.3,76.5,2,0
VIL_020,50,10.09,-35.8,17.9,28.4,0.176,1,1,1,62.5,60.6,68.2,2,0
VIL_020,51,7.76,-57.0,18.1,31.4,0.066,2,2,1,59.2,56.8,67.1,0,0
VIL_020,52,6.84,-47.1,18.3,38.7,0.052,0,1,1,62.9,52.4,66.4,0,0
VIL_020,53,8.9,-38.9,17.3,47.4,0.127,2,1,0,63.7,60.2,74.3,2,0
VIL_020,54,10.77,-4.7,16.2,41.5,0.177,1,0,3,60.0,56.8,71.1,1,0
VIL_020,55,12.18,-14.0,17.0,48.7,0.21,2,1,1,64.8,56.9,65.5,1,1
VIL_020,56,6.74,-58.0,19.4,37.7,0.144,1,2,1,65.8,56.7,61.9,1,0
VIL_020,57,7.24,-52.8,18.0,40.7,0.061,1,0,4,64.1,61.2,77.1,0,0
VIL_020,58,8.93,-52.2,19.6,35.8,0.062,2,2,2,59.7,51.0,66.8,1,0
VIL_020,59,6.36,-45.3,18.2,46.3,0.068,0,3,7,60.1,50.1,70.4,2,0
VIL_020,60,5.2,-62.2,19.8,41.5,0.087,0,0,1,58.2,48.5,72.5,0,1
VIL_020,61,6.99,-50.1,21.3,49.1,0.083,2,2,1,60.2,57.3,63.6,1,1
VIL_020,62,6.21,-69.3,23.1,44.9,0.0,3,2,1,61.0,52.6,74.5,1,0
VIL_020,63,5.1,-58.2,23.8,55.0,0.0,1,2,1,60.9,57.1,65.3,2,0
VIL_020,64,5.28,-74.2,22.1,54.5,0.058,2,4,4,61.1,56.3,70.9,1,0
VIL_020,65,6.57,-61.7,26.0,39.0,0.13,2,1,2,65.3,56.1,74.8,3,0
VIL_020,66,5.92,-59.3,27.8,50.3,0.034,3,2,1,63.8,57.8,74.2,3,0
VIL_020,67,10.08,-38.6,26.3,47.0,0.171,1,3,1,63.6,61.1,69.9,1,0
VIL_020,68,6.16,-66.9,27.1,50.4,0.007,1,0,3,62.3,56.5,61.9,0,1
VIL_020,69,8.35,-44.9,29.4,43.1,0.124,2,3,0,61.3,58.2,67.3,2,0
VIL_020,70,18.34,32.4,30.8,58.8,0.258,2,0,2,66.0,55.2,66.8,0,1
VIL_020,71,17.3,24.3,31.2,56.0,0.254,2,2,0,63.5,56.0,74.0,3,0
VIL_020,72,22.49,57.0,31.3,48.1,0.249,1,1,1,60.0,54.5,66.5,3,0
VIL_020,73,23.95,64.5,35.4,52.9,0.242,0,0,1,61.7,55.2,76.5,1,0
VIL_020,74,34.91,128.0,33.5,58.8,0.502,0,1,3,55.4,48.0,73.8,0,0
VIL_020,75,37.96,164.2,34.6,61.5,0.43,2,4,0,62.8,60.0,73.2,1,0
VIL_020,76,45.69,187.2,36.0,61.3,0.571,1,3,1,63.1,57.5,71.0,0,0
VIL_020,77,55.21,272.4,34.6,68.1,0.806,1,0,1,70.2,61.1,71.5,1,0
VIL_020,78,72.35,390.8,34.9,72.1,0.973,1,1,0,64.8,54.2,69.6,0,0
VIL_020,79,68.32,354.6,36.4,71.6,0.929,3,6,0,58.5,46.9,74.0,0,0
VIL_020,80,73.11,380.2,38.0,64.9,1.0,0,3,3,61.8,54.6,67.7,0,0
VIL_020,81,84.59,463.6,37.2,74.8,1.0,1,6,3,59.9,54.6,69.0,1,1
VIL_020,82,80.61,429.8,34.2,76.4,1.0,11,5,1,62.7,56.3,71.9,0,1
VIL_020,83,107.01,618.5,38.0,89.5,1.0,1,9,1,61.5,49.8,62.7,2,1
VIL_020,84,79.56,439.9,36.8,69.8,1.0,2,3,1,60.3,53.2,71.6,3,1
VIL_020,85,79.43,434.0,35.5,67.7,1.0,7,3,2,60.0,53.9,73.2,0,0
VIL_020,86,82.34,452.8,34.7,74.2,1.0,4,2,1,66.1,59.5,67.6,0,0
VIL_020,87,72.69,392.2,34.4,62.7,0.991,7,0,2,59.3,48.6,58.9,2,0
VIL_020,88,64.97,341.9,35.5,63.2,0.84,4,2,0,59.3,52.7,72.1,0,0
VIL_020,89,69.56,356.0,32.7,60.0,0.906,5,6,0,60.3,55.3,62.6,0,0
VIL_020,90,39.48,147.8,30.9,45.2,0.601,13,3,0,61.3,59.2,68.5,0,1
VIL_020,91,34.95,135.8,27.9,38.1,0.429,11,0,3,61.4,55.3,80.3,3,0
VIL_020,92,20.74,47.5,28.4,30.4,0.297,7,3,1,66.5,58.2,80.0,2,0
VIL_020,93,24.37,46.7,27.9,41.2,0.37,8,0,4,73.9,69.4,71.8,2,1
VIL_020,94,15.05,1.0,25.7,39.7,0.19,6,2,3,58.7,57.2,68.6,1,0
VIL_020,95,14.6,8.6,24.0,33.4,0.19,4,0,4,61.8,54.0,70.2,3,0
VIL_020,96,12.07,-20.7,24.1,31.5,0.209,4,1,3,61.6,46.4,70.5,1,0
VIL_020,97,8.88,-25.6,21.2,35.3,0.112,1,3,5,64.5,62.1,63.4,1,1
VIL_020,98,7.65,-35.6,22.4,32.7,0.0,3,4,3,65.3,55.2,70.8,1,0
VIL_020,99,7.39,-52.6,19.8,22.5,0.174,2,1,0,57.8,46.6,76.8,0,0
VIL_020,100,9.17,-42.6,17.0,37.9,0.073,4,1,2,60.6,58.1,71.1,0,0
VIL_020,101,6.89,-57.6,18.2,28.5,0.103,3,0,2,57.2,53.3,71.2,0,1
VIL_020,102,9.34,-36.4,18.1,36.1,0.059,0,2,1,59.0,53.4,70.8,2,0
VIL_020,103,9.6,-47.7,18.3,35.6,0.103,0,1,4,66.0,63.7,61.6,1,0
VIL_020,104,5.91,-74.2,17.8,34.2,0.057,0,2,5,56.9,50.2,67.6,1,0
VIL_021,1,9.98,-33.5,17.9,37.6,0.152,4,4,13,27.0,28.7,49.3,5,1
VIL_021,2,7.76,-49.2,17.0,43.4,0.134,3,2,4,30.8,27.0,52.1,2,0
VIL_021,3,13.84,-6.4,16.8,41.4,0.172,2,0,11,24.5,27.0,45.7,2,1
VIL_021,4,8.25,-32.4,17.2,44.2,0.054,2,2,7,30.3,27.4,37.4,3,1
VIL_021,5,7.41,-70.7,19.0,46.4,0.15,4,4,5,34.7,29.2,45.5,3,1
VIL_021,6,6.28,-38.9,17.6,33.2,0.053,2,0,5,24.1,20.0,46.6,2,0
VIL_021,7,8.03,-50.0,17.2,49.1,0.096,4,3,13,30.1,27.2,43.9,3,1
VIL_021,8,9.86,-35.0,18.3,52.6,0.221,3,3,5,27.4,24.7,47.8,4,1
VIL_021,9,4.37,-57.5,20.1,44.2,0.041,0,3,12,32.8,25.0,46.4,3,0
VIL_021,10,4.15,-66.3,21.9,47.3,0.116,5,1,2,25.3,27.2,39.6,1,0
VIL_021,11,6.13,-53.8,23.4,44.1,0.101,3,3,5,32.1,28.6,46.4,3,1
VIL_021,12,11.17,-13.1,25.4,51.7,0.121,3,5,1,28.3,25.8,41.7,4,0
VIL_021,13,9.46,-38.6,25.5,59.5,0.143,1,2,5,29.8,29.5,44.5,4,1
VIL_021,14,4.94,-57.9,24.7,38.7,0.03,9,2,1,26.8,26.1,35.3,4,1
VIL_021,15,6.33,-70.4,26.8,46.1,0.13,5,3,5,30.6,22.1,34.0,4,0
VIL_021,16,7.58,-45.3,25.6,51.7,0.163,7,2,4,27.2,26.8,46.0,2,0
VIL_021,17,8.68,-36.5,29.0,53.7,0.118,6,0,4,22.5,20.0,40.3,1,1
VIL_021,18,7.09,-41.3,29.8,41.9,0.162,3,2,2,25.8,23.3,45.8,3,1
VIL_021,19,17.35,22.8,28.9,49.4,0.239,3,2,2,27.9,31.4,45.7,3,0
VIL_021,20,16.5,12.1,35.2,48.4,0.266,2,6,3,32.3,31.2,46.2,1,1
VIL_021,21,19.24,25.1,33.2,48.6,0.404,3,4,4,19.1,20.6,45.1,1,1
VIL_021,22,31.91,109.5,32.0,56.2,0.549,2,9,2,27.1,27.6,44.2,4,1
VIL_021,23,26.36,72.5,34.9,47.1,0.342,2,3,3,27.9,30.1,41.4,8,0
VIL_021,24,39.08,147.5,37.8,57.1,0.536,3,6,5,26.8,26.9,41.8,8,1
VIL_021,25,53.97,277.3,38.6,60.6,0.667,3,5,1,26.4,20.0,45.2,2,0
VIL_021,26,55.34,278.9,36.8,63.6,0.778,2,14,4,30.6,27.6,45.5,6,0
VIL_021,27,67.63,353.4,37.0,66.0,0.921,3,9,5,29.4,21.5,42.8,2,1
VIL_021,28,86.41,484.2,38.5,76.3,1.0,0,9,3,22.3,22.0,50.0,2,0
VIL_021,29,96.81,552.9,36.7,76.9,1.0,5,13,3,29.2,27.6,43.7,4,0
VIL_021,30,107.18,604.6,37.3,88.9,1.0,2,19,1,31.1,32.2,39.7,2,1
VIL_021,31,81.83,451.9,37.4,70.0,1.0,2,25,1,31.3,29.3,44.1,4,0
VIL_021,32,92.16,527.1,34.6,75.5,1.0,11,13,4,27.2,21.6,54.2,5,1
VIL_021,33,67.6,343.9,37.1,61.6,0.878,3,13,3,30.8,27.5,52.6,6,0
VIL_021,34,68.14,338.9,33.4,61.6,0.907,21,4,4,28.5,25.9,39.9,0,1
VIL_021,35,66.22,329.8,32.9,59.9,0.97,22,8,4,32.4,30.8,47.8,5,1
VIL_021,36,70.97,372.2,32.8,64.9,0.916,24,13,4,33.8,30.0,44.2,4,1
VIL_021,37,50.06,221.5,32.8,49.5,0.701,13,10,2,32.1,26.1,45.1,4,1
VIL_021,38,38.46,154.7,31.4,41.6,0.484,17,5,4,30.6,29.9,47.8,5,1
VIL_021,39,34.88,126.0,29.3,42.7,0.416,17,7,4,22.6,20.0,48.4,3,0
VIL_021,40,28.74,91.6,28.5,36.9,0.379,22,5,5,33.2,30.7,40.4,7,0
VIL_021,41,19.56,25.3,28.3,34.6,0.395,11,5,1,30.5,28.5,42.1,1,1
VIL_021,42,15.02,-0.3,25.8,28.6,0.239,8,3,2,25.3,22.2,47.7,3,1
VIL_021,43,9.15,-33.0,23.6,34.4,0.145,5,0,2,35.9,33.7,45.2,2,1
VIL_021,44,8.3,-54.2,22.7,27.2,0.084,4,1,4,23.6,20.0,34.5,1,1
VIL_021,45,5.99,-57.2,23.4,34.6,0.061,6,4,3,30.0,27.9,51.8,5,0
VIL_021,46,7.9,-55.9,20.3,31.2,0.031,2,0,3,34.0,31.2,48.6,4,0
VIL_021,47,7.99,-46.8,18.5,35.8,0.196,1,1,8,33.7,35.2,38.8,3,0
VIL_021,48,6.64,-56.6,19.1,29.6,0.102,3,6,8,25.3,23.3,43.8,4,0
VIL_021,49,3.98,-69.9,18.7,24.5,0.062,1,1,5,31.5,27.8,45.2,5,1
VIL_021,50,5.11,-64.1,19.2,27.4,0.078,4,1,4,27.9,28.0,45.4,5,0
VIL_021,51,5.5,-51.0,15.9,45.4,0.178,4,2,6,30.1,28.5,52.4,3,0
VIL_021,52,9.7,-35.6,17.7,36.3,0.144,1,1,6,29.5,24.3,49.6,4,0
VIL_021,53,11.82,-27.5,18.5,45.3,0.148,4,5,6,32.3,30.3,43.4,3,1
VIL_021,54,5.36,-55.0,16.0,33.7,0.161,0,3,5,28.5,25.0,45.7,7,0
VIL_021,55,6.43,-53.8,17.2,41.3,0.079,2,4,10,31.2,25.1,44.1,3,1
VIL_021,56,10.76,-19.4,14.7,45.3,0.059,1,3,11,23.1,23.9,40.4,4,0
VIL_021,57,4.19,-73.3,18.7,53.1,0.0,3,1,7,29.2,24.5,51.4,6,1
VIL_021,58,10.66,-42.0,19.1,44.7,0.133,5,5,7,27.3,26.4,45.6,2,1
VIL_021,59,5.88,-38.3,18.7,41.7,0.093,5,1,4,22.0,20.5,39.9,1,0
VIL_021,60,6.02,-65.9,17.9,46.9,0.121,3,0,8,26.9,24.6,44.0,4,1
VIL_021,61,7.99,-58.3,21.2,43.5,0.061,2,0,5,31.5,32.1,47.8,1,0
VIL_021,62,5.56,-55.8,21.0,48.3,0.063,6,3,4,30.7,26.9,42.4,3,1
VIL_021,63,5.8,-70.8,19.0,47.0,0.037,0,2,6,33.5,28.5,44.8,2,1
VIL_021,64,9.6,-39.9,24.4,46.5,0.184,3,3,2,27.7,26.2,48.3,2,1
VIL_021,65,13.86,-6.4,26.0,53.8,0.249,6,4,4,25.5,24.3,44.6,4,0
VIL_021,66,7.45,-51.8,27.4,49.2,0.197,4,2,5,27.6,26.1,50.1,1,1
VIL_021,67,8.76,-45.2,25.5,52.4,0.134,5,2,3,32.4,29.8,46.5,2,0
VIL_021,68,14.9,15.2,25.9,58.8,0.292,8,4,10,26.4,23.8,44.3,0,0
VIL_021,69,9.98,-34.6,28.9,47.3,0.098,5,4,4,32.7,31.0,41.5,4,0
VIL_021,70,11.68,-31.1,31.2,48.0,0.166,6,4,3,26.2,20.0,48.9,5,0
VIL_021,71,13.04,-3.3,30.5,44.4,0.121,5,4,3,34.3,29.1,46.3,3,0
VIL_021,72,20.62,30.2,30.8,54.9,0.304,8,3,2,24.8,25.9,45.4,3,0
VIL_021,73,23.4,54.9,34.5,50.8,0.326,7,5,3,23.7,20.0,45.9,3,1
VIL_021,74,20.59,28.2,34.1,52.4,0.152,6,6,6,37.1,36.9,47.4,3,0
VIL_021,75,36.08,142.6,36.0,62.3,0.537,2,7,4,27.8,24.7,40.8,4,1
VIL_021,76,35.82,139.2,35.9,53.7,0.52,4,7,3,29.6,25.9,44.2,2,1
VIL_021,77,54.1,260.4,36.2,62.5,0.694,3,6,1,33.4,26.3,44.8,2,0
VIL_021,78,73.97,394.6,36.6,77.2,1.0,5,6,2,23.4,23.9,42.6,2,1
VIL_021,79,52.77,260.0,36.5,64.2,0.629,4,14,4,28.7,27.3,50.1,2,1
VIL_021,80,71.89,386.3,36.4,72.1,0.92,6,8,1,24.2,24.1,44.0,4,0
VIL_021,81,98.56,546.6,35.6,80.3,1.0,8,10,4,25.3,20.0,42.8,0,1
VIL_021,82,85.89,465.9,37.3,68.7,1.0,3,12,5,31.7,25.6,48.1,6,1
VIL_021,83,99.66,573.6,37.8,77.3,1.0,1,10,5,26.0,20.0,45.8,2,0
VIL_021,84,99.94,558.4,35.3,75.2,1.0,6,20,3,25.7,23.3,53.7,2,1
VIL_021,85,96.26,546.6,37.5,78.8,1.0,2,19,1,32.4,31.3,40.8,8,1
VIL_021,86,75.27,410.2,34.9,66.3,1.0,15,19,5,30.9,25.6,47.3,1,0
VIL_021,87,44.85,182.6,33.9,46.8,0.634,20,9,2,32.3,30.6,50.3,4,1
VIL_021,88,65.24,330.9,33.5,57.1,0.893,18,6,3,27.7,20.0,46.9,2,1
VIL_021,89,41.8,186.8,32.8,48.5,0.629,14,8,3,28.4,25.9,39.0,4,0
VIL_021,90,49.61,229.3,30.0,48.8,0.634,23,6,1,27.6,22.7,51.3,6,1
VIL_021,91,34.39,125.2,30.1,39.9,0.406,16,5,1,29.0,20.6,53.5,3,0
VIL_021,92,26.23,83.2,29.5,46.0,0.32,22,6,1,29.9,26.3,43.5,2,1
VIL_021,93,24.58,74.9,26.5,35.2,0.26,13,2,5,27.2,23.5,44.5,0,1
VIL_021,94,15.69,-2.2,25.8,35.8,0.213,21,1,2,27.3,27.5,48.4,6,1
VIL_021,95,13.22,5.8,23.7,33.8,0.169,3,3,5,25.6,24.7,41.5,2,0
VIL_021,96,13.79,-25.9,22.9,26.9,0.208,9,0,5,34.3,34.9,48.0,5,0
VIL_021,97,8.76,-56.7,21.9,28.4,0.036,3,2,1,28.5,21.8,44.3,1,0
VIL_021,98,7.54,-54.2,20.2,34.6,0.1,1,5,3,27.4,23.1,44.6,2,0
VIL_021,99,6.06,-62.9,20.3,30.9,0.142,1,2,8,31.3,26.2,49.1,2,1
VIL_021,100,11.02,-29.4,19.9,29.0,0.176,2,5,6,27.9,21.7,40.9,5,0
VIL_021,101,13.02,-18.5,19.3,38.4,0.079,6,0,5,26.8,22.2,50.4,3,0
VIL_021,102,5.49,-70.7,17.2,31.9,0.073,0,2,9,34.0,30.7,40.6,2,1
VIL_021,103,15.14,-1.2,16.9,41.9,0.165,2,2,9,24.3,23.8,46.2,4,0
VIL_021,104,8.42,-49.8,18.3,48.8,0.113,1,1,8,34.2,34.3,39.6,3,1
VIL_022,1,3.96,-86.3,15.7,39.7,0.142,1,1,11,62.1,55.3,63.8,3,0
VIL_022,2,9.22,-42.8,18.4,41.7,0.276,4,4,5,59.4,46.7,54.9,3,0
VIL_022,3,11.82,-22.4,18.9,44.0,0.231,2,2,6,54.1,45.8,67.7,4,1
VIL_022,4,3.3,-94.5,17.5,32.8,0.038,2,3,10,61.3,54.3,64.6,5,1
VIL_022,5,6.93,-60.9,17.1,43.2,0.248,2,6,12,61.8,50.5,56.0,4,0
VIL_022,6,6.04,-60.4,19.3,41.9,0.177,4,4,7,53.5,45.9,62.8,2,1
VIL_022,7,4.48,-50.0,19.5,52.5,0.09,2,1,10,59.1,52.6,57.7,1,1
VIL_022,8,5.96,-56.5,19.0,40.3,0.152,2,2,5,57.8,51.8,55.9,4,1
VIL_022,9,6.15,-57.4,21.8,45.5,0.071,2,3,4,52.9,47.4,55.4,4,1
VIL_022,10,4.61,-52.4,20.8,47.7,0.148,3,2,3,60.8,49.1,56.8,2,1
VIL_022,11,6.33,-51.9,20.8,43.6,0.037,2,2,7,62.5,57.7,62.4,2,0
VIL_022,12,7.2,-44.7,23.4,56.0,0.197,4,3,5,57.1,54.1,59.5,5,1
VIL_022,13,7.21,-56.0,25.9,56.3,0.108,9,1,2,58.9,52.4,63.3,2,1
VIL_022,14,5.83,-73.8,25.9,44.5,0.034,6,0,1,55.1,51.4,54.0,3,0
VIL_022,15,8.68,-39.5,25.6,46.9,0.074,2,2,4,57.2,48.3,59.7,3,0
VIL_022,16,8.11,-27.7,27.7,57.4,0.138,14,5,3,52.8,46.0,55.0,5,0
VIL_022,17,9.84,-19.3,30.8,54.8,0.232,3,3,2,63.6,58.0,60.7,6,0
VIL_022,18,5.58,-56.2,30.9,45.2,0.042,4,4,1,56.8,52.1,62.7,5,0
VIL_022,19,7.12,-59.4,31.6,48.5,0.081,5,3,1,55.6,48.7,61.1,3,0
VIL_022,20,22.09,31.7,32.5,48.0,0.417,3,2,4,55.9,45.4,56.7,2,0
VIL_022,21,17.26,6.8,34.9,59.0,0.386,5,6,5,62.0,58.9,55.8,6,1
VIL_022,22,22.96,55.2,35.7,52.5,0.506,3,6,4,62.8,53.9,59.0,1,0
VIL_022,23,25.46,65.0,33.5,54.7,0.516,3,3,4,49.9,49.2,56.0,3,1
VIL_022,24,35.84,148.9,37.0,52.7,0.766,3,11,2,62.1,60.4,54.8,2,1
VIL_022,25,47.4,201.1,37.0,56.6,0.982,4,6,1,53.6,47.6,54.7,2,0
VIL_022,26,49.82,230.8,38.6,62.9,0.976,1,9,2,64.0,60.5,61.4,1,1
VIL_022,27,62.29,307.6,36.8,73.8,1.0,5,14,5,49.0,44.0,63.1,6,0
VIL_022,28,68.16,364.3,38.4,65.7,1.0,2,8,2,51.3,42.9,70.3,6,1
VIL_022,29,89.35,501.1,37.5,73.4,1.0,2,12,2,57.3,54.1,55.6,2,1
VIL_022,30,89.49,488.3,35.4,77.4,1.0,7,11,3,57.4,54.2,67.7,5,1
VIL_022,31,77.69,426.5,37.6,75.7,1.0,3,17,3,52.7,49.1,57.8,3,1
VIL_022,32,107.04,597.4,36.8,80.3,1.0,5,9,4,56.1,51.6,54.1,1,0
VIL_022,33,68.3,337.5,34.4,61.5,1.0,13,17,2,61.2,57.6,58.6,2,1
VIL_022,34,57.46,274.2,34.8,59.6,1.0,12,7,3,49.0,46.7,59.9,5,1
VIL_022,35,67.21,328.2,36.2,64.2,1.0,10,10,4,58.9,54.7,58.6,4,0
VIL_022,36,55.84,271.1,32.1,52.9,1.0,27,8,2,55.5,55.2,59.6,1,1
VIL_022,37,47.8,217.8,32.5,53.9,1.0,18,12,1,61.7,57.9,58.2,1,0
VIL_022,38,30.76,101.0,29.2,42.8,0.648,29,7,5,67.1,60.8,54.7,3,0
VIL_022,39,35.65,143.1,28.7,43.0,0.688,27,7,2,54.6,50.9,57.0,2,0
VIL_022,40,28.82,84.9,29.2,43.0,0.566,13,7,4,56.8,55.7,56.5,2,0
VIL_022,41,23.09,40.9,27.3,39.7,0.417,13,6,4,59.0,53.6,58.7,6,1
VIL_022,42,16.39,1.3,25.6,29.3,0.266,7,1,5,60.0,56.1,61.9,3,1
VIL_022,43,7.76,-60.5,26.6,35.5,0.034,4,2,2,59.0,49.6,57.1,5,0
VIL_022,44,10.08,-38.9,22.3,32.6,0.179,5,3,9,59.0,51.3,58.8,2,0
VIL_022,45,7.2,-46.1,22.2,35.9,0.074,6,1,5,55.3,48.5,61.2,1,1
VIL_022,46,5.35,-81.9,21.9,30.4,0.112,7,1,8,52.8,48.8,68.9,4,1
VIL_022,47,6.42,-60.6,19.3,32.6,0.103,0,4,4,57.4,45.7,57.5,2,1
VIL_022,48,8.84,-31.5,20.1,35.3,0.122,1,3,5,63.6,59.7,64.1,5,0
VIL_022,49,7.88,-36.8,20.1,36.5,0.052,2,1,2,57.1,52.4,68.0,4,0
VIL_022,50,6.4,-64.1,18.0,40.8,0.111,4,3,9,53.8,48.6,57.3,4,1
VIL_022,51,5.2,-43.2,16.8,37.1,0.016,0,4,8,62.1,55.1,60.4,4,1
VIL_022,52,5.63,-73.0,16.9,36.5,0.148,5,3,6,62.2,54.1,56.7,1,0
VIL_022,53,6.0,-62.3,13.9,42.0,0.133,1,0,9,53.8,51.7,55.9,6,0
VIL_022,54,14.42,-15.5,18.2,45.1,0.277,2,2,7,56.5,48.7,59.5,6,0
VIL_022,55,8.33,-40.2,17.4,53.4,0.239,0,1,10,57.6,55.4,53.1,2,1
VIL_022,56,6.91,-25.9,17.1,43.2,0.139,3,3,13,61.6,53.8,60.1,0,1
VIL_022,57,8.07,-27.8,15.6,48.6,0.181,3,1,7,54.4,51.7,63.2,3,0
VIL_022,58,7.74,-39.9,19.5,48.1,0.189,2,2,9,58.7,55.6,59.6,1,1
VIL_022,59,6.1,-65.4,18.2,36.5,0.096,4,2,9,55.1,46.7,56.9,6,0
VIL_022,60,4.7,-70.4,20.2,41.9,0.068,2,5,5,57.8,52.4,65.0,1,1
VIL_022,61,5.68,-51.0,20.4,44.3,0.116,3,2,2,54.9,47.0,55.5,3,1
VIL_022,62,9.88,-26.7,19.4,42.8,0.13,3,3,5,54.5,52.2,64.1,5,1
VIL_022,63,5.38,-63.3,23.9,45.5,0.197,1,0,5,54.9,43.6,61.4,4,1
VIL_022,64,8.52,-41.8,24.7,43.5,0.178,4,5,2,59.7,52.0,54.8,4,1
VIL_022,65,8.41,-33.4,25.5,44.7,0.158,4,2,1,58.2,52.2,58.9,6,0
VIL_022,66,8.5,-30.3,26.2,50.2,0.274,8,2,3,54.6,49.8,57.4,1,0
VIL_022,67,5.33,-79.5,25.6,55.3,0.052,5,5,3,55.4,47.8,62.2,4,0
VIL_022,68,5.81,-59.0,29.2,42.2,0.193,6,3,4,60.1,54.0,54.0,4,1
VIL_022,69,8.54,-37.3,32.0,43.8,0.211,6,3,2,51.5,50.0,62.0,5,1
VIL_022,70,13.55,-15.0,30.7,48.5,0.327,5,3,1,51.1,42.3,60.2,9,0
VIL_022,71,19.15,40.5,31.8,52.2,0.374,6,3,1,56.5,44.8,62.4,2,1
VIL_022,72,16.75,8.8,31.4,44.7,0.338,3,1,5,53.5,47.8,59.3,2,1
VIL_022,73,18.32,35.2,31.1,48.0,0.349,10,0,3,55.9,51.2,58.4,10,0
VIL_022,74,28.09,83.6,34.1,51.6,0.612,6,8,2,58.3,51.2,65.0,2,1
VIL_022,75,38.78,161.1,37.0,60.3,0.795,4,6,4,58.3,55.1,59.6,6,1
VIL_022,76,47.55,219.4,37.5,64.0,0.923,2,7,10,61.6,56.1,56.3,5,1
VIL_022,77,44.72,214.7,36.3,59.1,0.869,3,8,4,51.9,43.1,59.6,8,1
VIL_022,78,67.52,357.6,37.2,68.5,1.0,4,9,3,50.1,47.6,56.2,2,1
VIL_022,79,63.04,315.7,35.5,63.7,1.0,2,12,3,58.3,57.1,57.2,5,1
VIL_022,80,84.65,461.6,37.1,76.3,1.0,4,14,3,60.1,49.0,62.6,1,1
VIL_022,81,90.07,497.7,36.3,73.7,1.0,3,16,3,61.3,54.8,54.2,3,1
VIL_022,82,77.67,418.0,36.8,76.5,1.0,6,17,9,58.5,53.8,55.4,3,1
VIL_022,83,114.9,656.6,36.0,81.8,1.0,6,7,2,59.5,53.8,53.4,3,1
VIL_022,84,89.19,493.8,35.5,71.3,1.0,16,19,4,55.5,49.6,59.8,6,0
VIL_022,85,52.04,260.6,36.4,57.9,1.0,8,9,2,63.6,54.0,67.4,3,1
VIL_022,86,88.4,502.6,36.8,70.1,1.0,9,10,5,56.9,51.6,51.7,2,1
VIL_022,87,43.22,172.5,33.4,51.1,0.873,19,11,5,60.0,48.0,52.7,0,1
VIL_022,88,71.9,362.1,34.4,69.0,1.0,13,5,4,62.1,51.8,54.3,5,0
VIL_022,89,52.59,244.7,30.2,55.3,1.0,17,7,5,55.8,55.3,58.6,1,1
VIL_022,90,43.6,172.9,30.4,42.3,0.849,28,10,2,58.0,52.6,58.3,3,1
VIL_022,91,35.11,121.4,27.8,38.0,0.698,20,9,3,61.9,53.8,59.8,1,1
VIL_022,92,29.46,99.9,27.8,39.0,0.588,23,4,4,51.3,45.8,60.2,2,1
VIL_022,93,23.27,54.7,27.9,38.5,0.505,18,5,5,53.8,52.7,60.4,3,1
VIL_022,94,17.21,-2.5,27.1,38.7,0.336,19,3,4,51.8,50.3,62.4,3,0
VIL_022,95,14.29,7.0,23.7,29.7,0.281,13,5,6,55.6,47.0,63.1,1,1
VIL_022,96,6.71,-59.5,24.0,27.6,0.064,6,6,4,61.5,56.1,63.7,4,0
VIL_022,97,10.31,-36.5,23.8,30.9,0.143,5,2,3,60.7,56.1,60.3,7,0
VIL_022,98,7.81,-37.7,22.6,30.3,0.171,1,4,3,58.8,50.4,51.2,6,1
VIL_022,99,9.96,-29.5,20.7,39.3,0.231,2,3,1,63.4,54.9,54.1,3,1
VIL_022,100,6.78,-55.2,18.8,32.3,0.123,1,5,8,53.7,44.5,58.0,4,1
VIL_022,101,9.2,-43.6,17.9,35.6,0.231,2,0,7,51.4,44.6,57.8,5,1
VIL_022,102,5.25,-59.3,17.1,37.7,0.035,1,1,5,58.9,51.8,57.4,1,0
VIL_022,103,6.53,-60.8,17.6,42.2,0.15,4,2,8,61.1,54.6,63.3,1,1
VIL_022,104,9.29,-40.4,16.3,38.3,0.143,2,4,7,49.8,44.8,59.2,3,0
VIL_023,1,5.47,-63.4,17.5,36.4,0.136,2,1,8,56.8,49.3,74.0,3,1
VIL_023,2,7.4,-63.8,17.3,39.8,0.077,5,2,6,55.7,46.7,63.6,3,0
VIL_023,3,8.64,-56.6,16.4,39.2,0.109,2,0,7,53.4,46.7,68.6,1,0
VIL_023,4,7.64,-60.6,16.4,47.4,0.111,0,1,8,62.0,57.2,67.1,2,1
VIL_023,5,5.61,-60.0,20.5,39.4,0.063,2,5,5,62.6,59.4,68.1,2,1
VIL_023,6,8.58,-44.7,17.8,42.7,0.123,6,7,9,53.8,49.2,65.3,7,1
VIL_023,7,4.94,-51.8,20.4,49.5,0.1,0,2,1,51.8,44.5,66.6,1,0
VIL_023,8,4.75,-93.4,19.3,49.5,0.058,5,2,5,54.3,49.7,62.8,3,1
VIL_023,9,4.91,-66.9,19.8,52.0,0.059,4,0,9,52.4,53.3,63.5,4,0
VIL_023,10,8.31,-40.3,23.0,40.4,0.124,3,4,9,54.3,47.3,68.1,3,1
VIL_023,11,6.19,-49.7,23.3,48.2,0.063,5,2,5,50.1,46.7,67.7,6,1
VIL_023,12,8.03,-45.0,23.4,49.1,0.09,7,1,6,58.2,51.7,60.6,2,0
VIL_023,13,8.46,-40.0,26.0,46.9,0.068,4,2,3,59.0,51.9,70.2,1,0
VIL_023,14,6.14,-57.3,28.8,49.4,0.08,8,1,2,49.8,41.4,70.7,3,1
VIL_023,15,6.66,-51.2,26.1,47.0,0.111,2,2,2,49.8,45.5,66.3,5,1
VIL_023,16,4.82,-68.1,28.8,47.8,0.051,3,2,5,54.4,49.9,57.6,3,0
VIL_023,17,7.65,-27.8,28.9,61.8,0.063,7,4,3,53.4,48.5,66.3,4,0
VIL_023,18,12.39,-11.6,29.4,51.3,0.16,6,2,4,57.8,52.9,59.7,4,1
VIL_023,19,10.57,-27.6,30.5,49.9,0.161,7,6,2,57.1,55.5,72.6,5,0
VIL_023,20,21.68,37.1,34.6,56.6,0.295,0,7,1,54.4,49.2,73.8,2,1
VIL_023,21,22.28,45.1,31.4,53.5,0.408,10,7,4,54.3,50.1,63.8,3,1
VIL_023,22,21.19,56.4,35.1,46.9,0.25,5,3,5,56.3,54.6,70.4,1,0
VIL_023,23,30.15,76.1,34.2,48.1,0.394,4,9,9,57.9,53.8,66.6,1,0
VIL_023,24,41.8,179.2,38.0,59.3,0.596,3,4,5,56.0,50.6,62.7,3,1
VIL_023,25,56.9,279.1,36.0,64.8,0.724,1,5,1,56.5,52.1,63.6,4,0
VIL_023,26,54.66,269.4,36.3,55.7,0.825,6,2,6,53.3,53.5,66.7,3,0
VIL_023,27,69.94,368.9,38.8,76.5,0.933,2,8,1,54.2,54.0,62.5,6,0
VIL_023,28,74.04,408.8,38.1,71.2,1.0,3,13,3,57.5,49.4,71.0,4,0
VIL_023,29,97.22,549.1,37.6,87.0,1.0,5,9,4,57.4,47.4,62.5,5,0
VIL_023,30,98.43,555.5,37.7,71.7,1.0,5,9,0,52.5,44.8,63.2,1,1
VIL_023,31,91.0,516.2,35.1,81.7,1.0,9,15,5,63.4,62.2,65.7,3,0
VIL_023,32,102.97,601.8,36.7,78.9,1.0,6,19,8,53.5,43.6,63.0,3,0
VIL_023,33,91.88,519.4,35.0,79.3,1.0,11,7,6,58.3,49.8,67.1,3,1
VIL_023,34,69.83,375.6,34.9,63.3,0.964,10,9,3,54.1,50.3,69.1,2,1
VIL_023,35,74.2,392.5,34.2,65.7,0.952,21,7,6,57.3,50.4,66.0,3,1
VIL_023,36,55.32,270.0,31.3,55.6,0.754,24,10,2,59.8,52.2,69.8,3,0
VIL_023,37,40.25,183.2,32.4,44.1,0.488,11,2,1,55.1,48.2,62.0,3,0
VIL_023,38,38.69,163.2,30.3,42.0,0.575,21,6,5,52.7,46.3,57.7,3,1
VIL_023,39,34.58,128.1,27.9,40.9,0.397,28,8,4,60.7,55.9,64.1,3,0
VIL_023,40,27.64,84.6,28.0,32.9,0.376,20,4,3,51.8,44.9,65.0,2,0
VIL_023,41,19.05,37.4,27.0,32.7,0.235,10,3,4,56.7,49.9,72.8,3,1
VIL_023,42,16.5,21.2,26.5,30.8,0.142,11,3,3,57.9,49.0,61.9,4,0
VIL_023,43,12.32,-26.3,21.7,25.8,0.117,3,0,1,56.9,47.7,66.8,2,0
VIL_023,44,8.94,-36.7,23.9,32.5,0.142,8,4,4,46.7,42.3,70.8,0,1
VIL_023,45,10.15,-32.4,21.7,31.9,0.091,6,2,9,55.4,47.5,65.0,1,0
VIL_023,46,8.72,-42.5,22.3,32.9,0.083,3,1,7,55.9,51.5,64.1,1,1
VIL_023,47,8.49,-30.1,20.4,35.4,0.132,2,4,10,63.1,61.4,65.0,6,0
VIL_023,48,6.41,-59.7,19.1,31.6,0.131,2,5,6,57.4,48.4,63.3,1,0
VIL_023,49,7.48,-55.9,18.6,30.3,0.133,2,5,4,52.1,48.1,65.2,5,0
VIL_023,50,6.74,-63.2,18.5,36.0,0.088,2,2,8,54.0,47.5,67.8,2,0
VIL_023,51,5.57,-64.6,18.7,23.7,0.085,0,1,4,57.4,52.9,63.4,3,0
VIL_023,52,9.66,-42.9,16.2,38.2,0.135,1,0,6,58.1,58.2,75.5,5,0
VIL_023,53,5.49,-72.1,16.7,40.8,0.021,1,2,5,52.7,52.2,67.4,2,0
VIL_023,54,7.35,-59.9,18.8,44.1,0.112,3,3,5,56.7,51.5,70.3,1,1
VIL_023,55,7.23,-60.1,16.6,38.9,0.044,2,3,9,52.7,43.3,69.7,4,0
VIL_023,56,5.59,-70.3,17.7,32.4,0.105,1,3,6,54.9,49.8,64.6,1,0
VIL_023,57,9.82,-30.5,16.2,34.0,0.138,1,2,8,56.3,53.5,62.2,6,0
VIL_023,58,5.22,-84.8,16.1,45.8,0.0,1,3,10,55.7,51.2,63.9,0,1
VIL_023,59,7.77,-55.2,17.5,44.1,0.153,3,5,8,57.5,52.3,65.3,3,0
VIL_023,60,6.55,-57.3,18.7,53.8,0.061,1,7,7,53.1,49.2,70.8,3,0
VIL_023,61,6.09,-47.9,21.6,40.6,0.051,3,3,4,51.3,40.8,61.5,6,0
VIL_023,62,5.11,-68.4,22.7,47.8,0.116,4,4,8,54.7,46.7,57.7,2,1
VIL_023,63,5.56,-64.5,20.0,53.8,0.066,4,1,5,57.9,54.6,68.0,3,0
VIL_023,64,8.69,-42.9,22.8,49.9,0.146,4,2,3,55.0,52.5,76.2,5,1
VIL_023,65,6.75,-73.2,25.4,41.9,0.057,5,5,2,55.0,48.3,75.4,2,0
VIL_023,66,7.48,-43.6,25.7,59.8,0.14,4,1,2,58.3,54.4,67.0,3,0
VIL_023,67,6.45,-50.8,28.8,54.5,0.096,3,4,2,51.2,47.2,66.0,5,1
VIL_023,68,6.35,-49.5,29.0,47.0,0.105,4,0,4,53.9,50.9,65.2,4,0
VIL_023,69,10.76,-3.2,29.1,53.0,0.135,5,3,4,56.6,50.1,66.9,5,0
VIL_023,70,12.28,-31.1,30.3,53.3,0.245,5,2,4,54.1,48.1,60.5,3,0
VIL_023,71,9.75,-49.9,31.6,50.7,0.224,2,4,2,54.0,47.2,62.6,4,0
VIL_023,72,19.84,39.3,31.7,46.9,0.154,3,3,2,55.4,48.7,71.8,5,0
VIL_023,73,21.58,40.5,34.8,53.7,0.334,5,6,1,58.3,44.9,68.6,1,1
VIL_023,74,30.78,95.3,35.4,61.9,0.356,2,7,3,56.3,54.0,65.5,2,1
VIL_023,75,44.03,190.7,35.8,63.7,0.613,4,1,2,62.6,55.0,62.1,4,1
VIL_023,76,48.93,220.0,36.1,64.6,0.564,8,5,3,56.2,49.2,64.3,3,0
VIL_023,77,50.05,250.9,35.1,60.3,0.687,7,10,5,54.2,46.3,64.6,2,0
VIL_023,78,69.55,386.3,37.3,67.4,0.886,6,13,0,55.0,48.7,61.3,1,1
VIL_023,79,74.37,379.4,37.1,65.9,0.969,4,11,3,55.5,49.5,68.6,3,0
VIL_023,80,77.51,402.0,39.4,75.6,1.0,3,6,1,59.6,47.6,62.3,3,0
VIL_023,81,80.42,428.5,35.4,71.9,1.0,12,5,1,52.3,44.4,64.5,1,1
VIL_023,82,90.04,493.4,35.8,71.1,1.0,9,11,3,56.4,52.2,67.9,3,1
VIL_023,83,94.31,521.0,34.4,81.4,1.0,11,12,2,53.0,46.8,68.0,3,0
VIL_023,84,57.53,281.6,35.6,55.7,0.759,9,10,2,60.1,56.8,67.7,3,0
VIL_023,85,86.98,475.4,33.1,68.4,1.0,13,5,5,57.2,55.1,70.1,5,0
VIL_023,86,77.04,400.1,35.9,64.1,1.0,7,17,4,59.6,56.8,67.6,3,1
VIL_023,87,74.68,387.6,34.9,63.3,0.948,13,12,4,55.3,47.7,67.3,3,0
VIL_023,88,45.55,219.1,32.5,50.8,0.614,18,4,6,53.5,49.9,67.2,1,0
VIL_023,89,63.09,317.0,30.4,53.7,0.88,31,6,4,51.0,46.1,71.1,1,1
VIL_023,90,52.67,247.0,28.7,55.7,0.667,23,5,5,53.3,50.8,57.2,4,1
VIL_023,91,40.39,154.1,28.5,47.2,0.426,21,6,7,52.9,48.2,66.2,6,0
VIL_023,92,24.37,57.9,29.0,35.1,0.23,16,3,5,56.1,49.5,59.2,4,1
VIL_023,93,24.31,71.7,26.1,36.6,0.213,21,9,2,58.9,55.7,67.1,6,0
VIL_023,94,11.94,-14.4,28.1,29.6,0.236,17,0,2,54.7,53.9,63.8,4,0
VIL_023,95,13.52,-1.7,26.4,32.7,0.211,15,1,1,55.3,49.4,63.4,7,0
VIL_023,96,9.78,-46.8,23.5,37.1,0.168,7,2,5,54.2,46.5,69.7,1,0
VIL_023,97,9.54,-48.6,21.8,29.8,0.176,3,2,6,59.7,53.1,60.3,8,0
VIL_023,98,11.95,-9.0,20.6,34.2,0.131,4,2,6,53.5,46.6,59.4,7,0
VIL_023,99,6.85,-46.1,22.3,29.0,0.206,5,1,4,53.9,48.6,66.5,0,1
VIL_023,100,5.2,-67.9,18.7,34.0,0.086,4,2,7,62.6,57.0,63.9,4,0
VIL_023,101,7.82,-39.4,19.9,35.4,0.101,5,3,4,51.0,47.1,67.1,2,1
VIL_023,102,10.0,-45.4,18.2,41.8,0.189,5,1,6,54.6,54.7,70.6,5,1
VIL_023,103,7.05,-65.4,18.5,32.8,0.127,3,3,7,57.0,49.3,67.5,4,0
VIL_023,104,9.52,-52.7,16.3,41.3,0.194,6,3,8,55.8,46.9,69.2,2,0
VIL_024,1,6.1,-62.4,17.6,33.3,0.048,3,2,6,61.5,54.8,64.8,3,1
VIL_024,2,5.15,-68.2,16.2,39.1,0.047,2,5,6,62.0,58.5,65.7,5,1
VIL_024,3,6.32,-65.9,19.2,46.2,0.066,3,6,6,64.2,56.2,68.9,7,1
VIL_024,4,7.54,-38.9,17.1,41.5,0.113,3,4,9,63.3,58.3,73.6,4,0
VIL_024,5,6.28,-46.0,16.2,43.6,0.107,3,1,4,57.8,55.7,71.5,3,0
VIL_024,6,7.98,-60.2,18.9,45.5,0.059,2,2,9,62.6,57.2,67.9,3,0
VIL_024,7,5.19,-82.6,19.1,52.7,0.09,1,3,6,55.9,50.7,73.0,3,0
VIL_024,8,6.51,-59.8,21.0,48.7,0.117,2,0,8,69.8,64.1,67.2,1,1
VIL_024,9,8.43,-45.7,20.2,55.7,0.089,3,3,10,57.5,56.1,67.1,3,1
VIL_024,10,7.01,-50.7,21.4,54.3,0.085,2,3,6,65.4,54.7,63.8,5,1
VIL_024,11,4.49,-86.8,20.5,45.7,0.003,5,2,4,61.9,50.3,64.1,9,0
VIL_024,12,5.96,-67.4,24.5,48.9,0.004,7,0,6,64.2,61.5,63.8,4,1
VIL_024,13,5.83,-61.9,24.7,56.1,0.02,7,4,7,60.3,57.5,73.9,2,0
VIL_024,14,4.74,-76.2,25.6,42.8,0.099,4,5,4,59.5,52.9,69.7,5,0
VIL_024,15,6.41,-48.7,26.7,51.2,0.112,2,1,5,57.5,48.9,59.4,3,0
VIL_024,16,5.46,-44.9,27.9,50.5,0.169,5,3,5,62.6,58.5,70.1,4,0
VIL_024,17,12.55,-21.7,30.4,49.5,0.169,4,1,3,58.5,48.5,70.7,3,0
VIL_024,18,11.93,-11.5,29.4,48.3,0.162,1,2,4,68.3,65.5,70.6,0,1
VIL_024,19,14.73,-5.4,32.5,49.6,0.213,1,2,2,61.9,58.0,74.4,8,0
VIL_024,20,12.17,-28.2,30.8,51.4,0.109,3,3,4,60.8,56.4,67.7,4,1
VIL_024,21,19.03,19.7,31.3,57.0,0.299,2,2,6,57.6,50.4,62.7,3,0
VIL_024,22,20.66,45.4,36.2,54.0,0.295,3,5,3,56.4,51.8,66.7,4,0
VIL_024,23,35.27,128.7,34.0,52.3,0.423,8,2,4,63.1,54.6,65.4,2,0
VIL_024,24,33.09,116.1,36.0,61.1,0.46,6,7,5,60.4,48.8,68.2,4,0
VIL_024,25,32.49,105.2,36.0,58.4,0.471,3,3,1,68.4,66.7,67.2,7,0
VIL_024,26,63.84,331.9,37.1,67.1,0.785,2,11,3,53.3,51.5,67.3,2,0
VIL_024,27,64.05,331.6,37.0,64.4,0.907,5,12,4,60.6,50.7,64.2,6,0
VIL_024,28,66.98,361.1,38.3,63.7,0.871,1,12,5,60.1,48.3,67.9,0,1
VIL_024,29,89.17,500.4,35.2,81.5,1.0,3,17,6,66.6,63.7,62.9,7,0
VIL_024,30,95.15,538.5,37.5,71.5,1.0,2,21,2,63.6,55.8,74.1,2,1
VIL_024,31,80.54,442.8,36.3,75.0,1.0,7,25,4,62.3,54.9,71.3,6,0
VIL_024,32,105.76,602.5,34.0,80.4,1.0,9,14,4,58.3,54.2,69.7,3,0
VIL_024,33,96.01,541.2,34.6,77.5,1.0,8,15,5,60.1,51.5,71.7,2,0
VIL_024,34,99.32,571.4,32.6,63.5,1.0,28,19,2,58.3,55.9,72.9,2,0
VIL_024,35,63.12,312.6,31.6,51.2,0.811,28,13,6,55.9,48.1,63.4,3,0
VIL_024,36,59.04,310.6,32.2,53.0,0.855,27,11,3,59.5,49.2,72.4,2,1
VIL_024,37,48.94,232.6,33.1,46.5,0.563,12,6,3,64.9,56.2,68.9,3,1
VIL_024,38,37.95,173.2,30.9,47.3,0.576,26,9,2,62.7,59.0,71.3,3,0
VIL_024,39,30.67,92.7,31.0,41.6,0.463,18,3,1,63.1,55.6,63.6,3,0
VIL_024,40,27.28,70.1,28.3,46.4,0.391,24,6,4,63.9,55.4,69.0,3,0
VIL_024,41,18.49,27.0,28.9,36.4,0.146,14,1,2,60.6,49.7,75.9,0,0
VIL_024,42,14.52,-2.0,27.5,29.9,0.175,20,2,2,64.2,60.5,79.2,3,0
VIL_024,43,13.77,-12.8,23.5,37.4,0.234,6,6,6,63.9,56.6,70.3,3,0
VIL_024,44,11.59,-35.4,23.5,30.1,0.07,5,2,4,63.6,59.3,69.5,4,1
VIL_024,45,7.14,-55.1,21.5,28.3,0.069,5,1,3,62.1,59.7,81.3,2,0
VIL_024,46,6.48,-54.6,21.1,30.8,0.106,4,2,3,64.1,54.8,60.3,7,0
VIL_024,47,8.62,-55.6,22.4,39.2,0.057,7,3,5,62.8,55.0,76.2,2,0
VIL_024,48,7.28,-55.6,18.7,37.2,0.162,1,2,4,63.2,55.2,65.2,3,1
VIL_024,49,9.27,-34.4,17.3,39.1,0.179,2,5,10,57.1,51.1,73.0,6,0
VIL_024,50,7.2,-44.2,16.8,42.9,0.108,0,7,10,56.3,47.6,76.1,5,1
VIL_024,51,8.51,-46.1,17.2,40.8,0.135,0,3,4,65.5,58.6,65.2,1,0
VIL_024,52,4.61,-77.3,21.8,31.2,0.034,4,3,7,55.8,47.2,70.8,6,0
VIL_024,53,6.52,-55.4,18.8,40.4,0.116,3,5,12,55.3,46.8,60.3,1,0
VIL_024,54,4.93,-69.2,13.6,45.2,0.036,0,4,11,57.8,50.6,73.7,4,1
VIL_024,55,8.73,-56.4,17.0,35.7,0.107,5,6,7,67.1,58.4,65.2,2,0
VIL_024,56,6.53,-61.0,16.5,41.7,0.062,2,2,14,65.8,58.5,64.2,2,1
VIL_024,57,6.46,-62.8,18.8,38.6,0.158,1,1,10,60.8,54.7,73.3,4,0
VIL_024,58,8.71,-41.7,16.7,45.5,0.176,1,1,7,67.1,59.8,66.4,3,0
VIL_024,59,7.75,-55.7,17.5,50.0,0.053,4,0,11,55.1,48.7,70.6,2,0
VIL_024,60,6.95,-59.2,18.8,51.3,0.159,4,3,8,59.8,50.6,65.4,5,0
VIL_024,61,5.41,-65.8,19.5,45.2,0.032,5,4,4,64.9,58.9,77.0,2,0
VIL_024,62,6.66,-49.2,22.1,49.8,0.181,7,2,9,54.1,45.8,71.8,4,0
VIL_024,63,7.08,-51.9,22.0,41.9,0.173,2,1,9,60.9,60.1,68.2,2,1
VIL_024,64,5.63,-35.8,24.7,40.5,0.185,2,2,5,62.8,52.5,73.1,2,0
VIL_024,65,7.22,-64.5,23.6,53.0,0.111,5,1,2,54.9,48.0,69.5,2,1
VIL_024,66,8.0,-37.5,26.8,36.9,0.093,2,6,1,63.5,55.7,78.3,4,0
VIL_024,67,14.45,-4.4,25.6,49.4,0.178,2,4,3,68.5,61.8,62.6,5,0
VIL_024,68,8.43,-57.8,28.9,51.6,0.131,6,5,1,63.2,58.8,71.3,4,1
VIL_024,69,19.39,25.5,28.8,54.9,0.208,7,8,1,63.8,62.0,71.2,6,1
VIL_024,70,11.86,-36.1,31.6,38.4,0.038,4,1,2,62.0,53.7,69.2,1,1
VIL_024,71,13.63,-8.3,28.7,52.1,0.162,10,7,3,69.4,61.1,67.8,2,0
VIL_024,72,26.43,73.2,31.7,52.3,0.354,3,2,2,60.5,57.0,78.4,6,0
VIL_024,73,24.05,53.5,35.0,54.1,0.348,2,3,6,61.2,53.0,70.5,0,0
VIL_024,74,25.18,57.3,34.2,50.8,0.356,7,5,2,69.1,61.8,70.0,4,1
VIL_024,75,26.71,88.2,33.2,50.2,0.363,5,4,4,60.7,53.4,69.4,5,0
VIL_024,76,49.44,228.0,35.0,56.1,0.718,4,7,7,61.6,55.0,68.0,4,0
VIL_024,77,40.42,171.6,36.8,56.2,0.495,6,6,3,63.4,58.2,70.5,4,0
VIL_024,78,53.93,261.3,35.7,68.1,0.685,3,10,5,57.3,55.3,63.3,3,1
VIL_024,79,81.41,443.8,38.3,74.0,1.0,5,16,7,61.6,54.3,73.7,2,0
VIL_024,80,88.6,487.4,38.3,76.6,1.0,4,11,2,62.7,58.8,69.9,9,1
VIL_024,81,83.22,470.0,37.7,71.4,1.0,6,19,2,64.3,58.6,64.4,5,1
VIL_024,82,78.06,442.8,37.9,65.3,1.0,3,18,4,60.3,55.0,70.4,3,0
VIL_024,83,94.95,547.5,35.7,73.8,1.0,9,15,2,58.8,55.6,70.4,2,1
VIL_024,84,97.14,547.8,37.6,78.8,1.0,3,14,5,59.5,56.3,68.0,8,0
VIL_024,85,84.82,465.0,36.5,80.6,1.0,11,19,10,62.6,55.9,67.1,2,1
VIL_024,86,65.89,350.2,34.3,64.4,0.806,10,18,2,51.9,48.5,67.0,2,1
VIL_024,87,61.31,301.2,31.7,59.9,0.769,33,16,3,61.6,55.9,70.0,3,0
VIL_024,88,60.52,320.6,29.8,64.4,0.783,46,11,3,59.5,52.4,65.1,7,0
VIL_024,89,55.8,279.9,32.8,55.4,0.638,19,6,4,58.4,52.4,62.9,1,1
VIL_024,90,44.88,196.4,28.6,52.0,0.598,44,4,6,72.4,67.3,76.2,3,0
VIL_024,91,30.12,103.6,28.3,41.0,0.433,28,6,4,63.7,62.8,78.5,4,0
VIL_024,92,33.85,132.0,28.8,43.7,0.51,24,10,4,59.7,55.3,70.9,2,0
VIL_024,93,19.69,27.0,25.4,29.3,0.266,13,5,4,67.7,60.7,78.1,3,0
VIL_024,94,19.18,38.2,28.7,33.6,0.218,18,7,7,50.7,46.3,69.8,1,0
VIL_024,95,11.89,-8.0,24.9,29.3,0.17,5,3,3,60.4,56.1,75.1,4,1
VIL_024,96,15.14,-1.7,25.2,31.3,0.198,17,5,1,63.9,58.3,68.0,4,0
VIL_024,97,10.22,-36.7,23.6,29.2,0.175,3,3,3,65.9,57.4,80.1,3,0
VIL_024,98,9.97,-34.6,18.3,38.2,0.131,4,5,10,69.0,61.4,67.4,2,0
VIL_024,99,7.38,-62.4,21.3,30.6,0.143,1,3,6,59.2,46.3,69.8,5,1
VIL_024,100,5.01,-83.3,19.5,31.2,0.054,3,4,3,60.0,56.9,73.3,1,0
VIL_024,101,8.23,-49.4,18.7,43.5,0.174,5,3,7,62.0,59.5,64.0,4,0
VIL_024,102,5.59,-72.3,18.1,37.4,0.083,3,1,9,64.5,60.1,67.2,5,0
VIL_024,103,7.59,-31.7,18.9,36.4,0.071,1,1,8,58.0,56.3,65.5,3,0
VIL_024,104,6.54,-60.9,19.3,41.3,0.071,4,1,6,55.2,45.1,70.4,0,0
VIL_025,1,4.99,-66.3,17.0,43.9,0.126,0,3,5,46.4,43.6,56.7,3,1
VIL_025,2,7.47,-44.9,17.7,42.4,0.203,0,1,2,49.6,47.3,63.3,5,0
VIL_025,3,6.58,-55.6,18.9,43.2,0.16,0,2,1,52.0,50.0,65.5,4,1
VIL_025,4,4.34,-74.5,17.8,38.6,0.125,0,0,4,49.1,38.7,61.4,1,0
VIL_025,5,7.86,-47.1,18.1,43.3,0.076,2,0,4,48.4,48.3,67.7,1,0
VIL_025,6,6.21,-66.3,17.5,41.8,0.136,1,3,6,51.3,46.7,58.7,4,1
VIL_025,7,5.45,-62.1,17.7,38.7,0.173,5,1,8,54.4,47.7,54.8,2,0
VIL_025,8,5.7,-49.1,17.7,48.9,0.227,2,2,7,55.6,47.0,62.1,1,1
VIL_025,9,6.66,-46.8,19.5,49.7,0.192,2,4,3,50.5,46.8,62.0,1,1
VIL_025,10,6.25,-61.3,20.7,48.6,0.138,2,2,6,51.1,47.6,61.1,1,0
VIL_025,11,6.05,-61.8,21.5,47.5,0.15,1,0,3,51.6,45.1,61.1,1,1
VIL_025,12,8.02,-40.7,23.1,45.2,0.197,2,2,1,44.2,38.8,63.4,1,1
VIL_025,13,6.79,-51.0,24.0,49.7,0.034,3,3,4,51.4,48.4,65.6,3,1
VIL_025,14,6.32,-57.9,26.8,44.3,0.069,2,3,2,48.5,41.3,63.5,2,0
VIL_025,15,6.45,-62.6,25.4,44.8,0.136,1,4,5,55.2,47.7,62.5,1,1
VIL_025,16,4.71,-77.5,29.4,43.2,0.09,4,6,2,53.2,48.0,59.4,1,0
VIL_025,17,8.1,-55.0,30.2,45.8,0.143,3,2,0,52.5,45.0,60.5,5,1
VIL_025,18,8.5,-44.9,29.4,45.1,0.189,1,2,2,44.1,38.3,53.8,4,0
VIL_025,19,10.97,-23.5,30.1,51.6,0.245,2,3,1,51.2,41.9,69.2,1,0
VIL_025,20,13.75,-25.5,33.4,45.3,0.198,3,1,6,46.8,39.8,71.0,2,0
VIL_025,21,16.95,20.3,34.3,50.1,0.27,1,3,4,46.9,44.7,65.9,3,0
VIL_025,22,24.21,50.8,33.5,55.2,0.464,5,3,1,50.9,45.4,54.9,1,0
VIL_025,23,36.71,137.9,33.6,62.9,0.762,4,3,0,50.2,48.3,65.0,1,1
VIL_025,24,36.43,140.4,35.4,58.3,0.718,4,6,3,47.9,40.7,56.3,4,1
VIL_025,25,50.19,238.4,32.5,54.9,0.977,4,8,2,52.0,42.8,64.4,1,1
VIL_025,26,82.84,467.4,37.4,76.7,1.0,1,8,5,51.8,50.4,56.5,0,0
VIL_025,27,58.03,282.2,36.2,66.9,1.0,4,14,1,51.4,46.8,60.6,1,1
VIL_025,28,67.31,359.6,37.2,63.5,1.0,2,4,2,58.7,53.7,65.6,1,1
VIL_025,29,64.78,327.8,39.1,70.3,1.0,2,6,3,46.6,41.8,64.2,3,1
VIL_025,30,69.52,376.8,36.2,71.4,1.0,5,8,5,53.6,43.3,58.6,7,1
VIL_025,31,116.31,674.7,37.2,90.5,1.0,5,10,3,52.2,44.0,56.8,1,1
VIL_025,32,83.22,440.0,35.5,74.8,1.0,4,13,4,47.2,42.6,63.4,5,1
VIL_025,33,51.75,237.9,34.7,59.1,0.965,14,7,1,50.1,45.8,65.6,1,1
VIL_025,34,79.35,429.1,36.3,67.4,1.0,3,5,2,48.9,46.5,65.1,1,1
VIL_025,35,64.14,325.5,33.0,62.4,1.0,14,11,2,55.5,49.4,59.5,2,1
VIL_025,36,48.76,214.9,33.3,45.9,0.969,7,13,2,52.0,46.7,62.7,1,1
VIL_025,37,43.35,175.8,32.0,50.2,0.858,12,3,3,50.1,42.9,65.5,4,1
VIL_025,38,39.4,170.7,31.0,46.6,0.8,8,3,1,49.2,44.2,65.3,1,1
VIL_025,39,27.73,61.8,30.1,48.9,0.562,7,7,2,48.0,41.3,64.8,4,0
VIL_025,40,25.02,71.9,28.8,36.0,0.562,10,4,2,52.3,43.3,61.5,1,0
VIL_025,41,17.74,7.3,26.3,39.0,0.327,8,4,5,54.5,47.2,66.9,2,0
VIL_025,42,13.42,8.4,25.3,35.8,0.197,8,4,4,39.6,34.6,60.0,4,0
VIL_025,43,9.57,-56.4,24.9,30.0,0.273,2,1,2,46.9,42.5,63.3,2,0
VIL_025,44,9.02,-60.9,21.2,23.4,0.157,3,4,4,53.2,45.5,62.4,2,1
VIL_025,45,8.13,-50.1,22.8,29.2,0.223,2,1,5,47.8,45.3,51.9,1,1
VIL_025,46,7.98,-36.6,20.6,31.1,0.18,3,2,3,40.1,33.2,57.5,4,0
VIL_025,47,8.56,-21.2,21.6,36.5,0.245,2,2,3,51.0,48.4,62.5,3,0
VIL_025,48,6.19,-48.9,17.2,33.5,0.093,1,3,8,46.0,42.9,58.1,2,0
VIL_025,49,5.55,-61.6,19.3,33.3,0.154,1,0,6,51.2,43.7,57.3,2,0
VIL_025,50,5.7,-71.7,18.5,37.6,0.1,1,0,6,49.0,45.4,52.8,1,1
VIL_025,51,5.35,-72.0,17.8,38.4,0.074,1,2,5,51.7,49.4,63.6,1,1
VIL_025,52,9.33,-44.4,18.9,42.3,0.271,2,0,3,50.4,48.3,64.9,3,0
VIL_025,53,5.11,-70.0,17.1,34.2,0.065,1,2,4,50.6,44.3,67.8,1,0
VIL_025,54,4.42,-73.1,17.3,42.3,0.049,2,1,5,45.5,37.7,56.0,4,1
VIL_025,55,6.73,-53.1,15.6,46.0,0.079,1,4,7,44.4,37.6,63.9,4,1
VIL_025,56,5.23,-71.0,17.4,51.8,0.082,4,3,4,45.5,38.7,64.7,5,0
VIL_025,57,5.79,-59.8,17.3,44.5,0.124,0,2,4,43.7,45.5,70.0,3,1
VIL_025,58,6.37,-53.8,17.8,48.2,0.119,1,1,3,50.3,41.9,60.6,1,1
VIL_025,59,7.23,-62.8,16.9,47.1,0.164,0,5,7,52.7,50.9,60.5,1,1
VIL_025,60,7.39,-63.2,21.6,48.7,0.069,3,2,4,53.5,46.5,58.6,1,1
VIL_025,61,5.75,-50.7,19.2,50.5,0.113,1,0,7,52.5,50.7,58.8,3,0
VIL_025,62,8.0,-45.4,21.0,41.4,0.089,2,2,4,50.7,40.2,58.1,2,0
VIL_025,63,5.14,-67.3,20.6,48.1,0.081,3,1,5,48.3,44.2,68.4,4,0
VIL_025,64,9.74,-49.3,21.7,50.9,0.183,5,2,3,56.9,49.1,58.3,3,1
VIL_025,65,4.75,-60.6,22.9,44.9,0.094,4,0,3,51.2,42.8,62.3,0,1
VIL_025,66,7.53,-49.8,27.7,42.6,0.169,5,1,1,57.7,50.6,58.6,3,1
VIL_025,67,8.59,-27.8,25.1,47.4,0.109,2,1,3,51.8,40.8,70.6,2,0
VIL_025,68,13.91,-5.3,27.5,52.9,0.256,0,1,2,47.5,40.8,63.6,3,1
VIL_025,69,9.46,-39.6,28.9,48.2,0.303,5,4,3,46.9,46.2,56.2,0,1
VIL_025,70,11.87,-27.1,29.7,50.9,0.233,7,2,3,42.7,35.8,58.1,3,1
VIL_025,71,12.13,-3.3,30.6,45.6,0.233,5,1,4,48.8,42.6,51.0,2,1
VIL_025,72,18.51,33.3,32.2,52.4,0.274,2,1,0,47.0,40.4,59.0,2,1
VIL_025,73,20.45,38.6,32.1,53.2,0.417,2,3,4,49.7,45.1,60.6,4,1
VIL_025,74,27.16,90.5,35.6,49.2,0.464,1,4,2,50.9,47.1,56.4,6,0
VIL_025,75,30.66,107.8,37.1,49.5,0.489,3,3,1,46.9,39.9,55.7,3,0
VIL_025,76,46.93,194.8,37.4,65.2,0.961,3,6,0,47.5,39.8,58.1,1,0
VIL_025,77,54.15,270.4,34.0,65.0,1.0,3,7,3,53.5,45.2,63.9,2,1
VIL_025,78,59.27,302.1,34.3,61.8,1.0,8,16,5,48.4,48.4,75.0,3,1
VIL_025,79,68.27,344.2,35.0,67.5,1.0,5,11,5,41.1,35.1,57.8,1,1
VIL_025,80,72.86,391.6,37.6,72.1,1.0,2,6,1,49.8,41.2,58.0,3,1
VIL_025,81,78.12,412.5,36.3,68.0,1.0,3,11,4,53.5,47.3,56.2,4,1
VIL_025,82,83.23,450.6,39.6,79.2,1.0,2,4,3,48.2,40.2,57.7,2,1
VIL_025,83,100.72,573.0,36.4,83.0,1.0,1,6,0,50.1,47.9,62.0,1,1
VIL_025,84,85.02,467.8,37.1,75.1,1.0,3,8,1,53.3,50.2,60.9,1,0
VIL_025,85,88.02,486.0,36.5,73.1,1.0,6,11,1,52.1,51.4,64.2,5,1
VIL_025,86,74.61,381.2,33.3,67.3,1.0,10,11,1,52.1,45.7,59.2,4,0
VIL_025,87,54.14,261.4,32.6,62.3,1.0,17,8,5,48.5,44.4,69.8,4,0
VIL_025,88,64.31,345.5,34.5,56.5,1.0,5,8,2,54.4,54.8,67.3,3,1
VIL_025,89,47.76,221.1,29.6,48.0,0.857,26,9,1,49.9,41.0,62.1,3,0
VIL_025,90,50.32,233.7,30.4,58.9,1.0,20,4,3,46.2,40.5,61.3,0,1
VIL_025,91,43.46,196.7,30.2,52.0,0.842,20,4,2,51.1,45.7,61.8,3,0
VIL_025,92,25.35,70.5,28.8,37.0,0.361,22,3,2,48.0,41.3,61.0,1,1
VIL_025,93,25.64,66.7,26.5,34.8,0.474,18,1,3,53.4,44.1,58.5,1,0
VIL_025,94,18.4,31.8,25.3,32.8,0.343,7,1,3,51.8,48.9,60.9,1,1
VIL_025,95,13.38,-8.2,23.1,40.5,0.313,3,4,2,45.7,39.6,63.5,2,1
VIL_025,96,10.93,-23.0,22.4,32.0,0.211,6,1,3,48.7,42.8,57.6,4,1
VIL_025,97,14.86,-2.9,24.3,38.4,0.26,9,2,2,46.9,42.5,63.0,1,1
VIL_025,98,7.7,-49.7,21.6,32.3,0.088,1,7,6,48.7,43.9,64.2,3,1
VIL_025,99,8.85,-33.0,19.6,34.1,0.166,2,3,5,51.1,43.1,58.8,4,1
VIL_025,100,4.72,-73.6,20.3,34.1,0.102,2,3,4,52.7,43.5,56.5,2,1
VIL_025,101,7.86,-24.4,18.2,33.8,0.185,0,2,5,50.7,44.6,61.2,1,1
VIL_025,102,16.51,4.2,16.8,38.7,0.371,2,2,5,46.6,44.3,60.0,4,0
VIL_025,103,7.19,-58.1,17.0,42.5,0.072,5,1,8,52.1,49.5,63.8,2,0
VIL_025,104,5.45,-53.3,15.6,35.7,0.121,1,4,7,42.2,36.3,60.7,6,1
VIL_026,1,5.22,-43.1,17.5,37.6,0.197,2,0,4,42.6,34.6,55.1,0,1
VIL_026,2,7.9,-49.1,18.5,33.5,0.15,0,1,3,44.5,43.4,60.5,0,0
VIL_026,3,9.36,-31.2,16.8,48.2,0.201,3,0,2,41.2,39.3,65.2,4,1
VIL_026,4,5.25,-59.0,15.3,37.3,0.213,1,2,3,46.9,38.6,55.5,1,0
VIL_026,5,4.96,-87.2,17.9,34.5,0.02,0,3,2,41.1,38.9,59.5,1,1
VIL_026,6,8.98,-35.7,16.8,44.8,0.103,0,2,2,43.5,34.5,58.2,0,1
VIL_026,7,8.69,-54.4,17.6,47.4,0.135,1,1,3,42.4,37.7,56.0,2,1
VIL_026,8,6.47,-50.5,20.7,51.0,0.113,2,0,1,42.6,43.6,52.4,2,1
VIL_026,9,6.17,-57.7,21.8,47.3,0.112,2,0,2,36.0,33.7,61.9,2,0
VIL_026,10,5.37,-75.3,21.0,50.2,0.082,1,1,1,40.5,38.2,57.6,2,0
VIL_026,11,5.29,-76.7,23.2,50.7,0.044,3,0,1,44.3,44.1,57.2,0,1
VIL_026,12,9.13,-39.9,22.2,52.6,0.231,2,2,4,39.5,38.2,60.2,0,0
VIL_026,13,6.7,-30.5,25.2,43.7,0.111,0,0,1,45.9,39.4,63.0,2,1
VIL_026,14,8.36,-28.0,25.3,51.2,0.226,3,0,2,41.3,36.2,64.1,0,1
VIL_026,15,8.22,-41.6,25.4,43.5,0.114,0,1,1,42.4,41.5,53.4,0,1
VIL_026,16,5.63,-57.3,27.1,55.5,0.211,1,1,3,41.1,31.7,59.6,0,1
VIL_026,17,7.71,-42.6,29.9,51.0,0.071,0,1,1,47.8,43.4,54.4,2,0
VIL_026,18,15.55,-1.7,28.8,49.1,0.31,3,1,0,39.0,34.5,57.4,0,1
VIL_026,19,12.75,-22.0,31.3,51.1,0.205,3,1,1,40.1,32.5,56.5,2,1
VIL_026,20,11.97,-11.7,34.0,44.4,0.241,1,4,2,41.5,39.7,58.0,3,1
VIL_026,21,18.81,19.4,33.0,44.8,0.327,4,1,1,47.4,41.9,59.7,2,1
VIL_026,22,22.67,65.5,32.6,55.5,0.346,0,1,2,43.5,39.0,56.7,1,1
VIL_026,23,32.88,105.7,34.9,52.2,0.619,0,3,4,46.6,43.0,56.1,1,1
VIL_026,24,31.07,98.1,36.7,53.4,0.701,1,0,3,49.1,41.8,55.8,2,1
VIL_026,25,43.23,202.4,34.8,59.8,0.815,1,3,0,40.2,37.3,54.9,0,1
VIL_026,26,62.66,314.8,38.1,66.8,1.0,2,0,3,37.3,35.5,43.4,2,1
VIL_026,27,73.16,386.5,37.8,67.5,1.0,2,4,1,44.3,40.1,56.4,0,1
VIL_026,28,83.06,460.2,37.4,75.6,1.0,2,4,1,42.2,37.2,59.5,0,1
VIL_026,29,101.27,586.7,37.6,83.8,1.0,2,4,0,42.5,37.4,58.2,1,0
VIL_026,30,67.16,353.8,36.9,68.5,1.0,3,3,0,42.5,35.3,55.2,0,1
VIL_026,31,78.97,429.3,36.8,79.6,1.0,2,6,1,35.5,29.1,52.3,2,1
VIL_026,32,99.02,568.1,35.9,70.9,1.0,3,1,1,50.8,47.1,53.3,2,1
VIL_026,33,97.24,552.4,36.3,73.8,1.0,4,4,1,43.9,39.6,63.2,1,1
VIL_026,34,86.12,485.0,36.0,71.5,1.0,3,5,1,43.8,40.7,56.7,3,0
VIL_026,35,100.08,595.8,32.6,80.9,1.0,9,5,2,42.1,36.9,51.5,0,1
VIL_026,36,54.8,270.4,31.8,54.9,1.0,5,7,2,45.2,42.7,62.1,0,1
VIL_026,37,51.96,237.8,31.2,56.1,1.0,13,4,1,42.3,36.8,54.2,2,1
VIL_026,38,39.03,170.6,29.8,38.9,0.811,9,2,1,46.5,50.3,53.5,1,1
VIL_026,39,32.03,112.1,30.8,39.8,0.629,6,0,2,43.1,38.6,61.3,2,1
VIL_026,40,23.24,58.3,26.4,42.5,0.472,8,1,3,46.4,42.8,56.4,1,1
VIL_026,41,15.42,6.4,27.7,29.3,0.329,6,1,0,40.3,33.4,58.1,1,1
VIL_026,42,15.95,0.5,27.5,21.7,0.274,1,1,1,45.6,37.4,55.4,1,1
VIL_026,43,9.95,-37.4,23.9,27.4,0.275,2,0,2,40.5,38.7,60.6,1,1
VIL_026,44,11.44,-46.8,25.2,33.6,0.24,4,2,3,41.1,35.5,51.4,0,0
VIL_026,45,8.74,-42.8,23.7,30.9,0.182,5,0,0,36.1,31.5,55.1,1,0
VIL_026,46,8.58,-37.2,20.9,26.7,0.128,1,0,4,47.8,37.9,55.1,0,1
VIL_026,47,4.97,-66.7,21.4,28.0,0.158,0,1,2,37.6,29.8,59.8,0,1
VIL_026,48,8.71,-46.5,18.5,28.4,0.172,0,0,2,39.3,31.3,59.8,1,1
VIL_026,49,6.27,-54.4,17.4,28.6,0.099,1,0,2,38.7,35.6,60.7,3,0
VIL_026,50,4.88,-76.9,17.6,30.4,0.043,1,2,5,36.6,30.1,51.2,1,1
VIL_026,51,7.43,-61.0,19.3,36.7,0.141,0,0,0,45.0,44.6,55.6,2,1
VIL_026,52,9.93,-28.6,16.7,29.2,0.14,2,1,3,40.7,44.8,64.6,1,0
VIL_026,53,6.8,-48.8,17.1,43.9,0.153,0,0,3,47.9,38.1,51.5,1,1
VIL_026,54,6.45,-51.9,15.8,39.0,0.168,1,2,2,44.5,44.8,60.4,0,0
VIL_026,55,7.3,-54.4,18.1,36.6,0.126,0,1,4,43.2,42.3,63.7,2,1
VIL_026,56,7.07,-41.9,18.3,38.2,0.153,1,0,5,44.4,39.4,60.4,2,1
VIL_026,57,4.29,-82.6,16.8,39.3,0.147,0,1,1,42.8,38.0,56.0,2,0
VIL_026,58,5.28,-67.8,15.4,43.3,0.097,0,1,4,37.0,36.5,57.1,0,1
VIL_026,59,10.29,-23.9,18.3,47.4,0.2,0,1,1,43.8,40.3,56.1,2,1
VIL_026,60,11.73,-13.2,20.0,47.6,0.235,1,1,2,42.8,39.0,47.4,0,1
VIL_026,61,5.84,-68.8,20.4,43.1,0.095,1,1,2,48.9,39.5,65.7,0,1
VIL_026,62,7.27,-30.1,21.4,47.4,0.128,2,2,0,46.8,46.8,60.8,1,1
VIL_026,63,4.42,-71.8,22.8,38.3,0.05,2,1,0,41.4,36.5,53.8,1,1
VIL_026,64,8.05,-45.4,22.8,43.9,0.182,1,0,3,44.7,39.9,57.7,2,1
VIL_026,65,5.18,-55.7,23.1,44.8,0.1,2,0,3,41.6,38.6,53.5,0,1
VIL_026,66,7.72,-33.0,26.7,43.5,0.184,2,1,0,45.0,33.9,55.5,0,1
VIL_026,67,7.57,-48.9,25.9,47.8,0.202,2,1,1,40.9,33.4,56.4,0,1
VIL_026,68,10.14,-20.7,26.8,44.4,0.15,6,1,1,42.5,45.4,58.5,2,1
VIL_026,69,9.26,-42.8,30.0,55.8,0.143,2,0,0,44.0,40.8,58.0,0,1
VIL_026,70,11.99,-3.4,29.2,44.0,0.274,1,0,1,43.7,39.4,64.8,0,1
VIL_026,71,13.04,-12.7,30.7,55.8,0.248,2,0,1,45.8,39.5,55.7,0,0
VIL_026,72,17.45,19.5,34.6,43.2,0.353,0,4,3,48.3,42.9,50.6,3,1
VIL_026,73,24.36,59.0,35.5,61.8,0.491,1,1,0,46.7,41.4,62.1,3,1
VIL_026,74,34.67,133.3,35.9,60.4,0.646,2,2,2,47.5,44.7,49.7,0,1
VIL_026,75,42.25,174.4,36.1,63.9,0.87,2,3,3,43.1,42.6,60.6,0,1
VIL_026,76,32.78,117.9,37.2,49.5,0.668,0,2,1,47.7,49.6,62.4,1,1
VIL_026,77,49.0,226.8,38.7,60.6,0.93,1,4,1,42.7,40.6,53.1,1,1
VIL_026,78,61.79,301.4,38.0,66.1,1.0,0,2,0,41.9,40.7,52.9,2,1
VIL_026,79,84.36,456.7,37.2,76.8,1.0,1,2,1,42.8,42.3,56.6,0,1
VIL_026,80,85.73,450.5,38.0,81.7,1.0,1,5,0,38.9,37.3,52.3,1,1
VIL_026,81,52.98,240.8,36.4,61.9,1.0,1,10,1,42.5,41.0,58.1,1,1
VIL_026,82,76.21,407.9,36.9,68.9,1.0,1,2,2,46.9,44.2,58.5,3,1
VIL_026,83,104.51,606.3,36.6,86.6,1.0,0,1,1,48.5,37.7,58.0,0,1
VIL_026,84,94.01,523.2,35.7,81.1,1.0,1,4,1,46.2,43.6,63.5,1,1
VIL_026,85,88.55,490.0,34.9,70.4,1.0,5,1,4,44.8,42.6,59.4,2,0
VIL_026,86,91.41,521.0,36.0,70.8,1.0,0,4,2,41.4,37.9,52.1,2,1
VIL_026,87,67.05,355.4,32.5,68.9,1.0,10,2,1,51.3,51.9,55.1,3,1
VIL_026,88,69.84,373.8,32.9,60.1,1.0,7,1,1,43.6,38.5,60.8,2,1
VIL_026,89,67.73,352.8,30.1,56.9,1.0,10,2,0,52.0,49.0,58.2,1,1
VIL_026,90,44.39,191.0,28.1,46.9,0.893,11,2,0,44.7,41.1,57.6,1,0
VIL_026,91,29.92,103.4,30.8,44.3,0.664,5,0,2,39.4,37.8,56.3,0,1
VIL_026,92,26.28,88.1,29.7,41.0,0.469,10,1,0,42.8,42.3,60.2,1,1
VIL_026,93,20.47,54.5,26.4,34.8,0.389,4,3,0,39.0,37.7,57.3,0,1
VIL_026,94,12.39,6.7,25.9,33.9,0.271,4,1,0,46.1,43.1,55.6,1,0
VIL_026,95,11.36,-9.0,24.3,32.3,0.262,2,0,1,46.7,39.3,53.9,0,1
VIL_026,96,11.5,-22.9,23.1,31.3,0.203,0,0,1,39.6,35.4,59.8,0,1
VIL_026,97,11.13,-37.8,21.8,31.1,0.2,0,0,2,42.5,38.2,60.8,3,1
VIL_026,98,9.21,-32.6,21.9,32.7,0.151,1,1,3,46.3,42.6,64.4,1,1
VIL_026,99,6.62,-44.9,19.9,30.0,0.095,1,0,2,39.3,40.6,51.5,0,0
VIL_026,100,6.58,-81.7,20.0,32.9,0.158,1,2,3,46.2,39.5,58.7,0,1
VIL_026,101,7.78,-63.0,20.8,34.0,0.154,1,1,4,39.8,31.6,55.3,2,0
VIL_026,102,6.15,-63.6,18.6,28.7,0.188,2,1,3,46.5,40.2,59.0,0,1
VIL_026,103,6.31,-65.6,17.8,33.6,0.071,0,2,5,38.9,40.5,57.7,0,1
VIL_026,104,4.56,-85.7,16.6,35.0,0.083,0,1,2,45.8,36.7,60.2,1,0
VIL_027,1,6.7,-39.2,17.6,43.5,0.121,1,2,3,48.1,42.1,58.9,1,0
VIL_027,2,5.79,-61.8,16.0,37.4,0.129,0,2,3,46.6,39.7,54.6,1,0
VIL_027,3,8.7,-38.2,16.9,47.1,0.17,2,0,4,44.8,42.9,56.0,1,1
VIL_027,4,6.31,-57.0,16.5,52.1,0.106,2,0,2,40.6,40.3,57.2,1,1
VIL_027,5,8.28,-47.8,17.5,47.5,0.125,1,2,2,40.6,33.9,56.9,1,0
VIL_027,6,6.15,-73.9,19.6,46.2,0.087,2,0,6,51.3,48.4,50.3,0,1
VIL_027,7,8.82,-36.4,18.6,44.1,0.203,1,5,2,42.2,33.8,66.9,3,0
VIL_027,8,8.29,-26.9,18.6,54.1,0.131,0,3,1,43.3,41.7,54.5,0,1
VIL_027,9,5.38,-62.4,21.6,49.5,0.053,2,2,1,44.6,35.6,55.2,2,1
VIL_027,10,7.3,-54.4,22.9,45.7,0.153,2,0,0,43.1,36.6,55.8,2,1
VIL_027,11,8.47,-47.9,21.4,54.6,0.06,0,2,4,45.1,40.0,58.6,2,1
VIL_027,12,6.09,-54.5,25.2,48.2,0.121,2,1,0,54.3,55.4,56.1,2,1
VIL_027,13,3.31,-66.4,25.8,49.3,0.07,2,2,1,45.9,39.4,55.1,3,1
VIL_027,14,6.14,-53.8,25.1,46.4,0.151,1,1,1,44.2,40.3,57.5,3,1
VIL_027,15,7.52,-68.5,28.5,44.9,0.168,0,2,1,41.9,40.9,57.4,1,1
VIL_027,16,8.75,-24.3,26.7,45.5,0.111,2,1,2,46.1,43.9,53.1,3,1
VIL_027,17,7.16,-44.0,28.8,46.4,0.134,1,0,0,42.1,45.5,61.0,3,1
VIL_027,18,8.27,-46.7,29.2,50.0,0.198,2,2,1,44.2,46.3,54.5,0,1
VIL_027,19,9.51,-41.9,30.5,46.8,0.211,5,0,2,44.8,39.5,55.1,2,1
VIL_027,20,24.15,56.5,33.7,51.4,0.444,0,3,1,43.7,38.1,49.6,2,0
VIL_027,21,27.2,89.9,33.6,51.4,0.565,3,2,1,46.6,46.6,58.5,1,1
VIL_027,22,22.05,27.2,33.2,56.8,0.487,0,3,2,43.2,35.2,59.7,1,1
VIL_027,23,31.19,113.0,34.5,54.7,0.575,0,3,2,44.3,44.9,53.2,0,0
VIL_027,24,30.72,107.6,35.1,46.1,0.516,0,2,1,46.7,47.8,58.7,2,0
VIL_027,25,36.18,143.9,36.7,55.5,0.812,4,2,0,51.7,50.3,58.7,4,1
VIL_027,26,54.6,252.4,39.4,61.8,1.0,0,6,2,48.0,41.0,53.3,1,1
VIL_027,27,73.44,372.6,37.2,72.5,1.0,1,1,0,39.9,33.8,47.9,1,1
VIL_027,28,75.35,424.8,37.3,69.2,1.0,1,7,1,42.1,42.2,49.5,1,1
VIL_027,29,84.93,467.5,38.8,80.2,1.0,0,3,2,45.6,41.7,60.6,1,1
VIL_027,30,84.72,484.1,36.1,73.2,1.0,1,4,1,41.9,34.6,57.1,1,0
VIL_027,31,97.69,560.3,37.9,78.4,1.0,3,4,2,43.4,37.9,56.7,0,1
VIL_027,32,87.71,485.8,35.3,71.9,1.0,2,10,2,42.7,36.7,56.1,0,1
VIL_027,33,71.85,381.3,34.8,66.2,1.0,3,8,2,44.3,37.9,59.9,0,1
VIL_027,34,59.09,304.7,34.1,58.6,1.0,6,4,2,45.6,42.2,52.0,0,1
VIL_027,35,81.72,456.7,33.5,66.1,1.0,8,4,4,46.7,42.6,62.3,2,1
VIL_027,36,52.32,253.6,32.5,52.4,1.0,8,2,1,51.0,50.9,60.2,2,0
VIL_027,37,44.92,210.4,32.1,47.1,0.914,7,3,2,47.3,43.8,52.6,1,0
VIL_027,38,46.49,221.3,30.0,51.9,0.906,14,4,4,45.8,42.8,49.4,1,1
VIL_027,39,29.56,100.4,29.5,34.7,0.563,7,3,0,39.6,35.0,62.0,0,0
VIL_027,40,33.09,114.5,26.3,40.2,0.702,8,1,0,44.7,40.5,64.9,1,1
VIL_027,41,14.61,2.4,27.9,31.6,0.265,5,1,1,43.4,35.9,56.1,1,1
VIL_027,42,17.47,9.0,27.2,39.6,0.364,9,1,2,45.0,42.2,62.9,3,1
VIL_027,43,15.98,2.8,24.9,38.3,0.327,2,2,2,36.3,34.4,60.1,2,1
VIL_027,44,10.58,-25.5,24.4,33.0,0.321,2,1,2,39.7,40.0,56.2,2,1
VIL_027,45,7.34,-51.9,21.3,26.5,0.139,0,3,2,41.8,43.2,54.4,1,1
VIL_027,46,6.88,-41.0,23.1,31.2,0.196,4,0,1,45.7,32.9,57.3,1,1
VIL_027,47,12.34,-24.3,20.6,42.1,0.282,0,1,3,39.8,36.2,56.3,1,1
VIL_027,48,2.89,-102.0,17.6,30.2,0.052,0,1,3,41.6,38.9,49.9,1,0
VIL_027,49,12.18,-5.7,20.2,37.0,0.181,2,1,1,43.5,39.5,59.4,0,0
VIL_027,50,6.03,-59.3,19.0,35.2,0.118,3,0,3,48.2,42.1,49.3,1,1
VIL_027,51,8.23,-44.2,19.9,33.3,0.21,1,1,2,39.7,35.1,67.7,3,1
VIL_027,52,6.25,-66.2,19.3,33.7,0.064,0,1,1,51.0,45.5,61.1,1,1
VIL_027,53,9.59,-54.9,18.7,36.6,0.234,1,0,1,45.6,37.0,54.4,3,1
VIL_027,54,7.31,-59.4,17.6,38.7,0.213,0,1,4,47.5,44.5,58.5,1,0
VIL_027,55,9.24,-32.7,17.9,43.8,0.19,0,0,4,40.3,35.3,59.5,2,1
VIL_027,56,5.79,-63.4,16.0,42.1,0.162,1,3,6,43.7,38.2,65.7,0,0
VIL_027,57,5.38,-67.4,17.3,44.4,0.115,1,0,7,41.5,40.2,63.3,3,1
VIL_027,58,8.23,-62.1,21.7,53.4,0.193,3,1,0,46.8,38.3,57.6,2,1
VIL_027,59,5.9,-42.6,16.7,55.0,0.193,3,2,6,45.2,41.1,59.4,1,0
VIL_027,60,8.12,-46.5,19.9,46.9,0.085,2,3,3,44.7,40.0,61.2,1,1
VIL_027,61,5.11,-42.5,20.3,49.5,0.064,0,3,2,44.4,36.4,65.0,0,0
VIL_027,62,7.56,-45.9,22.3,50.3,0.214,1,0,5,41.1,38.2,58.7,1,0
VIL_027,63,6.18,-43.3,22.6,51.8,0.195,0,0,1,48.9,42.0,53.9,1,0
VIL_027,64,6.14,-66.2,24.9,51.9,0.052,2,1,3,47.3,44.4,53.3,1,1
VIL_027,65,7.82,-63.0,24.6,46.7,0.234,0,0,1,46.7,40.6,58.3,2,1
VIL_027,66,5.39,-65.9,26.7,55.6,0.0,1,0,2,39.6,34.4,52.8,2,1
VIL_027,67,7.52,-44.3,27.4,54.8,0.182,1,2,1,42.5,32.1,71.1,0,1
VIL_027,68,7.1,-46.0,27.9,52.1,0.153,1,2,1,47.9,46.1,59.5,3,1
VIL_027,69,10.55,-25.7,28.9,52.4,0.174,1,3,0,49.3,44.5,59.4,2,1
VIL_027,70,14.9,22.3,32.1,52.9,0.264,2,2,1,38.5,33.6,50.9,0,0
VIL_027,71,13.89,-3.5,32.4,51.0,0.246,2,0,3,40.8,34.9,60.6,1,1
VIL_027,72,17.7,14.9,33.9,54.5,0.344,1,2,0,49.2,40.5,55.9,1,0
VIL_027,73,26.44,74.0,35.1,55.9,0.628,1,4,1,45.3,38.7,58.8,2,1
VIL_027,74,22.12,39.4,33.9,53.3,0.484,2,3,0,43.6,38.4,52.8,3,1
VIL_027,75,38.63,160.5,34.9,59.1,0.844,1,4,2,44.0,39.8,62.7,0,1
VIL_027,76,38.27,165.9,35.4,57.1,0.749,0,4,2,44.7,40.2,63.0,2,1
VIL_027,77,51.09,254.7,37.6,70.6,1.0,0,3,0,43.9,39.1,61.7,1,1
VIL_027,78,53.31,252.5,36.8,63.7,1.0,1,4,1,45.1,40.9,53.4,1,1
VIL_027,79,57.36,281.9,37.1,62.5,1.0,3,1,2,45.1,37.0,54.4,2,1
VIL_027,80,53.12,247.7,35.7,61.5,1.0,0,6,3,44.7,43.9,54.8,2,1
VIL_027,81,78.97,436.1,37.9,67.8,1.0,0,4,2,45.8,41.0,55.4,0,0
VIL_027,82,91.73,499.2,37.7,81.6,1.0,1,7,1,37.9,34.4,57.8,1,1
VIL_027,83,101.52,569.6,37.0,81.7,1.0,5,6,1,47.0,43.4,60.3,2,1
VIL_027,84,73.06,345.5,36.0,65.0,1.0,1,5,0,49.8,41.7,55.2,1,1
VIL_027,85,89.03,481.7,36.5,71.7,1.0,3,5,1,40.4,36.4,64.6,3,1
VIL_027,86,85.09,461.4,34.4,64.2,1.0,6,6,0,44.0,41.6,58.7,1,1
VIL_027,87,74.34,390.5,35.3,71.7,1.0,4,6,3,41.9,35.5,61.1,2,0
VIL_027,88,65.4,323.0,33.5,60.1,1.0,2,9,0,44.3,42.4,60.9,0,1
VIL_027,89,41.36,164.4,30.1,54.1,0.868,9,3,0,51.2,46.8,52.2,1,0
VIL_027,90,43.66,203.7,30.4,46.6,0.894,9,2,2,40.2,40.2,61.6,2,1
VIL_027,91,36.57,136.0,29.8,45.7,0.694,10,3,0,44.9,36.6,56.8,3,1
VIL_027,92,31.23,90.1,27.4,44.1,0.589,5,2,1,45.7,39.8,58.8,5,0
VIL_027,93,25.93,62.4,28.3,40.5,0.461,1,3,0,36.7,30.7,53.9,0,1
VIL_027,94,21.72,34.5,23.4,34.9,0.415,2,4,2,46.4,38.0,56.8,0,1
VIL_027,95,12.35,-18.4,25.6,25.3,0.253,4,1,2,43.9,38.2,61.1,1,1
VIL_027,96,13.26,-8.0,24.3,42.3,0.221,2,1,0,42.4,37.9,53.0,2,1
VIL_027,97,16.12,-6.1,20.0,32.4,0.432,3,3,0,40.1,33.5,55.1,1,0
VIL_027,98,8.29,-41.7,21.4,42.3,0.197,1,2,0,43.3,36.0,58.1,0,1
VIL_027,99,7.11,-38.6,19.8,30.0,0.141,3,3,2,43.8,40.5,58.8,1,0
VIL_027,100,7.24,-41.6,21.2,39.0,0.149,0,1,1,40.0,37.0,53.1,5,0
VIL_027,101,8.98,-34.4,17.8,37.7,0.11,0,1,2,46.2,42.7,56.0,2,1
VIL_027,102,11.02,-22.5,19.1,40.0,0.16,1,1,4,41.9,41.1,51.6,1,0
VIL_027,103,6.37,-60.7,18.8,33.8,0.194,0,1,3,40.0,34.6,58.8,1,0
VIL_027,104,5.0,-52.5,16.8,35.2,0.182,1,0,1,45.0,43.8,55.7,0,0
VIL_028,1,4.84,-77.0,17.8,39.6,0.075,1,1,3,43.9,39.7,66.1,2,1
VIL_028,2,8.79,-40.5,17.8,45.8,0.233,1,3,5,45.5,42.5,52.1,3,0
VIL_028,3,4.67,-67.8,17.0,37.9,0.118,0,0,2,46.8,34.3,60.9,1,1
VIL_028,4,4.81,-89.8,17.1,38.7,0.134,2,4,2,42.5,42.2,50.6,4,0
VIL_028,5,6.38,-65.9,17.4,47.6,0.193,2,3,6,44.6,41.3,52.2,3,1
VIL_028,6,6.52,-70.1,17.1,44.5,0.085,2,1,2,46.1,41.8,51.2,2,0
VIL_028,7,3.88,-66.9,19.0,38.1,0.103,0,0,6,45.4,43.0,55.5,1,1
VIL_028,8,6.07,-76.5,18.9,45.8,0.124,3,1,3,42.2,36.0,55.3,0,1
VIL_028,9,8.57,-33.4,20.6,42.6,0.193,2,1,2,52.1,46.9,61.4,2,0
VIL_028,10,9.71,-47.1,20.6,48.0,0.252,1,1,2,45.9,43.3,60.5,1,1
VIL_028,11,6.93,-44.2,21.6,52.0,0.131,3,3,5,41.4,35.1,60.7,1,1
VIL_028,12,5.67,-76.2,22.8,53.4,0.079,5,2,6,42.0,36.5,57.2,3,1
VIL_028,13,6.73,-50.9,26.1,49.4,0.082,4,3,0,42.3,38.5,57.8,2,1
VIL_028,14,5.19,-56.1,24.1,52.9,0.191,1,0,0,44.0,41.0,55.8,5,1
VIL_028,15,10.28,-25.7,29.1,48.2,0.204,8,2,0,48.4,41.8,56.0,1,1
VIL_028,16,8.18,-57.7,29.1,55.6,0.095,0,2,0,48.0,44.5,63.9,0,1
VIL_028,17,7.32,-39.9,27.5,45.1,0.215,4,2,3,49.6,43.7,63.3,2,1
VIL_028,18,7.76,-42.8,29.9,44.5,0.07,1,1,3,49.4,47.0,60.5,3,0
VIL_028,19,10.96,-50.5,29.7,46.9,0.142,3,0,4,49.9,47.5,64.6,3,1
VIL_028,20,15.96,7.5,33.5,47.5,0.303,2,2,1,45.9,38.6,56.9,2,0
VIL_028,21,21.77,73.5,35.2,54.6,0.408,1,3,2,44.4,39.3,67.0,0,0
VIL_028,22,21.98,57.7,34.8,56.7,0.455,4,2,4,51.1,43.9,55.2,2,1
VIL_028,23,41.22,169.8,36.7,60.3,0.728,2,2,1,48.8,38.3,57.5,3,1
VIL_028,24,40.22,173.5,36.1,59.9,0.821,1,1,2,53.6,52.7,61.7,0,1
VIL_028,25,51.98,242.6,37.5,57.9,1.0,0,1,3,45.0,40.6,61.3,1,1
VIL_028,26,58.69,301.4,37.1,65.9,1.0,1,2,0,43.5,41.8,57.9,0,1
VIL_028,27,72.19,373.1,36.9,78.2,1.0,2,5,0,45.1,45.9,60.4,2,1
VIL_028,28,78.33,434.3,37.9,78.6,1.0,2,2,3,42.9,37.4,60.2,1,1
VIL_028,29,106.54,619.5,36.7,81.5,1.0,2,9,1,37.8,36.6,60.5,3,1
VIL_028,30,91.7,517.8,38.5,75.6,1.0,3,8,3,42.5,39.0,58.0,1,0
VIL_028,31,101.89,600.0,36.0,94.9,1.0,5,7,3,41.9,35.4,62.0,2,0
VIL_028,32,117.25,691.7,36.5,89.6,1.0,2,4,1,48.0,43.6,60.9,1,0
VIL_028,33,92.98,530.1,34.4,80.9,1.0,9,8,0,47.6,44.3,60.2,1,1
VIL_028,34,83.46,467.7,32.6,75.6,1.0,13,6,2,49.1,43.3,55.9,2,1
VIL_028,35,60.28,309.0,34.1,52.4,1.0,8,6,0,42.4,34.7,52.6,2,1
VIL_028,36,52.97,257.8,30.5,55.5,1.0,21,2,1,45.0,43.6,62.9,3,0
VIL_028,37,55.71,264.6,34.2,54.3,1.0,4,7,3,40.3,40.4,59.1,1,1
VIL_028,38,48.57,217.2,30.1,56.5,0.913,18,4,2,47.2,41.0,58.8,0,1
VIL_028,39,31.91,117.0,29.3,48.9,0.504,14,1,0,42.3,36.6,56.0,3,1
VIL_028,40,21.23,47.7,27.8,32.3,0.451,8,2,2,43.0,39.9,53.4,4,1
VIL_028,41,15.93,6.4,27.2,46.8,0.306,10,1,2,42.5,40.7,56.2,2,1
VIL_028,42,13.9,-12.1,26.2,32.9,0.223,7,3,5,46.9,43.9,58.9,1,1
VIL_028,43,10.38,-32.2,23.6,33.4,0.289,6,2,5,43.7,42.3,49.4,3,1
VIL_028,44,8.64,-42.9,20.4,20.0,0.254,0,4,3,46.3,46.3,54.7,2,1
VIL_028,45,10.5,-27.3,21.0,36.1,0.274,3,1,4,45.3,41.4,55.1,4,1
VIL_028,46,9.74,-37.3,20.7,23.8,0.206,1,1,1,43.1,38.7,58.3,2,1
VIL_028,47,7.12,-40.8,20.7,31.4,0.0,0,0,8,38.5,37.9,60.8,0,1
VIL_028,48,4.99,-67.8,19.7,29.6,0.159,2,0,7,38.6,37.2,55.2,1,1
VIL_028,49,4.48,-76.6,19.7,34.5,0.044,2,1,0,44.0,39.5,60.0,0,1
VIL_028,50,4.83,-68.6,16.2,34.6,0.069,1,3,4,47.1,38.4,60.0,0,0
VIL_028,51,15.75,-6.0,16.6,42.8,0.36,2,2,3,44.3,37.4,60.9,7,1
VIL_028,52,4.89,-47.2,16.8,41.2,0.199,0,2,5,44.5,42.5,63.1,1,1
VIL_028,53,7.7,-42.1,18.9,34.8,0.231,3,3,4,46.0,41.2,59.6,1,0
VIL_028,54,5.82,-61.3,20.3,38.3,0.125,3,2,3,53.2,45.4,57.0,3,0
VIL_028,55,5.13,-51.7,15.5,36.6,0.139,1,2,4,38.5,31.6,56.9,3,1
VIL_028,56,6.22,-60.6,18.6,38.0,0.069,1,0,2,42.4,42.7,60.8,1,1
VIL_028,57,7.53,-50.2,17.8,51.1,0.069,1,0,7,51.6,44.5,59.9,2,1
VIL_028,58,5.55,-70.0,18.8,38.4,0.165,1,1,3,41.0,38.9,58.4,2,0
VIL_028,59,9.97,-42.9,17.2,43.3,0.216,2,2,6,44.9,36.7,63.4,0,0
VIL_028,60,6.23,-56.4,21.1,54.4,0.052,1,5,2,48.1,39.6,54.5,1,1
VIL_028,61,6.35,-47.0,17.7,45.9,0.125,1,4,3,44.0,40.0,62.8,1,1
VIL_028,62,9.2,-47.4,19.7,48.2,0.215,2,0,0,43.5,38.6,52.6,3,1
VIL_028,63,5.81,-63.7,22.0,48.9,0.162,0,7,1,44.7,41.6,56.7,1,0
VIL_028,64,5.68,-64.2,22.7,42.7,0.145,0,2,0,46.1,40.7,49.9,1,1
VIL_028,65,7.41,-42.9,24.6,44.9,0.13,3,0,4,45.2,43.4,57.3,0,0
VIL_028,66,9.35,-42.0,25.0,47.2,0.145,1,0,1,47.4,42.5,54.7,0,0
VIL_028,67,8.73,-34.3,26.6,53.5,0.18,5,2,2,42.3,43.3,55.6,2,1
VIL_028,68,11.54,-15.9,28.0,53.2,0.271,5,1,1,47.5,40.9,55.5,3,1
VIL_028,69,12.1,-26.0,29.1,47.9,0.287,1,2,1,46.6,41.3,63.1,3,1
VIL_028,70,14.1,-9.0,30.7,50.4,0.361,8,0,2,48.6,43.8,57.2,3,1
VIL_028,71,17.2,15.5,32.7,54.9,0.346,1,0,3,45.4,39.6,55.9,1,1
VIL_028,72,22.28,44.2,31.8,44.1,0.39,0,2,2,41.7,32.3,59.8,1,0
VIL_028,73,22.51,41.1,35.2,54.1,0.505,1,4,2,41.4,40.1,55.9,2,1
VIL_028,74,37.53,165.0,34.5,62.5,0.755,3,4,6,40.7,34.1,60.5,2,1
VIL_028,75,31.12,89.6,36.7,51.5,0.558,1,2,1,46.9,41.1,51.2,2,0
VIL_028,76,37.03,149.2,35.4,59.7,0.772,2,4,0,47.3,43.0,48.5,0,0
VIL_028,77,59.82,312.5,35.3,67.4,1.0,2,3,2,53.8,48.2,59.6,1,1
VIL_028,78,75.49,395.2,36.8,81.2,1.0,3,6,0,42.8,38.6,55.1,3,1
VIL_028,79,72.37,382.7,40.0,69.1,1.0,2,3,3,49.9,44.3,46.1,0,0
VIL_028,80,79.73,440.6,35.4,76.0,1.0,5,4,4,37.7,32.6,58.9,1,1
VIL_028,81,91.58,480.1,37.7,72.5,1.0,4,4,0,48.1,44.2,58.8,1,1
VIL_028,82,84.65,463.8,36.9,74.1,1.0,3,5,0,44.1,41.2,58.9,2,1
VIL_028,83,107.52,601.1,36.8,87.4,1.0,4,6,1,44.2,40.7,52.9,3,0
VIL_028,84,82.55,459.9,34.4,68.5,1.0,6,3,1,46.0,38.2,59.2,3,1
VIL_028,85,96.81,537.4,35.8,81.2,1.0,2,6,3,45.5,43.9,62.1,1,1
VIL_028,86,68.83,376.7,34.8,65.6,1.0,8,7,2,43.7,41.2,56.8,4,1
VIL_028,87,91.74,502.0,31.9,73.2,1.0,20,2,3,49.2,46.6,57.5,2,0
VIL_028,88,43.66,195.6,32.8,46.9,0.828,10,0,1,50.4,45.0,57.3,2,1
VIL_028,89,48.83,216.8,31.4,37.7,0.877,9,2,2,38.8,34.2,54.5,0,1
VIL_028,90,57.49,280.9,30.1,51.4,1.0,11,2,1,48.9,42.1,50.2,2,1
VIL_028,91,35.07,133.8,29.3,47.0,0.73,13,6,1,46.4,39.4,55.7,3,1
VIL_028,92,31.31,109.0,29.5,39.6,0.575,10,4,5,43.8,40.1,65.2,4,1
VIL_028,93,19.5,46.5,27.5,36.6,0.43,11,2,3,42.6,38.6,58.3,0,0
VIL_028,94,15.67,18.7,24.5,31.3,0.383,10,2,2,41.3,36.9,57.5,2,1
VIL_028,95,14.26,-12.5,25.2,27.1,0.25,4,0,1,42.4,35.0,47.0,3,1
VIL_028,96,13.71,-8.2,23.4,36.0,0.178,6,3,1,39.9,37.0,54.0,1,0
VIL_028,97,11.51,-34.9,21.6,27.6,0.279,4,2,2,46.7,37.1,61.9,0,1
VIL_028,98,5.54,-77.0,19.8,29.2,0.174,1,3,2,45.7,43.6,64.4,2,1
VIL_028,99,7.64,-55.8,21.3,33.6,0.116,1,5,3,41.8,37.6,62.1,1,0
VIL_028,100,9.3,-21.2,18.8,31.3,0.225,0,1,5,42.2,39.1,60.0,4,1
VIL_028,101,12.49,-33.6,19.9,42.9,0.266,1,2,4,43.1,41.7,54.9,3,0
VIL_028,102,7.19,-46.3,16.9,42.9,0.138,0,1,4,42.1,36.4,60.6,2,0
VIL_028,103,6.2,-54.0,20.0,32.5,0.153,2,1,1,43.4,42.6,61.6,3,1
VIL_028,104,5.63,-69.9,20.5,33.5,0.087,3,1,2,43.2,37.8,61.2,1,1
VIL_029,1,4.57,-62.4,18.1,45.5,0.058,2,0,2,66.0,59.6,61.9,4,0
VIL_029,2,5.78,-59.9,15.7,40.5,0.167,1,0,3,66.0,60.5,65.8,1,1
VIL_029,3,5.44,-63.4,16.9,39.3,0.137,2,0,7,60.3,56.0,64.0,3,0
VIL_029,4,7.48,-55.1,18.6,44.9,0.103,1,1,5,63.4,56.1,74.4,2,0
VIL_029,5,3.8,-82.0,17.2,45.7,0.174,0,1,1,63.3,56.4,58.1,3,0
VIL_029,6,8.08,-52.2,19.8,49.6,0.139,2,1,2,63.2,61.0,68.0,1,1
VIL_029,7,5.48,-60.3,19.6,45.4,0.028,0,1,3,56.6,53.4,63.7,3,0
VIL_029,8,7.53,-51.8,21.6,46.2,0.112,8,1,0,56.1,50.2,58.2,0,0
VIL_029,9,5.57,-77.8,20.0,46.6,0.06,5,0,2,61.0,56.3,61.6,1,1
VIL_029,10,5.97,-64.4,22.2,46.6,0.129,0,2,5,66.8,65.0,70.9,1,0
VIL_029,11,7.31,-53.4,23.2,45.9,0.227,1,0,1,64.3,59.6,66.0,1,1
VIL_029,12,10.18,-27.0,24.7,54.0,0.216,3,1,0,63.8,56.8,64.2,2,0
VIL_029,13,6.85,-51.4,25.0,47.6,0.216,0,1,6,67.0,56.6,64.9,1,1
VIL_029,14,5.46,-46.0,27.1,43.7,0.163,5,1,3,61.7,61.7,60.7,0,0
VIL_029,15,9.34,-47.5,26.2,49.7,0.054,0,1,2,60.6,51.2,60.0,2,0
VIL_029,16,7.0,-47.8,28.1,51.1,0.185,2,3,4,67.0,61.9,59.1,0,0
VIL_029,17,8.12,-39.5,27.6,42.6,0.133,2,2,1,68.9,64.8,64.4,1,1
VIL_029,18,11.68,-19.4,30.2,48.6,0.259,4,1,1,61.3,57.0,60.0,2,0
VIL_029,19,11.75,-24.6,30.6,45.9,0.232,1,1,2,64.2,59.1,61.8,3,0
VIL_029,20,15.17,-5.7,33.1,58.8,0.443,2,0,1,63.2,60.1,71.4,1,1
VIL_029,21,19.57,30.1,34.8,51.8,0.413,0,3,2,64.7,59.3,63.5,0,0
VIL_029,22,18.58,6.0,35.2,56.2,0.401,2,1,2,61.4,53.8,66.3,1,0
VIL_029,23,36.5,134.1,36.2,58.9,0.784,2,1,2,66.9,59.1,58.6,1,1
VIL_029,24,41.98,170.1,36.0,60.9,0.765,0,4,1,65.3,58.2,59.6,1,1
VIL_029,25,57.9,291.0,36.2,66.1,1.0,2,1,1,63.7,60.1,63.3,1,0
VIL_029,26,53.63,263.8,35.3,62.1,1.0,0,6,1,64.9,56.6,66.0,0,0
VIL_029,27,85.84,461.6,34.6,77.6,1.0,4,5,2,65.4,61.4,59.0,2,1
VIL_029,28,66.71,331.6,35.2,64.5,1.0,6,5,1,60.6,53.8,60.9,0,1
VIL_029,29,78.66,409.8,36.1,71.9,1.0,3,4,4,61.8,54.7,67.9,0,0
VIL_029,30,94.14,537.4,37.8,72.0,1.0,3,3,1,62.7,57.5,70.2,1,0
VIL_029,31,98.57,566.3,34.9,80.3,1.0,6,3,4,56.3,45.2,60.2,1,1
VIL_029,32,87.98,493.0,34.9,68.5,1.0,8,3,1,69.6,62.2,63.4,1,0
VIL_029,33,86.53,491.9,34.7,72.0,1.0,7,4,0,62.3,55.0,59.7,2,1
VIL_029,34,74.54,414.7,36.0,66.1,1.0,4,2,3,61.7,54.9,62.2,3,1
VIL_029,35,75.02,390.2,33.6,69.9,1.0,10,3,1,60.8,52.5,67.2,2,1
VIL_029,36,56.24,271.0,32.8,55.5,1.0,5,2,2,61.4,59.3,61.5,2,0
VIL_029,37,47.2,222.4,32.1,48.2,0.898,15,2,2,67.7,63.6,58.2,0,0
VIL_029,38,44.45,168.7,32.2,45.0,0.928,5,1,2,62.0,57.4,62.8,2,1
VIL_029,39,32.12,111.6,29.5,44.0,0.66,12,1,0,65.2,58.4,63.9,0,1
VIL_029,40,26.6,87.0,26.1,37.9,0.532,8,4,0,63.4,64.5,68.6,1,1
VIL_029,41,22.69,47.8,27.2,33.4,0.404,3,2,2,62.5,57.5,63.4,0,0
VIL_029,42,11.13,-18.5,27.5,31.5,0.238,4,3,1,61.6,51.9,64.9,1,0
VIL_029,43,10.57,-49.5,25.4,23.5,0.224,5,1,2,54.4,48.3,69.1,1,1
VIL_029,44,6.92,-51.0,23.7,29.9,0.204,4,1,2,64.9,58.5,68.7,2,1
VIL_029,45,6.94,-58.3,22.8,27.1,0.079,1,0,2,62.6,51.7,57.6,0,0
VIL_029,46,7.38,-53.1,19.1,29.9,0.112,0,0,2,67.0,61.7,61.2,4,0
VIL_029,47,3.73,-84.6,18.0,38.2,0.172,3,1,1,65.2,54.2,62.0,2,0
VIL_029,48,6.99,-37.4,20.6,30.9,0.149,1,0,2,63.1,57.1,63.5,1,0
VIL_029,49,3.98,-72.8,20.3,35.5,0.092,2,0,2,61.6,54.8,67.7,2,1
VIL_029,50,5.28,-63.3,17.4,38.3,0.154,1,2,6,62.1,52.9,67.2,0,1
VIL_029,51,5.4,-43.4,17.9,38.7,0.199,3,2,4,65.1,60.0,62.6,1,1
VIL_029,52,5.96,-69.5,18.0,38.3,0.061,0,1,5,64.5,59.1,61.9,1,0
VIL_029,53,4.91,-65.9,19.1,33.0,0.207,1,0,2,61.5,57.9,55.2,1,1
VIL_029,54,6.77,-61.7,16.9,37.0,0.133,0,1,1,61.2,58.1,64.5,1,1
VIL_029,55,3.86,-81.6,18.0,34.7,0.09,1,0,2,65.6,56.2,55.5,1,1
VIL_029,56,10.68,-25.7,19.7,42.5,0.217,1,2,5,63.9,57.2,64.1,1,0
VIL_029,57,9.55,-39.1,17.3,43.1,0.266,0,4,1,61.1,57.5,58.1,0,1
VIL_029,58,7.68,-29.0,18.2,40.9,0.202,1,2,2,60.8,57.8,60.8,2,0
VIL_029,59,5.95,-42.5,17.4,46.8,0.112,2,1,3,65.6,62.6,66.1,2,0
VIL_029,60,9.41,-38.9,18.2,45.2,0.132,2,1,1,60.2,50.7,62.8,0,1
VIL_029,61,6.43,-72.5,21.4,45.0,0.117,2,1,3,57.8,49.4,66.2,1,0
VIL_029,62,6.0,-62.9,22.8,40.6,0.053,1,1,2,66.9,62.4,54.1,3,0
VIL_029,63,7.0,-42.9,23.7,48.1,0.185,1,1,2,62.1,56.0,64.3,1,0
VIL_029,64,6.48,-65.6,22.2,47.6,0.096,0,1,2,62.7,57.9,55.5,2,1
VIL_029,65,8.49,-27.3,24.4,46.8,0.165,1,1,2,65.0,60.0,60.9,0,1
VIL_029,66,9.93,-28.0,26.4,51.5,0.257,1,2,1,61.1,56.8,64.8,3,1
VIL_029,67,7.88,-59.2,24.3,49.3,0.198,3,1,2,63.2,55.8,53.4,0,0
VIL_029,68,9.46,-43.6,28.8,51.8,0.208,2,1,3,59.4,50.8,57.6,3,0
VIL_029,69,13.68,-14.0,31.6,53.7,0.234,3,1,3,59.5,58.8,55.6,2,1
VIL_029,70,11.9,-28.7,31.9,52.7,0.262,0,1,1,68.5,57.1,69.8,2,1
VIL_029,71,11.63,-33.9,28.8,55.7,0.193,2,0,3,62.0,60.6,58.9,3,1
VIL_029,72,26.86,73.3,33.2,56.4,0.562,0,1,1,62.3,57.2,60.4,1,0
VIL_029,73,22.47,46.0,33.9,49.1,0.384,0,0,0,64.6,57.0,56.5,0,0
VIL_029,74,25.51,83.0,34.8,51.7,0.57,3,1,1,58.7,59.0,61.5,2,0
VIL_029,75,30.0,104.4,35.4,53.0,0.61,0,0,0,67.6,61.8,66.9,1,1
VIL_029,76,46.79,216.9,35.5,58.3,0.935,1,2,3,64.2,51.4,64.5,1,1
VIL_029,77,48.42,226.3,33.6,51.5,0.988,3,0,0,66.6,58.9,59.2,0,0
VIL_029,78,86.3,467.4,37.1,80.3,1.0,1,0,2,60.5,54.4,63.2,4,0
VIL_029,79,78.87,437.3,37.7,74.6,1.0,2,3,0,68.1,60.2,64.3,0,0
VIL_029,80,87.72,480.5,36.3,85.3,1.0,1,2,0,68.2,62.3,72.2,2,1
VIL_029,81,71.83,375.5,38.4,75.9,1.0,2,7,1,67.0,59.5,61.2,4,1
VIL_029,82,71.94,383.4,34.7,70.1,1.0,4,3,2,55.0,46.2,69.5,0,1
VIL_029,83,94.84,557.3,34.3,80.0,1.0,1,4,1,67.1,62.3,58.4,1,0
VIL_029,84,92.51,511.1,36.0,72.3,1.0,1,2,0,58.0,56.1,56.2,1,1
VIL_029,85,70.35,352.7,34.4,64.3,1.0,3,3,2,67.0,62.6,62.1,1,1
VIL_029,86,80.62,440.4,35.7,67.4,1.0,3,6,1,62.3,58.2,61.7,4,0
VIL_029,87,75.55,410.5,33.1,65.1,1.0,6,2,1,64.8,64.4,68.1,4,0
VIL_029,88,69.13,356.5,34.3,57.6,1.0,3,1,3,60.9,58.2,60.4,0,1
VIL_029,89,69.32,356.2,30.8,62.0,1.0,13,1,2,67.9,59.2,61.0,1,0
VIL_029,90,31.5,97.3,30.7,35.6,0.653,6,3,1,64.5,59.1,60.0,0,1
VIL_029,91,40.86,175.8,27.0,57.6,0.811,16,2,2,60.9,60.9,62.0,2,1
VIL_029,92,25.61,90.2,28.1,43.6,0.56,10,1,2,61.7,53.4,63.6,0,0
VIL_029,93,27.66,101.5,27.1,44.2,0.483,9,1,2,66.1,61.0,60.0,0,1
VIL_029,94,16.93,15.9,27.2,28.7,0.309,7,0,2,63.3,53.6,58.3,0,0
VIL_029,95,16.66,6.9,22.8,27.5,0.324,6,1,3,60.6,54.9,66.0,1,1
VIL_029,96,8.77,-37.7,23.1,31.6,0.106,3,4,2,65.2,59.0,68.6,0,1
VIL_029,97,10.91,-30.5,24.1,31.0,0.25,2,2,0,63.8,61.1,68.4,1,1
VIL_029,98,10.92,-33.6,23.2,40.4,0.282,2,0,1,66.2,61.7,72.6,0,0
VIL_029,99,8.34,-42.8,19.4,35.0,0.081,1,1,1,63.5,58.2,62.1,4,0
VIL_029,100,11.68,-9.4,18.7,35.0,0.213,1,2,1,64.5,56.9,55.5,2,1
VIL_029,101,6.79,-56.6,16.7,39.7,0.127,3,0,4,65.3,64.0,62.3,2,0
VIL_029,102,8.42,-45.9,15.6,36.4,0.185,0,0,0,62.3,54.3,58.1,0,0
VIL_029,103,8.37,-46.8,17.2,37.7,0.21,1,0,5,56.4,50.8,56.6,2,0
VIL_029,104,6.68,-47.6,16.5,41.3,0.12,1,4,3,63.5,56.2,61.0,2,1
VIL_030,1,6.23,-45.4,17.7,35.1,0.08,1,3,8,48.0,39.7,72.3,0,1
VIL_030,2,7.08,-62.6,17.6,40.2,0.13,1,1,5,47.5,46.7,68.5,2,0
VIL_030,3,8.82,-36.5,17.2,42.7,0.127,0,4,10,43.4,30.7,64.2,1,0
VIL_030,4,6.68,-55.3,16.6,44.0,0.066,3,1,7,45.7,42.7,69.3,3,0
VIL_030,5,5.64,-77.1,18.0,40.6,0.05,2,3,3,42.6,35.3,70.7,3,1
VIL_030,6,7.49,-40.3,19.5,41.9,0.087,2,0,2,48.9,41.7,67.5,3,1
VIL_030,7,9.58,-23.3,17.9,51.0,0.202,0,2,11,39.6,34.9,61.8,2,1
VIL_030,8,10.69,-19.4,19.4,43.2,0.144,1,1,4,40.7,36.4,72.2,4,1
VIL_030,9,7.27,-59.0,20.0,51.8,0.102,0,5,3,54.2,51.0,61.0,1,0
VIL_030,10,7.08,-30.9,21.5,47.1,0.09,0,3,2,44.5,44.5,65.7,2,0
VIL_030,11,10.04,-23.0,23.3,50.4,0.083,2,2,2,42.0,37.2,65.3,0,1
VIL_030,12,5.78,-54.4,23.7,45.6,0.0,2,2,3,47.1,42.7,72.4,3,1
VIL_030,13,8.8,-32.0,26.3,48.5,0.135,2,0,4,49.0,41.2,69.4,0,0
VIL_030,14,7.23,-45.9,25.3,52.7,0.051,3,1,0,43.2,42.5,64.8,2,1
VIL_030,15,7.53,-52.4,27.8,46.9,0.123,3,5,2,43.3,41.7,63.5,5,0
VIL_030,16,11.28,-20.1,27.7,43.3,0.15,2,2,8,47.6,41.4,68.7,2,1
VIL_030,17,9.79,-28.1,28.2,49.4,0.182,7,4,6,57.7,54.7,63.8,2,0
VIL_030,18,8.14,-44.8,32.3,45.0,0.148,4,3,1,46.6,45.8,60.8,3,1
VIL_030,19,12.7,-22.6,31.4,45.9,0.201,5,3,1,44.5,37.6,62.8,1,0
VIL_030,20,11.38,-22.0,31.8,45.5,0.107,2,2,3,48.1,42.7,58.1,2,1
VIL_030,21,16.36,18.8,33.1,58.4,0.113,1,0,1,48.7,47.4,69.6,1,0
VIL_030,22,20.28,35.2,35.6,50.1,0.333,3,1,4,46.1,35.9,74.5,0,0
VIL_030,23,33.7,135.8,36.7,54.6,0.453,0,9,0,41.2,38.8,71.1,0,0
VIL_030,24,34.12,124.7,37.6,59.0,0.449,2,4,2,47.0,43.2,70.5,3,0
VIL_030,25,39.42,162.5,35.9,59.3,0.514,3,8,3,48.6,40.9,66.6,2,1
VIL_030,26,58.42,272.2,36.5,70.1,0.806,1,6,4,47.3,44.5,67.1,4,1
VIL_030,27,54.42,267.0,37.2,68.0,0.785,2,11,2,49.8,42.5,66.1,3,1
VIL_030,28,78.06,400.0,35.6,82.7,1.0,5,8,2,39.8,37.3,73.0,0,1
VIL_030,29,84.45,463.7,37.2,71.9,1.0,1,8,1,48.9,45.7,65.2,1,1
VIL_030,30,83.81,462.1,36.5,77.3,1.0,3,8,4,44.0,41.5,68.3,2,0
VIL_030,31,72.79,385.6,38.4,63.9,0.99,3,4,3,46.4,40.6,58.8,0,1
VIL_030,32,84.48,450.1,35.4,70.8,1.0,2,7,3,53.4,49.6,69.3,3,0
VIL_030,33,81.53,451.8,35.2,71.2,0.957,7,6,2,44.0,35.0,66.0,2,0
VIL_030,34,62.88,335.1,36.6,59.3,0.852,9,4,2,55.1,49.9,62.9,2,1
VIL_030,35,73.58,411.1,32.8,65.0,0.882,12,7,2,46.6,44.5,73.5,2,0
VIL_030,36,66.31,342.3,32.9,58.6,0.869,11,6,1,51.2,52.3,74.7,2,1
VIL_030,37,47.43,213.9,32.5,45.8,0.667,12,3,6,47.0,43.3,62.8,1,0
VIL_030,38,33.16,108.8,30.0,45.0,0.458,18,3,0,48.4,42.0,68.7,4,0
VIL_030,39,27.97,91.3,30.4,34.3,0.408,18,0,7,46.4,42.3,70.0,5,0
VIL_030,40,27.03,95.5,27.9,44.3,0.333,22,6,2,49.3,44.4,71.5,3,0
VIL_030,41,19.16,26.5,26.9,34.5,0.21,6,2,2,43.1,36.1,65.5,2,0
VIL_030,42,14.27,4.0,23.7,36.5,0.173,8,1,0,48.3,41.9,71.7,3,1
VIL_030,43,13.24,-38.5,24.8,40.0,0.175,4,1,3,45.5,41.1,68.3,1,0
VIL_030,44,6.09,-69.0,22.5,30.0,0.052,2,2,2,50.6,47.5,68.8,1,0
VIL_030,45,11.16,-19.9,21.3,28.2,0.144,1,3,2,46.4,43.1,73.8,5,0
VIL_030,46,4.87,-82.7,22.3,34.7,0.066,3,2,2,45.1,41.2,69.5,1,1
VIL_030,47,10.12,-40.5,20.9,32.5,0.148,2,4,3,42.5,37.6,66.5,1,0
VIL_030,48,8.62,-49.5,18.2,28.9,0.223,1,3,3,48.7,51.9,69.6,2,0
VIL_030,49,5.86,-55.4,17.2,37.1,0.03,0,1,6,50.8,48.7,66.2,1,0
VIL_030,50,6.41,-55.8,15.8,37.1,0.121,6,2,8,40.9,40.3,61.6,1,0
VIL_030,51,12.1,-24.8,19.1,39.4,0.163,2,5,3,48.7,45.2,68.9,0,1
VIL_030,52,8.47,-48.7,13.6,34.8,0.204,1,3,10,45.9,37.6,69.7,3,1
VIL_030,53,5.27,-75.3,17.5,42.6,0.027,1,1,4,44.9,44.7,70.9,2,1
VIL_030,54,6.72,-54.7,15.4,43.8,0.078,0,2,7,55.1,50.6,69.0,2,1
VIL_030,55,5.61,-57.7,18.3,40.1,0.057,1,0,2,46.7,38.9,61.0,3,1
VIL_030,56,5.94,-52.3,18.4,48.0,0.0,3,1,6,47.3,45.9,74.1,3,0
VIL_030,57,3.62,-58.7,16.7,45.4,0.048,1,4,3,46.9,44.6,69.8,3,0
VIL_030,58,6.74,-49.4,17.4,41.3,0.096,1,2,5,42.8,39.6,60.8,1,0
VIL_030,59,4.91,-77.5,18.6,42.2,0.034,1,5,5,43.0,41.0,69.2,0,1
VIL_030,60,6.53,-51.0,18.8,47.2,0.0,3,5,4,50.6,46.1,59.6,2,0
VIL_030,61,5.7,-76.1,21.5,45.4,0.121,2,0,5,51.1,49.2,68.4,2,1
VIL_030,62,5.57,-64.4,21.3,47.6,0.16,2,3,4,39.4,35.0,62.5,7,1
VIL_030,63,7.55,-48.6,23.5,44.1,0.163,1,2,2,44.2,40.2,64.8,4,0
VIL_030,64,6.45,-49.2,23.2,45.2,0.088,1,0,1,51.2,46.9,62.4,1,0
VIL_030,65,5.02,-59.2,26.4,47.7,0.06,3,2,6,50.2,43.0,68.6,2,1
VIL_030,66,6.16,-60.9,24.0,49.1,0.144,2,1,1,49.8,47.9,67.1,2,0
VIL_030,67,7.79,-47.9,26.5,49.7,0.165,2,1,2,47.0,45.9,67.0,4,1
VIL_030,68,13.07,-3.6,29.0,46.1,0.184,2,1,1,51.0,47.3,67.0,1,0
VIL_030,69,8.97,-51.5,28.4,49.5,0.123,2,2,3,49.3,43.6,75.7,2,0
VIL_030,70,9.71,-23.7,29.2,52.7,0.162,1,2,1,46.3,40.5,62.6,2,1
VIL_030,71,14.4,0.8,29.6,48.8,0.202,6,1,2,44.5,41.2,65.0,3,0
VIL_030,72,13.54,-28.3,33.1,46.5,0.248,5,0,1,46.8,43.9,62.3,2,1
VIL_030,73,24.53,66.6,34.7,52.1,0.355,3,2,2,45.7,42.0,59.5,2,0
VIL_030,74,23.92,70.5,34.1,51.4,0.355,4,4,0,51.9,46.5,70.2,2,0
VIL_030,75,33.67,144.7,35.9,61.2,0.482,1,2,4,43.5,38.4,71.0,3,0
VIL_030,76,54.62,259.1,38.2,60.8,0.724,2,4,3,51.0,51.1,71.2,4,0
VIL_030,77,40.14,173.1,37.5,53.5,0.625,0,11,3,46.8,46.0,70.3,6,1
VIL_030,78,49.43,235.5,37.7,52.5,0.655,3,3,2,46.7,42.2,66.3,3,1
VIL_030,79,71.4,381.9,36.4,75.4,0.943,0,4,2,46.5,41.1,64.7,1,1
VIL_030,80,78.53,421.8,36.5,74.3,1.0,6,8,3,51.6,44.4,70.7,5,1
VIL_030,81,93.28,521.6,37.4,74.3,1.0,2,11,1,47.8,44.3,68.3,1,0
VIL_030,82,91.78,508.6,36.7,76.5,1.0,6,5,2,47.0,42.6,72.0,3,1
VIL_030,83,98.18,557.3,36.9,81.2,1.0,7,15,6,49.2,48.4,60.1,4,0
VIL_030,84,93.89,531.7,32.7,78.6,1.0,11,9,2,44.1,38.6,70.9,4,0
VIL_030,85,96.53,535.4,34.5,80.7,1.0,6,9,3,44.4,40.0,65.6,2,1
VIL_030,86,62.82,323.7,35.8,52.4,0.85,7,3,3,46.4,45.8,71.0,2,0
VIL_030,87,66.95,350.9,31.4,64.5,0.915,22,6,2,47.2,43.7,73.3,4,0
VIL_030,88,62.71,318.9,31.8,50.7,0.894,15,1,1,47.3,42.1,67.2,7,1
VIL_030,89,57.52,277.0,31.4,58.3,0.779,18,7,0,50.9,49.9,70.4,5,1
VIL_030,90,42.09,169.8,28.4,49.8,0.571,18,4,2,42.9,34.8,67.2,2,0
VIL_030,91,35.7,122.1,30.1,52.5,0.543,20,3,5,43.7,38.1,63.4,1,1
VIL_030,92,25.41,56.8,28.7,36.1,0.351,6,1,2,48.0,40.0,62.1,2,1
VIL_030,93,24.18,48.1,24.6,34.2,0.359,12,3,0,46.2,44.1,70.5,3,0
VIL_030,94,24.94,72.5,25.4,38.9,0.203,6,1,5,41.6,43.5,63.7,2,1
VIL_030,95,14.05,-31.7,24.3,33.3,0.166,8,0,6,48.2,43.1,68.8,7,0
VIL_030,96,9.24,-37.0,24.2,39.6,0.089,10,2,3,42.5,35.1,72.9,1,0
VIL_030,97,10.48,-42.8,23.2,26.4,0.103,4,1,2,51.0,48.4,64.9,4,0
VIL_030,98,5.37,-57.1,22.3,27.3,0.054,3,2,2,42.7,42.2,66.9,1,1
VIL_030,99,8.52,-26.8,21.6,28.4,0.095,4,2,3,44.4,40.8,67.9,0,0
VIL_030,100,10.62,-25.6,19.8,36.4,0.186,2,2,1,40.8,36.4,75.2,0,0
VIL_030,101,8.88,-32.0,20.6,32.9,0.081,0,5,6,46.2,45.0,68.2,3,0
VIL_030,102,7.14,-47.3,18.8,36.8,0.143,2,1,7,44.5,37.7,72.1,1,0
VIL_030,103,15.62,-9.8,17.6,43.0,0.247,0,3,9,45.6,39.3,69.4,2,0
VIL_030,104,6.63,-48.1,19.4,39.3,0.036,1,0,4,47.6,43.2,70.7,5,1
VIL_031,1,6.65,-43.7,14.8,35.0,0.054,1,3,11,56.2,47.2,62.7,5,0
VIL_031,2,5.35,-55.2,18.0,38.5,0.075,4,1,2,60.1,56.6,58.0,2,1
VIL_031,3,7.42,-44.0,14.3,40.8,0.0,3,3,11,58.1,51.0,72.1,5,0
VIL_031,4,6.27,-46.9,16.1,44.3,0.086,1,3,6,59.0,56.2,63.4,4,1
VIL_031,5,6.6,-47.0,17.9,42.1,0.12,0,1,9,54.1,53.7,67.2,3,0
VIL_031,6,6.33,-51.3,17.3,42.8,0.113,1,3,10,58.5,56.3,72.2,4,0
VIL_031,7,12.09,-31.4,18.8,46.5,0.165,0,4,4,56.0,52.5,64.4,4,1
VIL_031,8,10.52,-29.1,21.1,42.1,0.077,4,3,5,52.9,44.4,66.6,2,1
VIL_031,9,6.84,-43.6,18.5,50.3,0.108,3,3,7,55.6,48.6,70.9,0,0
VIL_031,10,6.42,-64.0,21.6,51.7,0.135,1,3,2,55.8,44.7,70.0,1,0
VIL_031,11,7.12,-59.4,20.4,54.1,0.142,4,3,2,56.3,49.4,71.0,3,1
VIL_031,12,8.87,-40.2,23.1,50.9,0.116,5,6,5,60.5,48.3,68.3,4,1
VIL_031,13,10.18,-21.4,23.7,45.2,0.15,4,4,4,51.6,45.4,68.0,7,1
VIL_031,14,5.13,-74.0,24.0,39.8,0.056,3,2,2,56.9,52.0,68.1,2,1
VIL_031,15,8.11,-53.1,28.6,50.2,0.139,7,2,5,57.8,52.1,62.4,5,0
VIL_031,16,8.15,-64.1,28.5,46.0,0.086,2,3,4,57.3,53.1,62.1,4,0
VIL_031,17,8.01,-54.5,31.0,46.9,0.081,3,4,5,59.1,51.4,67.9,4,0
VIL_031,18,8.75,-33.8,29.6,47.4,0.112,3,1,7,57.7,56.7,58.9,5,0
VIL_031,19,13.77,-16.2,32.9,51.2,0.178,4,2,4,58.5,55.9,64.0,1,0
VIL_031,20,14.43,-14.3,33.2,47.7,0.119,3,1,3,56.9,54.9,69.2,1,0
VIL_031,21,18.34,18.7,32.0,53.7,0.238,4,4,5,63.5,51.8,65.1,7,1
VIL_031,22,24.71,61.0,33.2,50.1,0.269,5,3,5,59.0,50.8,61.2,5,1
VIL_031,23,33.18,129.2,33.9,55.2,0.44,3,2,6,56.0,50.7,66.6,2,0
VIL_031,24,32.68,105.6,36.2,57.6,0.555,3,4,3,60.0,60.7,62.7,6,0
VIL_031,25,37.54,134.4,36.6,54.8,0.536,3,9,2,56.6,51.9,68.0,3,1
VIL_031,26,47.37,227.0,38.5,65.4,0.579,1,10,1,60.9,52.9,69.5,4,0
VIL_031,27,64.61,335.6,35.8,64.4,0.865,1,5,5,59.4,55.5,64.0,3,0
VIL_031,28,73.97,381.1,37.6,74.9,1.0,3,16,6,59.8,56.0,60.7,3,0
VIL_031,29,81.32,453.6,37.2,68.3,1.0,4,10,3,58.8,52.0,71.9,3,1
VIL_031,30,77.42,396.3,35.8,68.3,1.0,7,14,7,62.6,59.1,63.4,2,1
VIL_031,31,105.38,611.7,37.3,86.2,1.0,2,12,3,60.9,52.1,57.6,2,1
VIL_031,32,81.68,455.7,35.5,77.1,1.0,5,19,2,55.7,52.3,68.3,4,0
VIL_031,33,88.01,501.9,35.4,74.4,1.0,12,14,3,58.7,53.2,65.7,2,0
VIL_031,34,90.47,491.2,34.6,75.8,1.0,17,10,3,53.5,41.8,71.3,4,1
VIL_031,35,69.41,362.4,32.9,63.6,0.99,20,9,4,62.1,60.1,61.2,3,0
VIL_031,36,78.59,409.1,33.2,64.7,1.0,14,8,2,59.1,57.3,67.3,3,0
VIL_031,37,52.53,264.4,32.3,42.5,0.749,18,10,3,60.0,53.8,64.7,2,0
VIL_031,38,38.01,160.1,31.9,41.1,0.507,15,8,3,55.0,48.3,65.7,3,0
VIL_031,39,26.61,78.3,29.0,35.9,0.368,16,3,4,59.3,49.6,64.4,7,0
VIL_031,40,24.55,55.9,28.0,33.5,0.398,28,3,2,58.7,54.2,70.6,0,0
VIL_031,41,18.51,21.2,25.6,28.3,0.242,17,2,3,54.7,49.4,59.4,2,1
VIL_031,42,14.09,-5.8,25.2,38.9,0.191,14,3,3,59.7,53.3,65.9,2,0
VIL_031,43,8.99,-28.0,23.7,27.6,0.152,7,1,5,55.9,47.7,66.6,5,1
VIL_031,44,10.83,-20.6,23.7,26.1,0.097,7,1,2,58.3,46.6,65.8,6,0
VIL_031,45,6.12,-62.5,23.2,41.4,0.13,6,4,4,59.8,56.1,73.3,3,0
VIL_031,46,8.85,-48.9,22.5,36.0,0.102,1,1,2,60.7,52.4,66.0,3,0
VIL_031,47,11.16,-21.0,21.8,30.2,0.128,3,2,6,51.6,43.6,73.4,3,0
VIL_031,48,5.48,-55.0,20.2,28.7,0.008,4,4,3,60.8,55.9,64.7,4,0
VIL_031,49,6.05,-49.0,18.7,28.1,0.029,3,4,10,59.2,51.6,65.6,5,0
VIL_031,50,5.01,-75.2,16.3,28.1,0.085,3,3,6,59.5,49.8,69.2,3,1
VIL_031,51,5.98,-63.5,18.2,32.5,0.134,2,0,3,59.0,56.2,58.2,1,0
VIL_031,52,5.71,-55.0,16.2,38.7,0.036,2,3,6,59.6,53.5,64.2,4,0
VIL_031,53,4.97,-73.0,16.8,43.0,0.096,4,2,8,60.1,52.3,71.3,4,0
VIL_031,54,5.57,-60.1,16.8,43.7,0.064,0,8,4,61.3,54.2,65.1,2,0
VIL_031,55,5.53,-61.9,16.0,45.2,0.005,1,4,9,52.6,47.7,73.6,5,1
VIL_031,56,14.46,-10.0,16.3,45.3,0.17,1,4,7,56.1,48.3,66.5,2,1
VIL_031,57,6.33,-44.0,17.7,45.2,0.117,2,2,10,56.2,53.6,68.3,2,0
VIL_031,58,5.54,-63.4,17.9,45.0,0.023,4,3,6,53.3,42.9,66.5,1,1
VIL_031,59,5.93,-67.6,18.5,44.8,0.014,1,1,7,54.8,52.5,69.0,3,0
VIL_031,60,6.59,-46.6,18.6,50.5,0.055,5,2,6,58.1,51.7,64.7,2,1
VIL_031,61,7.35,-34.7,21.5,49.7,0.063,2,2,13,62.7,60.1,67.9,9,1
VIL_031,62,5.8,-60.6,19.4,47.6,0.164,1,5,7,55.4,54.8,66.0,2,0
VIL_031,63,9.44,-45.2,24.8,46.0,0.134,5,3,5,62.3,57.5,65.5,1,0
VIL_031,64,6.4,-70.9,23.4,53.2,0.145,6,1,1,55.4,49.3,64.3,0,1
VIL_031,65,5.69,-62.8,23.8,42.7,0.072,4,4,4,53.4,48.6,73.4,3,1
VIL_031,66,8.3,-20.1,23.9,43.4,0.125,2,3,3,57.5,54.5,66.5,3,1
VIL_031,67,7.88,-42.3,25.6,39.8,0.15,3,2,2,54.3,53.4,63.7,0,1
VIL_031,68,8.59,-49.6,28.4,48.7,0.047,4,3,2,56.2,51.0,60.9,3,1
VIL_031,69,19.7,29.3,28.9,55.7,0.212,4,4,1,57.6,48.3,65.2,5,0
VIL_031,70,11.15,-33.9,28.9,44.4,0.175,3,4,7,62.3,56.5,66.3,2,0
VIL_031,71,13.72,-5.6,30.1,50.0,0.187,7,1,2,56.0,52.6,65.7,5,0
VIL_031,72,21.21,25.8,31.9,57.5,0.309,5,0,5,57.0,51.0,69.5,6,0
VIL_031,73,23.24,58.6,33.1,55.7,0.268,7,4,1,55.9,46.9,72.9,3,0
VIL_031,74,29.61,97.5,35.4,53.3,0.388,4,3,3,60.5,57.2,69.6,4,0
VIL_031,75,37.17,163.6,34.6,61.5,0.565,6,6,4,57.0,48.5,64.1,6,0
VIL_031,76,42.17,186.3,38.9,63.8,0.533,3,8,0,56.5,47.5,66.1,4,0
VIL_031,77,66.81,355.3,36.6,75.2,0.934,5,10,5,59.8,53.8,69.7,1,1
VIL_031,78,73.75,399.1,37.5,75.8,1.0,3,9,6,55.1,46.3,71.7,5,1
VIL_031,79,73.56,392.5,38.3,65.7,0.941,1,9,5,56.8,50.1,64.1,2,0
VIL_031,80,88.66,496.9,35.3,84.4,1.0,7,16,4,56.6,46.6,70.5,3,0
VIL_031,81,82.92,455.1,36.2,75.1,1.0,10,8,5,56.0,54.6,68.6,2,1
VIL_031,82,90.16,489.4,36.4,74.7,1.0,3,8,3,59.0,57.8,67.3,1,0
VIL_031,83,108.27,627.3,37.7,88.4,1.0,4,15,1,59.8,50.9,61.4,0,1
VIL_031,84,77.94,417.6,35.8,67.3,1.0,14,10,2,57.3,51.7,64.9,6,0
VIL_031,85,89.01,510.0,35.3,61.6,1.0,10,4,2,59.1,58.6,72.4,5,0
VIL_031,86,76.76,403.7,35.5,70.4,0.921,8,11,3,52.7,49.3,70.7,0,0
VIL_031,87,84.39,449.0,34.7,66.7,1.0,11,10,6,60.3,58.4,79.8,6,0
VIL_031,88,76.51,418.2,34.5,63.7,0.977,10,7,3,55.2,51.6,70.9,4,0
VIL_031,89,60.76,281.3,29.9,56.1,0.805,38,8,3,55.8,50.9,60.3,3,0
VIL_031,90,55.03,276.2,29.8,51.6,0.683,21,7,1,56.3,51.7,71.6,5,0
VIL_031,91,30.88,115.6,28.9,41.3,0.366,37,2,0,62.8,56.3,61.0,3,1
VIL_031,92,17.19,11.3,27.2,37.1,0.182,24,3,4,57.4,46.1,66.0,3,0
VIL_031,93,23.55,54.3,27.5,38.9,0.371,20,5,3,52.7,44.3,66.3,2,1
VIL_031,94,18.92,15.5,26.6,30.6,0.243,7,2,7,59.9,53.2,68.0,3,0
VIL_031,95,13.28,-18.9,22.5,26.8,0.2,9,1,2,52.9,51.6,61.3,4,0
VIL_031,96,10.04,-30.9,24.2,29.6,0.149,5,3,2,64.6,56.4,71.1,7,1
VIL_031,97,10.47,-24.3,21.5,28.8,0.104,5,4,5,60.6,56.1,65.9,2,0
VIL_031,98,11.63,-26.1,21.3,30.1,0.173,5,1,7,59.4,55.0,65.6,2,0
VIL_031,99,8.91,-45.1,19.3,29.5,0.122,3,1,6,60.1,51.6,63.2,3,0
VIL_031,100,7.97,-44.9,20.5,38.6,0.067,4,0,5,55.2,50.3,68.4,4,0
VIL_031,101,12.05,-12.1,17.7,38.4,0.153,3,3,3,59.1,53.4,71.1,6,0
VIL_031,102,6.08,-58.6,18.1,33.2,0.169,3,2,3,56.5,49.8,65.5,4,0
VIL_031,103,8.07,-42.0,18.3,37.1,0.044,3,3,11,58.1,49.7,66.3,3,0
VIL_031,104,4.78,-70.2,17.7,37.8,0.039,3,4,7,62.7,53.8,65.1,3,1
VIL_032,1,7.84,-61.6,17.9,34.0,0.059,0,0,10,36.1,27.6,50.4,2,0
VIL_032,2,13.42,-24.1,16.9,47.6,0.255,1,3,8,34.8,35.3,46.6,1,0
VIL_032,3,4.94,-71.1,15.5,48.1,0.106,2,4,2,32.4,34.4,48.5,0,1
VIL_032,4,6.37,-73.3,18.9,38.9,0.142,2,2,6,29.9,28.4,48.6,1,1
VIL_032,5,10.74,-6.5,19.1,50.2,0.089,1,0,2,42.7,39.8,48.1,3,0
VIL_032,6,14.04,2.9,18.0,42.6,0.194,0,2,3,29.0,25.7,38.9,2,0
VIL_032,7,4.97,-59.7,18.0,43.9,0.0,0,2,3,32.5,31.5,49.2,1,1
VIL_032,8,4.89,-76.2,19.6,40.2,0.01,1,2,5,26.6,22.4,56.0,2,0
VIL_032,9,6.85,-62.8,18.2,48.2,0.097,0,1,7,34.5,27.4,43.6,1,1
VIL_032,10,4.84,-81.9,19.7,45.5,0.076,2,1,1,28.0,20.0,50.8,1,1
VIL_032,11,4.46,-51.9,22.0,46.4,0.079,4,2,1,33.8,31.6,45.1,2,0
VIL_032,12,6.05,-46.2,24.2,53.0,0.048,1,1,1,34.3,36.9,45.5,3,0
VIL_032,13,7.09,-46.0,24.4,53.4,0.116,1,1,1,35.9,29.3,58.3,0,0
VIL_032,14,7.93,-48.3,25.1,48.3,0.106,2,6,3,33.1,32.5,40.5,1,1
VIL_032,15,5.35,-68.2,26.0,52.0,0.15,3,0,3,31.8,30.8,45.1,1,0
VIL_032,16,7.79,-43.0,31.1,53.2,0.083,0,0,0,29.4,27.6,43.9,1,1
VIL_032,17,9.46,-20.9,28.1,53.5,0.034,9,6,0,31.2,30.1,52.8,1,0
VIL_032,18,9.72,-28.8,28.4,49.3,0.16,3,1,1,30.5,28.5,44.5,1,1
VIL_032,19,8.23,-56.2,31.0,48.7,0.127,2,1,3,35.7,32.1,42.0,3,1
VIL_032,20,15.01,-7.6,33.3,48.9,0.156,1,3,1,27.8,23.9,45.9,1,0
VIL_032,21,16.81,16.8,33.8,59.4,0.208,0,2,2,33.9,34.4,41.8,0,1
VIL_032,22,22.26,39.7,33.6,53.4,0.306,3,2,1,34.5,32.2,54.1,2,0
VIL_032,23,29.28,90.5,35.5,54.0,0.371,0,3,2,37.4,31.5,44.4,1,0
VIL_032,24,45.73,220.0,37.2,63.4,0.554,1,3,2,29.5,23.4,51.4,1,1
VIL_032,25,49.43,226.4,36.6,63.2,0.649,2,3,2,33.5,34.2,54.3,3,1
VIL_032,26,39.8,149.6,36.9,64.4,0.575,1,6,1,28.9,23.2,42.9,2,1
VIL_032,27,73.83,421.0,37.1,71.8,0.966,2,3,0,33.6,31.8,42.3,0,1
VIL_032,28,78.66,435.2,36.1,76.2,1.0,2,7,2,34.9,26.3,46.9,2,1
VIL_032,29,79.6,430.0,37.5,71.9,1.0,2,11,0,30.8,31.8,43.6,0,1
VIL_032,30,66.71,344.7,38.0,58.1,0.828,3,7,5,35.6,33.8,44.2,1,1
VIL_032,31,86.65,456.4,38.0,73.7,1.0,2,5,3,35.0,30.8,42.4,0,0
VIL_032,32,57.88,281.9,36.4,61.7,0.749,4,3,0,28.0,21.9,39.2,1,0
VIL_032,33,63.56,316.3,35.2,60.7,0.885,5,8,1,34.5,31.7,58.0,3,0
VIL_032,34,62.17,315.4,36.7,54.0,0.891,3,6,2,30.9,25.4,46.3,0,1
VIL_032,35,60.64,320.6,33.8,63.4,0.853,11,3,3,31.3,27.2,49.2,0,1
VIL_032,36,65.11,338.5,32.1,53.9,0.831,7,7,4,28.9,25.5,45.8,2,0
VIL_032,37,47.88,239.5,30.8,46.5,0.58,13,5,0,31.4,30.8,46.9,0,1
VIL_032,38,38.98,145.9,29.6,40.3,0.444,9,6,4,39.0,32.2,45.6,2,0
VIL_032,39,29.66,82.3,28.8,35.8,0.404,10,2,1,29.0,24.3,46.9,0,0
VIL_032,40,22.74,64.0,30.5,36.5,0.268,7,2,1,33.3,29.3,48.1,2,0
VIL_032,41,15.69,5.7,26.1,35.4,0.154,7,2,2,31.7,26.8,50.1,2,1
VIL_032,42,17.0,18.0,27.6,31.4,0.325,3,5,1,36.5,30.3,46.8,2,0
VIL_032,43,9.76,-35.2,24.4,32.8,0.154,2,4,1,28.6,23.3,50.3,2,1
VIL_032,44,10.49,-28.1,24.7,34.5,0.157,3,0,0,37.5,37.8,47.7,1,0
VIL_032,45,9.22,-31.7,21.1,30.1,0.137,4,0,2,30.4,27.0,41.2,1,0
VIL_032,46,13.05,-10.5,21.3,28.0,0.255,2,1,6,30.5,23.5,45.2,0,0
VIL_032,47,8.0,-52.4,18.4,38.4,0.098,0,0,8,32.1,25.8,51.1,1,1
VIL_032,48,5.71,-38.6,19.5,29.5,0.107,2,3,2,29.7,26.5,51.9,5,0
VIL_032,49,6.0,-59.0,19.7,24.5,0.125,0,4,1,40.7,30.3,52.8,5,0
VIL_032,50,9.51,-38.6,19.3,34.7,0.22,1,2,5,37.2,35.6,46.6,4,0
VIL_032,51,4.22,-75.3,17.6,37.0,0.056,2,1,6,23.5,25.5,53.6,2,0
VIL_032,52,5.49,-60.0,16.9,39.5,0.135,1,4,6,29.2,28.7,39.1,2,1
VIL_032,53,8.34,-46.8,17.2,34.6,0.02,1,1,7,28.1,28.3,39.6,0,1
VIL_032,54,7.83,-68.1,16.3,32.7,0.21,2,0,9,29.7,28.5,43.1,3,0
VIL_032,55,5.6,-65.2,16.4,41.4,0.096,1,2,6,29.9,27.6,51.1,0,0
VIL_032,56,6.93,-64.6,16.8,44.1,0.13,0,2,4,38.6,34.7,53.0,1,1
VIL_032,57,3.75,-72.3,17.9,46.0,0.0,1,0,6,35.3,34.2,47.5,2,0
VIL_032,58,8.04,-46.7,19.9,48.7,0.04,2,0,2,40.3,36.9,46.0,4,1
VIL_032,59,4.96,-73.6,20.3,44.7,0.034,1,2,4,37.3,35.1,48.6,2,1
VIL_032,60,5.63,-53.1,19.1,41.6,0.076,1,2,3,27.5,21.3,47.2,0,1
VIL_032,61,7.2,-52.7,19.4,44.9,0.083,0,0,4,37.6,30.5,41.0,4,1
VIL_032,62,10.24,-35.5,20.4,48.0,0.116,0,2,1,32.1,36.1,58.0,2,1
VIL_032,63,3.46,-80.6,20.6,42.4,0.036,0,0,1,34.6,26.0,45.5,2,1
VIL_032,64,4.75,-72.2,24.3,51.4,0.0,0,1,1,31.6,28.3,47.9,2,0
VIL_032,65,6.08,-54.4,22.9,52.1,0.102,2,0,3,32.9,25.4,47.4,2,0
VIL_032,66,13.44,-18.2,23.1,46.1,0.171,4,2,2,33.3,27.0,46.5,2,0
VIL_032,67,10.56,-28.9,27.9,48.9,0.188,0,4,1,33.2,30.6,49.0,0,1
VIL_032,68,11.35,-29.4,29.0,58.6,0.128,3,2,2,33.4,31.0,48.4,1,1
VIL_032,69,10.37,-37.3,28.1,54.2,0.12,2,0,2,30.8,26.2,49.1,2,0
VIL_032,70,9.83,-29.8,30.9,49.5,0.139,2,4,0,31.5,28.5,48.8,2,0
VIL_032,71,14.13,-15.2,30.1,54.7,0.223,3,2,0,32.7,34.6,53.8,3,0
VIL_032,72,20.91,44.6,32.6,59.5,0.336,3,0,3,37.6,33.9,38.4,0,0
VIL_032,73,25.22,71.3,34.1,54.6,0.334,1,5,0,25.5,20.0,47.5,1,1
VIL_032,74,31.5,123.3,35.3,51.0,0.441,0,3,2,34.2,29.2,51.4,3,0
VIL_032,75,32.84,101.3,35.7,59.5,0.439,2,6,1,29.9,25.5,45.3,2,1
VIL_032,76,34.55,140.5,33.6,59.5,0.446,6,4,5,29.1,24.6,53.6,2,0
VIL_032,77,44.41,193.0,36.7,55.6,0.496,4,1,1,30.2,25.7,50.8,1,0
VIL_032,78,64.64,313.1,39.3,69.6,0.872,1,3,1,28.7,27.2,48.5,1,1
VIL_032,79,70.82,365.5,37.4,67.2,0.899,2,7,2,33.0,29.8,44.7,4,1
VIL_032,80,79.38,434.3,35.3,66.9,1.0,2,9,2,31.0,30.8,43.5,4,1
VIL_032,81,91.45,508.8,36.1,79.2,1.0,2,6,2,30.2,29.8,48.7,0,0
VIL_032,82,79.46,443.2,36.1,77.0,1.0,1,9,3,37.4,33.7,40.0,5,0
VIL_032,83,88.98,489.8,33.6,76.1,1.0,3,1,0,35.5,33.5,49.8,3,1
VIL_032,84,89.01,493.1,36.0,74.5,1.0,5,9,0,36.7,35.9,46.1,3,0
VIL_032,85,66.44,341.1,34.8,56.3,0.871,4,3,3,34.4,28.2,58.8,1,1
VIL_032,86,71.78,368.3,34.1,65.9,0.986,6,5,3,27.0,20.1,48.9,4,1
VIL_032,87,76.59,410.3,33.5,62.8,0.888,11,6,1,37.4,30.5,56.2,1,1
VIL_032,88,68.05,351.5,31.8,57.1,1.0,18,5,1,35.0,31.9,43.7,1,0
VIL_032,89,45.8,206.2,32.7,52.1,0.56,10,4,0,29.4,24.6,44.2,0,0
VIL_032,90,46.8,212.6,30.8,43.8,0.662,13,3,2,31.5,29.2,47.3,3,0
VIL_032,91,33.23,121.5,28.8,40.8,0.468,17,3,2,39.6,33.7,45.8,0,1
VIL_032,92,24.97,67.4,28.7,32.9,0.368,12,2,0,38.9,33.7,49.3,3,0
VIL_032,93,28.18,98.9,27.4,38.0,0.335,9,1,1,36.7,30.4,42.1,2,0
VIL_032,94,19.77,22.0,24.6,26.4,0.247,5,0,5,30.9,27.9,45.3,0,0
VIL_032,95,11.28,-32.0,24.4,33.5,0.17,5,1,3,30.5,28.7,49.1,3,0
VIL_032,96,10.75,-14.2,23.2,33.1,0.143,3,1,3,34.5,34.4,56.1,1,0
VIL_032,97,8.06,-33.5,21.7,39.5,0.062,2,2,5,35.6,33.5,53.4,4,1
VIL_032,98,10.07,-30.3,19.7,33.5,0.163,0,3,8,34.6,30.2,47.2,1,1
VIL_032,99,7.13,-32.2,19.6,28.3,0.209,3,4,6,28.1,24.8,50.6,3,1
VIL_032,100,6.35,-52.8,21.0,36.5,0.064,4,3,2,23.7,20.0,51.4,3,1
VIL_032,101,6.82,-35.8,18.0,37.6,0.115,2,2,7,29.1,30.2,46.2,0,0
VIL_032,102,5.21,-50.6,19.2,39.3,0.081,1,0,1,31.5,31.2,42.7,0,0
VIL_032,103,5.6,-46.4,17.6,27.6,0.056,3,3,3,36.9,33.0,51.9,0,1
VIL_032,104,6.15,-70.5,17.5,34.1,0.122,1,0,3,34.1,26.0,41.1,0,1
VIL_033,1,6.48,-60.9,17.1,44.4,0.021,1,5,12,56.6,53.0,57.5,3,0
VIL_033,2,8.43,-36.7,16.6,42.1,0.15,2,4,4,61.6,53.5,59.3,6,1
VIL_033,3,5.51,-58.2,17.9,37.2,0.166,2,3,11,59.5,56.5,63.3,3,1
VIL_033,4,9.94,-45.9,19.4,43.0,0.299,2,1,6,53.7,47.4,55.7,1,1
VIL_033,5,6.44,-59.5,16.1,42.1,0.203,1,2,10,57.3,51.8,63.5,3,1
VIL_033,6,8.21,-47.0,18.9,41.8,0.145,2,4,9,54.4,48.0,59.3,1,1
VIL_033,7,5.45,-48.7,16.9,41.8,0.109,0,1,5,55.0,51.2,61.5,3,0
VIL_033,8,7.35,-55.2,20.0,48.0,0.143,4,3,6,58.6,49.5,54.1,3,0
VIL_033,9,7.07,-48.1,19.0,45.2,0.131,7,5,7,66.6,55.8,64.8,4,1
VIL_033,10,4.82,-54.8,19.7,45.1,0.145,2,0,5,60.2,57.7,60.4,2,1
VIL_033,11,6.89,-63.3,25.4,47.0,0.11,2,2,2,54.7,49.0,54.3,5,1
VIL_033,12,7.66,-46.1,26.0,47.9,0.226,3,4,2,58.9,50.3,60.5,5,1
VIL_033,13,11.04,-6.1,23.8,54.1,0.228,5,4,3,54.3,42.8,57.0,0,0
VIL_033,14,4.43,-86.2,28.1,43.9,0.03,3,3,4,57.8,52.7,63.5,1,1
VIL_033,15,5.22,-71.3,27.0,48.5,0.1,2,2,2,62.0,54.4,59.3,3,1
VIL_033,16,6.47,-54.2,26.6,41.9,0.153,6,0,4,58.4,49.8,58.3,3,1
VIL_033,17,6.83,-50.8,30.2,45.7,0.185,4,3,3,63.3,59.5,57.7,3,1
VIL_033,18,13.73,-6.9,31.7,45.5,0.312,2,3,4,64.0,56.2,52.1,3,1
VIL_033,19,11.12,-20.4,32.6,55.3,0.207,3,2,3,58.3,53.4,54.8,3,0
VIL_033,20,12.25,-5.7,30.7,49.1,0.219,6,2,4,61.4,58.7,61.6,7,1
VIL_033,21,21.76,45.6,32.3,50.8,0.522,5,1,4,55.5,48.7,64.8,6,1
VIL_033,22,22.86,51.6,35.6,45.2,0.458,2,3,4,62.7,57.2,61.3,2,1
VIL_033,23,28.58,96.5,33.8,48.6,0.515,5,1,5,57.7,49.7,57.7,4,0
VIL_033,24,34.02,146.7,37.1,59.0,0.651,1,4,5,57.3,53.4,61.9,5,1
VIL_033,25,51.7,250.7,35.9,64.7,0.936,4,9,2,57.7,52.4,62.1,6,0
VIL_033,26,64.41,339.8,34.7,62.6,1.0,3,7,5,63.5,54.5,61.7,1,0
VIL_033,27,76.78,396.1,35.3,67.6,1.0,11,11,5,64.0,63.0,57.4,4,0
VIL_033,28,85.85,470.6,37.5,84.1,1.0,1,11,1,57.4,49.2,62.2,1,1
VIL_033,29,102.34,570.1,37.5,89.2,1.0,4,10,3,51.9,46.5,64.1,5,0
VIL_033,30,85.35,469.1,38.6,75.3,1.0,2,8,2,54.9,48.1,50.7,2,1
VIL_033,31,121.19,722.2,36.4,91.4,1.0,9,6,2,63.7,56.3,64.9,4,0
VIL_033,32,112.47,636.9,35.6,84.9,1.0,9,16,3,62.1,56.7,58.0,1,0
VIL_033,33,107.1,631.4,37.4,76.9,1.0,3,5,5,62.0,56.3,55.7,3,1
VIL_033,34,74.21,394.7,33.5,68.1,1.0,18,10,2,57.5,55.3,60.4,3,0
VIL_033,35,61.43,318.4,33.3,56.7,1.0,25,7,3,60.5,53.2,64.5,1,0
VIL_033,36,60.89,316.2,33.3,59.5,1.0,15,7,3,61.3,59.4,56.1,3,1
VIL_033,37,48.73,244.8,30.6,48.4,0.96,39,5,2,58.5,54.4,61.5,5,1
VIL_033,38,42.85,191.5,31.1,48.2,0.958,23,5,2,62.8,57.7,60.6,6,1
VIL_033,39,28.89,83.9,29.4,37.6,0.524,15,3,4,60.7,53.8,59.6,4,1
VIL_033,40,39.63,174.3,29.6,45.1,0.806,21,5,5,57.3,50.9,59.4,1,0
VIL_033,41,18.13,-5.8,26.5,37.3,0.335,15,2,6,62.1,57.6,63.6,3,0
VIL_033,42,12.82,-23.6,25.0,29.6,0.166,11,4,0,58.9,60.4,57.6,3,1
VIL_033,43,11.35,-30.1,26.9,39.4,0.15,7,4,4,56.4,48.3,54.1,4,0
VIL_033,44,8.38,-65.2,24.5,28.0,0.198,7,1,5,63.9,63.7,60.2,1,1
VIL_033,45,6.04,-42.9,23.7,30.3,0.035,3,1,3,54.6,50.1,63.1,3,0
VIL_033,46,5.9,-47.4,22.3,36.0,0.056,3,9,4,52.5,43.4,58.2,1,1
VIL_033,47,7.17,-47.7,19.6,37.8,0.185,3,3,4,57.3,52.8,60.1,3,0
VIL_033,48,6.19,-48.9,18.4,34.3,0.159,4,6,4,56.7,50.1,57.5,7,0
VIL_033,49,7.81,-44.3,17.6,35.3,0.159,1,4,6,59.8,53.6,59.7,6,1
VIL_033,50,6.42,-48.5,17.5,34.9,0.07,4,3,10,63.1,54.2,61.4,2,1
VIL_033,51,10.48,-17.5,19.1,43.3,0.15,2,3,7,57.6,51.5,60.9,1,1
VIL_033,52,8.41,-58.4,17.3,41.8,0.102,3,1,10,58.8,53.0,57.7,5,0
VIL_033,53,5.53,-54.0,18.2,42.1,0.104,3,0,7,60.6,55.1,49.1,4,0
VIL_033,54,5.54,-51.8,18.0,45.5,0.143,2,1,10,55.9,46.6,56.8,6,1
VIL_033,55,15.07,-5.4,19.0,46.8,0.28,2,5,9,53.4,52.9,66.9,3,0
VIL_033,56,7.21,-54.3,18.3,40.5,0.188,1,2,6,62.2,54.4,65.9,3,1
VIL_033,57,5.74,-69.5,17.9,43.9,0.195,2,3,9,50.5,39.0,56.2,3,1
VIL_033,58,4.89,-64.3,16.6,43.4,0.117,1,0,10,51.3,46.4,58.6,0,1
VIL_033,59,7.15,-48.4,21.1,44.4,0.08,2,3,5,55.8,43.9,59.7,2,0
VIL_033,60,6.07,-57.6,20.8,43.9,0.126,4,1,6,65.9,56.3,63.3,3,1
VIL_033,61,5.78,-69.1,20.9,48.3,0.183,2,3,7,56.0,45.7,56.0,1,0
VIL_033,62,6.25,-44.6,21.6,49.5,0.093,1,1,7,59.3,50.5,53.0,3,0
VIL_033,63,5.06,-72.1,20.2,44.1,0.068,1,3,9,58.6,61.8,67.0,0,1
VIL_033,64,7.52,-44.3,24.0,49.7,0.207,4,4,4,56.4,52.0,60.3,2,0
VIL_033,65,5.43,-55.9,24.0,54.1,0.037,3,2,1,53.6,47.0,65.0,9,0
VIL_033,66,7.81,-65.0,23.8,45.9,0.166,3,3,6,65.5,56.9,61.2,2,0
VIL_033,67,10.34,-27.7,26.4,55.6,0.176,5,6,2,62.0,53.4,59.8,1,1
VIL_033,68,10.8,-15.4,28.5,46.6,0.194,4,0,2,55.3,49.1,56.9,6,1
VIL_033,69,9.99,-33.5,29.8,50.8,0.285,3,5,2,55.4,49.3,63.3,3,1
VIL_033,70,14.99,8.9,29.1,44.2,0.276,7,5,3,55.3,50.1,58.9,1,1
VIL_033,71,17.24,8.1,30.0,54.4,0.351,8,6,1,54.7,47.1,55.4,2,0
VIL_033,72,18.25,32.2,32.3,50.7,0.417,6,2,4,60.2,52.6,56.5,3,1
VIL_033,73,26.49,65.2,34.3,47.9,0.466,3,10,3,60.6,51.2,63.9,2,0
VIL_033,74,29.22,94.6,33.5,53.4,0.626,4,5,2,61.4,51.5,57.0,1,1
VIL_033,75,46.18,220.2,34.7,69.8,0.901,3,7,4,59.8,59.0,66.4,7,1
VIL_033,76,41.12,185.9,36.1,61.4,0.758,3,10,5,58.6,50.9,65.0,2,1
VIL_033,77,60.07,287.5,35.4,67.9,1.0,4,7,2,56.3,51.3,60.2,5,1
VIL_033,78,39.23,159.4,34.3,57.9,0.788,6,7,4,53.6,51.1,60.8,3,1
VIL_033,79,58.24,282.3,37.3,68.2,1.0,2,6,3,61.0,51.1,60.9,2,0
VIL_033,80,67.9,364.5,34.9,73.8,1.0,2,14,2,63.4,54.9,56.4,4,0
VIL_033,81,86.43,475.5,37.3,74.7,1.0,3,6,6,58.5,44.3,52.8,3,0
VIL_033,82,80.67,439.3,36.4,74.2,1.0,4,9,1,60.5,54.1,57.0,0,1
VIL_033,83,79.63,435.7,36.1,72.1,1.0,3,9,2,57.4,52.8,60.2,3,1
VIL_033,84,89.26,482.9,34.5,74.4,1.0,8,11,2,57.3,49.6,61.0,2,0
VIL_033,85,83.71,461.0,34.8,69.5,1.0,13,8,8,59.9,50.4,61.6,6,1
VIL_033,86,67.09,337.1,33.4,67.5,1.0,29,6,6,65.7,60.1,58.3,5,1
VIL_033,87,56.18,269.6,37.0,55.9,1.0,7,8,3,54.5,49.7,60.8,3,0
VIL_033,88,53.74,253.8,31.7,48.1,1.0,14,9,5,56.3,50.2,53.5,4,1
VIL_033,89,60.86,310.6,32.9,44.5,1.0,17,7,3,61.5,56.9,63.7,4,1
VIL_033,90,64.11,319.5,29.9,61.2,1.0,29,5,5,61.0,52.4,59.3,3,1
VIL_033,91,46.4,204.6,29.7,46.5,0.963,17,8,5,58.5,57.9,58.5,0,1
VIL_033,92,27.65,87.6,28.2,38.2,0.565,23,5,3,57.4,50.2,48.9,3,1
VIL_033,93,22.88,66.4,26.8,38.1,0.379,20,3,3,62.3,56.2,61.6,3,0
VIL_033,94,18.78,29.6,25.6,44.5,0.336,24,3,1,58.0,49.6,58.2,3,1
VIL_033,95,12.98,-2.2,24.9,37.6,0.292,16,0,4,59.1,57.7,60.2,2,0
VIL_033,96,11.23,-46.3,25.1,30.9,0.243,4,4,3,54.5,52.8,59.6,5,0
VIL_033,97,9.43,-22.8,21.0,34.4,0.217,1,1,7,59.8,50.6,63.1,6,1
VIL_033,98,9.53,-45.0,19.2,29.9,0.177,2,3,9,60.4,54.6,59.7,5,0
VIL_033,99,8.02,-52.6,19.4,35.5,0.118,3,5,8,55.3,48.2,61.2,1,0
VIL_033,100,5.83,-41.7,19.7,28.9,0.053,0,4,5,53.3,45.9,61.4,7,1
VIL_033,101,11.04,-24.7,18.4,36.6,0.268,2,4,6,57.8,53.8,61.3,2,0
VIL_033,102,6.84,-61.9,20.0,35.7,0.234,3,3,3,56.7,51.8,57.6,3,1
VIL_033,103,8.77,-47.6,19.4,32.8,0.189,0,6,5,64.6,53.4,60.3,2,1
VIL_033,104,7.97,-60.7,16.7,35.4,0.206,2,2,7,57.8,53.8,61.1,0,0
VIL_034,1,6.47,-60.5,14.7,35.0,0.075,2,0,1,41.2,34.8,58.8,0,0
VIL_034,2,6.48,-48.1,15.4,42.7,0.106,0,0,3,46.6,40.2,60.4,0,0
VIL_034,3,7.0,-49.0,19.2,40.3,0.112,2,0,0,49.7,47.2,64.9,3,1
VIL_034,4,8.81,-27.7,16.8,36.1,0.228,2,2,3,48.4,50.7,64.2,1,1
VIL_034,5,8.63,-33.6,18.0,44.1,0.259,1,0,4,40.8,36.5,59.2,0,1
VIL_034,6,9.77,-23.2,19.6,47.0,0.355,1,0,0,44.2,37.2,52.8,3,1
VIL_034,7,7.05,-56.4,19.2,46.4,0.184,1,0,2,42.5,33.5,55.2,0,1
VIL_034,8,4.52,-78.7,20.6,53.7,0.147,0,1,2,45.8,41.7,65.7,0,0
VIL_034,9,4.13,-64.7,21.1,42.3,0.0,0,1,3,39.8,39.2,62.3,0,1
VIL_034,10,4.68,-61.0,22.5,50.6,0.004,1,0,1,38.5,33.0,56.9,1,1
VIL_034,11,6.41,-58.3,22.9,47.5,0.085,2,0,0,46.8,40.0,51.8,0,1
VIL_034,12,6.75,-65.4,24.3,50.0,0.072,0,1,0,42.3,42.0,62.7,1,1
VIL_034,13,7.16,-49.2,23.9,45.9,0.169,0,0,0,44.3,42.7,55.1,0,1
VIL_034,14,5.75,-57.8,26.4,45.2,0.202,0,0,0,44.1,45.7,52.3,0,1
VIL_034,15,9.39,-51.0,27.0,44.6,0.188,1,0,1,51.8,47.3,65.1,2,1
VIL_034,16,9.18,-35.0,28.1,43.4,0.151,1,0,0,41.3,39.0,57.9,1,1
VIL_034,17,8.18,-34.0,27.4,51.1,0.179,2,1,0,46.4,43.0,55.0,0,1
VIL_034,18,8.32,-57.7,30.0,45.9,0.13,0,1,0,38.9,42.4,62.6,1,1
VIL_034,19,11.09,-20.8,31.5,59.0,0.195,1,1,2,47.3,48.2,59.2,3,1
VIL_034,20,12.27,-5.1,34.5,46.7,0.236,0,0,1,47.1,43.7,51.9,0,1
VIL_034,21,14.5,10.4,33.3,51.6,0.309,1,0,2,41.8,39.6,54.5,1,1
VIL_034,22,19.22,9.4,34.8,50.5,0.301,0,1,0,44.2,40.4,50.1,1,0
VIL_034,23,42.57,194.7,36.9,53.6,0.75,0,1,1,41.5,37.9,50.2,0,1
VIL_034,24,39.23,158.4,34.4,52.8,0.742,0,0,0,43.9,44.1,63.0,1,1
VIL_034,25,51.02,235.9,35.9,56.9,1.0,1,0,0,50.2,48.3,58.6,0,1
VIL_034,26,45.57,228.9,37.8,64.9,0.848,1,1,0,47.1,45.3,59.1,0,1
VIL_034,27,49.48,232.0,39.9,64.9,1.0,0,1,0,44.1,36.0,60.5,0,1
VIL_034,28,73.22,384.3,34.6,78.1,1.0,0,2,1,43.1,43.9,65.8,0,1
VIL_034,29,96.55,551.7,36.8,72.0,1.0,1,0,0,44.5,42.1,62.5,0,1
VIL_034,30,89.67,514.6,37.5,70.8,1.0,0,0,1,43.7,44.2,52.1,0,1
VIL_034,31,83.03,455.3,37.4,74.3,1.0,1,0,1,44.2,40.5,57.1,1,1
VIL_034,32,94.02,521.5,38.5,73.3,1.0,1,0,0,43.1,40.6,54.4,0,1
VIL_034,33,78.66,425.3,34.5,70.5,1.0,2,3,0,40.8,35.2,60.5,0,1
VIL_034,34,92.71,528.9,34.2,72.1,1.0,1,0,0,41.8,38.0,59.0,0,1
VIL_034,35,81.08,437.4,31.7,65.1,1.0,3,0,0,42.7,40.5,57.9,0,1
VIL_034,36,52.31,259.7,32.8,45.0,1.0,4,1,1,40.0,36.6,55.6,0,1
VIL_034,37,42.24,180.2,32.3,44.5,0.849,4,2,1,47.2,39.9,59.5,0,1
VIL_034,38,39.56,145.2,33.1,46.6,0.768,2,2,0,45.2,44.9,58.2,0,1
VIL_034,39,31.22,123.3,31.4,36.7,0.55,3,1,0,48.6,42.2,60.4,0,1
VIL_034,40,23.06,57.1,30.0,36.8,0.425,0,0,0,42.1,45.5,54.2,0,1
VIL_034,41,19.18,38.4,26.2,30.5,0.444,2,1,3,46.0,44.8,55.8,0,0
VIL_034,42,19.62,33.8,26.3,32.0,0.391,0,1,1,45.8,40.0,58.8,0,0
VIL_034,43,18.5,23.7,25.1,32.1,0.394,2,0,0,45.1,33.3,52.9,0,1
VIL_034,44,8.07,-38.8,24.0,32.0,0.165,1,1,1,44.3,40.7,53.4,2,0
VIL_034,45,8.24,-46.6,22.3,34.3,0.105,0,0,0,48.3,42.6,56.5,2,0
VIL_034,46,9.31,-19.8,22.7,39.5,0.172,1,0,0,47.1,42.6,52.8,2,1
VIL_034,47,12.59,-16.4,19.9,37.8,0.21,2,0,2,41.6,36.6,48.2,0,1
VIL_034,48,6.69,-37.2,19.9,34.1,0.112,0,0,0,49.8,39.6,63.6,0,1
VIL_034,49,7.55,-43.6,20.5,41.2,0.107,1,1,2,44.2,36.1,63.2,1,1
VIL_034,50,5.56,-86.8,20.7,35.3,0.135,0,0,0,41.4,36.5,60.2,0,1
VIL_034,51,6.44,-67.0,16.7,38.3,0.169,1,0,0,38.6,37.7,53.5,2,0
VIL_034,52,6.0,-51.5,18.0,40.6,0.122,0,0,2,43.3,36.1,57.2,0,1
VIL_034,53,10.04,-42.2,17.6,40.7,0.101,1,1,0,45.3,42.9,60.4,2,0
VIL_034,54,6.6,-69.6,18.5,39.2,0.064,0,0,1,42.4,36.5,64.9,1,1
VIL_034,55,5.71,-49.1,19.0,39.6,0.147,2,0,1,45.3,35.2,62.1,0,0
VIL_034,56,6.58,-72.0,16.9,39.5,0.094,0,0,1,44.6,37.3,58.1,0,0
VIL_034,57,8.0,-38.9,17.6,41.7,0.122,0,2,2,47.6,38.9,53.1,0,1
VIL_034,58,7.78,-51.7,18.2,48.8,0.159,0,0,0,49.3,50.5,53.0,0,1
VIL_034,59,8.04,-39.4,19.3,41.3,0.121,0,0,3,42.9,42.9,51.5,0,0
VIL_034,60,5.23,-62.4,20.5,45.7,0.0,0,0,2,41.6,44.1,52.1,1,1
VIL_034,61,9.3,-58.8,19.9,47.8,0.14,0,0,2,47.5,45.0,63.1,1,1
VIL_034,62,7.36,-54.1,23.5,41.8,0.127,0,1,1,41.0,43.7,53.4,0,1
VIL_034,63,4.38,-73.2,20.2,49.9,0.06,0,1,0,36.1,37.7,58.4,0,0
VIL_034,64,7.27,-47.4,22.0,43.0,0.18,0,1,2,43.0,42.1,50.5,0,1
VIL_034,65,1.99,-83.5,25.3,42.9,0.044,2,0,0,42.9,37.7,62.0,0,0
VIL_034,66,6.2,-61.1,25.6,47.8,0.125,0,0,0,45.6,42.7,60.0,0,0
VIL_034,67,7.98,-58.1,26.3,54.9,0.217,0,0,0,41.2,37.1,54.5,0,1
VIL_034,68,6.56,-51.5,29.4,50.1,0.053,0,0,1,43.0,46.5,53.2,1,1
VIL_034,69,8.5,-34.7,30.4,49.8,0.248,0,0,1,45.7,45.3,55.5,0,1
VIL_034,70,11.24,-21.7,32.0,54.9,0.307,0,1,0,41.9,35.9,58.2,0,0
VIL_034,71,13.01,-15.5,30.4,48.7,0.254,0,1,1,45.1,41.7,61.9,2,0
VIL_034,72,18.37,18.8,33.7,59.7,0.348,1,2,0,46.5,45.1,63.5,2,1
VIL_034,73,28.07,77.9,34.6,57.7,0.628,0,1,2,42.7,38.7,55.0,0,1
VIL_034,74,25.91,75.2,33.3,54.2,0.505,0,0,0,47.2,48.0,68.2,0,1
VIL_034,75,33.98,128.4,35.3,49.4,0.697,2,0,1,46.2,42.1,56.4,0,1
VIL_034,76,54.99,275.0,37.0,69.9,1.0,2,4,1,45.8,43.1,59.4,0,1
VIL_034,77,60.68,298.3,38.0,69.9,1.0,0,1,0,47.8,44.8,57.0,0,1
VIL_034,78,62.51,317.9,36.5,66.6,1.0,0,1,0,47.5,39.6,60.0,0,1
VIL_034,79,88.82,479.0,35.6,77.4,1.0,0,3,0,47.4,39.2,52.3,0,1
VIL_034,80,60.65,301.0,38.8,72.2,1.0,1,1,0,43.2,36.7,58.9,1,0
VIL_034,81,60.29,296.3,37.0,59.6,1.0,0,2,0,37.6,31.5,60.7,2,1
VIL_034,82,94.29,539.2,34.4,80.0,1.0,3,1,0,38.2,33.1,54.6,0,1
VIL_034,83,101.55,594.1,36.1,81.3,1.0,2,2,0,43.8,37.8,56.1,2,1
VIL_034,84,67.19,336.2,37.2,65.7,1.0,0,1,1,43.3,39.4,56.7,0,1
VIL_034,85,69.98,375.6,33.8,55.7,1.0,3,2,0,40.3,34.4,58.7,1,1
VIL_034,86,87.81,492.2,34.6,74.1,1.0,1,2,1,35.6,39.6,55.0,0,1
VIL_034,87,59.85,293.5,33.2,63.1,1.0,2,1,1,42.2,38.4,51.6,0,1
VIL_034,88,60.3,294.5,32.6,48.7,1.0,0,2,1,43.5,30.9,56.8,0,1
VIL_034,89,54.02,252.5,31.1,48.9,1.0,6,0,1,45.9,35.2,62.2,0,0
VIL_034,90,49.54,226.5,31.1,52.3,0.99,5,2,0,39.3,38.0,56.7,1,1
VIL_034,91,33.11,117.1,29.1,41.1,0.79,4,2,0,45.8,38.8,59.3,0,0
VIL_034,92,31.74,110.1,29.0,43.6,0.645,7,0,2,43.6,41.5,55.1,0,1
VIL_034,93,17.64,12.5,26.6,36.9,0.351,4,0,0,43.0,36.5,66.1,0,1
VIL_034,94,21.07,48.5,27.1,36.7,0.441,3,0,1,41.4,40.4,54.6,0,0
VIL_034,95,15.52,8.6,24.6,40.5,0.324,2,1,1,47.5,39.8,60.5,1,1
VIL_034,96,8.64,-44.1,22.0,33.5,0.107,2,0,0,46.1,43.1,65.5,0,1
VIL_034,97,11.51,-28.6,21.3,27.2,0.195,0,0,1,54.6,45.4,53.5,1,1
VIL_034,98,9.26,-43.9,19.9,34.9,0.204,1,0,0,40.9,37.1,53.9,0,0
VIL_034,99,7.93,-42.7,19.0,32.2,0.119,0,0,0,42.5,39.9,56.8,0,1
VIL_034,100,13.7,-8.1,17.9,38.4,0.306,1,1,3,40.1,35.0,54.7,1,1
VIL_034,101,5.7,-60.0,17.5,37.9,0.116,0,2,1,51.2,50.5,53.9,1,1
VIL_034,102,5.46,-55.0,18.1,40.6,0.156,0,1,2,44.8,45.9,64.9,1,1
VIL_034,103,6.84,-54.9,18.5,36.4,0.131,0,0,2,42.6,34.6,60.4,1,1
VIL_034,104,8.25,-31.3,15.7,41.3,0.189,0,0,3,43.9,38.4,59.3,0,0
VIL_035,1,6.1,-58.4,15.7,40.1,0.0,2,1,8,60.3,54.9,64.4,1,1
VIL_035,2,6.43,-34.3,17.4,46.4,0.123,2,2,4,57.8,49.7,68.5,0,1
VIL_035,3,7.97,-39.4,18.0,40.2,0.128,2,1,11,63.3,56.7,68.4,2,1
VIL_035,4,5.54,-61.1,17.2,32.1,0.079,2,3,10,63.6,57.5,69.6,4,0
VIL_035,5,6.67,-67.7,16.9,44.9,0.077,1,0,9,62.1,54.4,68.0,6,0
VIL_035,6,6.94,-61.3,19.8,46.8,0.16,1,0,3,58.5,52.8,62.4,1,0
VIL_035,7,4.77,-60.3,18.2,39.9,0.0,2,2,3,59.8,52.1,69.9,4,0
VIL_035,8,5.95,-63.7,18.1,47.7,0.156,1,7,8,62.3,53.1,69.1,5,1
VIL_035,9,6.29,-60.1,20.3,49.6,0.171,2,2,8,60.9,55.1,71.1,2,0
VIL_035,10,4.74,-79.2,21.4,38.0,0.071,7,4,6,58.3,50.8,73.3,4,0
VIL_035,11,6.39,-53.3,21.5,52.0,0.099,1,3,2,61.7,58.2,65.7,3,0
VIL_035,12,6.0,-58.9,23.3,52.4,0.021,1,3,8,60.3,57.0,66.4,3,0
VIL_035,13,5.28,-57.7,22.6,46.3,0.121,0,1,2,54.4,51.1,72.4,2,0
VIL_035,14,7.49,-37.7,26.3,51.3,0.163,3,1,5,54.0,49.6,74.5,5,0
VIL_035,15,6.7,-50.8,25.7,56.2,0.128,4,1,5,54.3,51.8,73.1,0,0
VIL_035,16,5.88,-72.5,27.7,45.0,0.016,3,2,5,62.2,53.9,68.1,4,0
VIL_035,17,8.21,-60.4,28.6,53.1,0.029,4,4,2,62.1,52.0,70.5,4,0
VIL_035,18,8.99,-32.7,32.2,49.3,0.108,7,5,3,58.8,54.7,70.3,3,1
VIL_035,19,10.43,-29.2,31.3,43.9,0.143,3,2,2,59.1,52.2,61.5,2,1
VIL_035,20,14.44,13.8,31.7,42.4,0.243,3,4,0,55.0,46.5,62.7,3,0
VIL_035,21,16.56,10.6,36.1,52.8,0.209,3,5,5,63.1,54.8,64.0,4,1
VIL_035,22,23.68,40.6,36.6,47.3,0.369,2,1,4,52.9,44.9,64.2,1,0
VIL_035,23,37.21,135.4,36.2,62.1,0.553,2,4,3,55.2,44.2,68.0,4,0
VIL_035,24,30.74,97.5,36.5,45.2,0.434,5,8,2,55.5,52.5,63.1,6,0
VIL_035,25,58.53,307.6,35.3,67.3,0.824,4,13,4,59.5,52.9,67.8,8,1
VIL_035,26,61.44,321.3,38.0,65.6,0.798,1,6,2,58.2,52.8,67.2,4,0
VIL_035,27,46.6,205.3,37.4,65.0,0.564,2,8,7,58.0,48.9,64.8,6,1
VIL_035,28,95.7,536.0,36.2,82.5,1.0,10,7,4,55.3,52.5,69.0,3,1
VIL_035,29,96.95,532.7,37.1,83.5,1.0,4,15,3,58.2,52.9,72.1,3,0
VIL_035,30,91.78,497.9,36.2,75.6,1.0,4,17,3,56.9,55.7,63.4,1,0
VIL_035,31,111.01,651.3,34.5,85.1,1.0,6,12,3,60.5,50.6,67.3,2,0
VIL_035,32,83.44,465.7,37.5,75.2,1.0,6,20,2,56.5,51.9,69.2,2,1
VIL_035,33,82.23,445.4,33.1,69.5,1.0,18,18,4,54.8,48.1,68.0,1,1
VIL_035,34,106.58,629.0,37.1,77.1,1.0,5,18,2,59.5,49.7,69.9,3,0
VIL_035,35,72.36,386.7,33.4,67.5,0.911,20,11,1,52.8,47.3,76.4,0,0
VIL_035,36,73.22,390.3,33.2,69.5,1.0,25,10,3,59.7,50.3,69.7,2,0
VIL_035,37,52.71,253.6,32.3,58.0,0.617,19,15,1,59.9,54.9,66.4,2,0
VIL_035,38,31.54,99.6,29.4,46.2,0.352,49,1,6,54.0,47.8,68.9,1,0
VIL_035,39,31.5,119.4,29.1,39.7,0.369,19,3,2,60.4,57.5,74.6,2,1
VIL_035,40,23.8,68.2,28.1,33.0,0.238,13,2,8,54.4,55.4,59.2,5,0
VIL_035,41,20.56,39.5,26.3,30.6,0.203,8,3,0,63.0,59.0,74.4,0,1
VIL_035,42,16.35,-2.2,27.0,28.2,0.215,6,1,5,62.4,58.1,67.7,4,0
VIL_035,43,12.38,-6.5,23.2,31.5,0.081,6,2,5,61.5,53.9,64.2,2,0
VIL_035,44,9.15,-57.0,23.7,37.8,0.11,7,2,4,56.2,52.2,63.6,3,0
VIL_035,45,13.54,-17.5,20.3,26.9,0.181,2,0,5,60.7,53.0,64.3,3,0
VIL_035,46,8.62,-36.7,21.6,31.9,0.153,4,4,3,56.3,54.9,68.3,1,0
VIL_035,47,8.26,-49.0,20.6,31.2,0.157,2,3,5,59.0,51.7,65.8,4,0
VIL_035,48,6.56,-66.2,21.8,27.9,0.019,1,6,7,61.0,55.1,60.6,2,0
VIL_035,49,6.04,-45.9,18.0,32.4,0.014,5,3,6,58.2,48.9,70.3,4,0
VIL_035,50,8.42,-32.6,17.9,40.8,0.043,2,1,8,58.8,54.5,67.7,4,0
VIL_035,51,6.0,-49.3,17.4,36.5,0.12,0,0,3,61.2,56.7,71.2,2,0
VIL_035,52,5.23,-61.8,19.3,38.9,0.087,0,2,4,64.1,58.0,59.4,6,0
VIL_035,53,5.96,-59.9,16.4,42.3,0.062,4,2,7,56.8,54.3,70.7,2,0
VIL_035,54,6.68,-38.1,17.3,41.1,0.029,0,2,10,58.7,55.9,70.3,5,0
VIL_035,55,5.21,-50.9,16.7,38.5,0.077,4,3,10,54.2,47.2,68.9,4,0
VIL_035,56,7.87,-48.3,17.1,42.9,0.173,1,1,14,59.1,52.9,74.3,4,0
VIL_035,57,5.2,-38.2,17.7,38.0,0.135,1,2,6,60.6,51.0,70.7,3,0
VIL_035,58,7.85,-48.9,19.5,44.8,0.031,3,2,6,62.4,57.6,74.9,0,0
VIL_035,59,4.92,-63.3,20.5,44.6,0.119,2,3,3,63.7,58.3,68.3,3,0
VIL_035,60,6.5,-42.7,17.8,51.0,0.012,1,2,7,61.8,61.7,82.5,2,1
VIL_035,61,4.25,-67.9,21.3,44.1,0.037,0,4,4,67.5,64.1,70.4,5,0
VIL_035,62,5.98,-62.8,22.8,45.5,0.054,7,4,6,56.4,49.5,61.2,3,1
VIL_035,63,9.1,-35.5,22.8,42.8,0.135,6,4,7,55.6,49.8,75.0,3,0
VIL_035,64,6.49,-56.8,24.9,50.5,0.036,5,3,2,59.3,53.5,67.3,1,0
VIL_035,65,8.28,-66.1,23.1,43.2,0.115,2,3,2,56.0,55.0,65.8,2,0
VIL_035,66,5.31,-54.6,26.4,45.7,0.017,3,4,2,62.1,54.2,65.9,2,0
VIL_035,67,10.45,-36.6,28.5,47.3,0.148,8,3,2,55.8,51.8,74.6,1,0
VIL_035,68,6.83,-66.0,27.4,51.7,0.025,5,2,5,54.9,52.2,60.6,2,0
VIL_035,69,6.96,-41.5,27.8,49.8,0.073,4,4,8,58.9,49.5,70.1,3,0
VIL_035,70,10.56,-25.8,31.9,52.0,0.141,3,2,2,64.4,59.4,71.1,7,0
VIL_035,71,14.8,5.4,31.1,54.4,0.185,0,1,6,61.5,58.4,69.3,4,0
VIL_035,72,13.85,-8.9,32.0,46.9,0.227,7,2,5,62.7,58.4,63.2,2,0
VIL_035,73,23.49,58.8,31.4,49.9,0.2,2,1,4,62.8,63.6,61.1,5,1
VIL_035,74,22.05,44.0,33.9,45.0,0.303,4,3,1,58.9,48.0,69.1,1,0
VIL_035,75,43.1,178.7,34.4,61.7,0.533,2,5,6,56.1,50.2,70.4,5,0
VIL_035,76,43.11,194.2,33.7,57.0,0.604,3,6,1,60.6,59.0,65.2,2,0
VIL_035,77,51.37,244.8,35.6,64.9,0.686,6,6,2,54.7,51.6,64.0,1,1
VIL_035,78,53.81,276.0,38.1,67.8,0.772,1,7,3,60.8,57.9,69.3,3,0
VIL_035,79,64.06,304.7,37.3,70.8,0.843,3,7,6,57.3,52.3,64.0,0,0
VIL_035,80,83.27,466.9,35.0,75.9,1.0,6,13,4,61.4,57.1,65.9,1,0
VIL_035,81,73.34,385.1,37.4,69.6,0.986,1,12,2,58.8,51.2,75.4,4,0
VIL_035,82,88.76,486.9,37.6,75.8,1.0,1,8,1,59.5,53.8,63.6,6,1
VIL_035,83,83.08,459.7,36.5,80.4,1.0,4,10,0,63.5,59.5,65.5,5,0
VIL_035,84,70.02,357.9,35.8,62.0,0.904,8,22,8,61.9,52.2,73.8,3,0
VIL_035,85,73.53,385.7,34.3,65.5,0.986,11,12,2,61.9,52.6,62.7,3,1
VIL_035,86,71.68,383.8,35.0,62.6,1.0,10,13,4,59.2,55.2,72.1,3,1
VIL_035,87,57.48,277.8,34.3,52.4,0.797,10,11,4,57.1,56.9,65.4,3,0
VIL_035,88,50.49,229.5,33.0,49.9,0.706,11,6,4,62.8,60.0,62.7,2,0
VIL_035,89,47.99,212.9,33.7,49.8,0.603,6,6,5,61.4,53.1,67.8,4,1
VIL_035,90,51.67,248.0,30.3,46.4,0.733,22,7,2,63.0,59.2,69.1,1,0
VIL_035,91,34.01,114.7,27.8,48.7,0.459,21,13,1,58.8,54.8,65.7,1,0
VIL_035,92,14.83,6.4,30.2,35.3,0.237,5,3,3,53.1,48.6,66.3,2,0
VIL_035,93,25.66,92.2,24.7,42.3,0.268,10,3,2,57.3,52.5,64.5,2,1
VIL_035,94,19.02,26.8,25.3,34.2,0.276,15,4,3,65.5,58.6,62.7,4,0
VIL_035,95,16.31,13.1,23.5,32.6,0.187,10,4,1,53.3,45.3,68.9,2,1
VIL_035,96,15.15,3.7,23.3,32.9,0.139,1,4,1,59.0,51.6,69.0,5,1
VIL_035,97,8.16,-54.9,22.2,28.1,0.141,7,2,5,53.8,50.5,66.8,1,0
VIL_035,98,7.24,-48.6,20.2,36.3,0.075,0,1,10,61.0,56.3,73.2,5,1
VIL_035,99,5.51,-61.0,21.6,36.7,0.1,0,2,7,54.2,49.2,64.9,5,0
VIL_035,100,8.17,-27.8,19.4,35.6,0.06,5,4,8,57.4,52.9,63.0,3,0
VIL_035,101,7.7,-46.2,20.2,41.0,0.204,3,1,7,63.5,53.2,66.1,4,0
VIL_035,102,8.63,-30.0,16.7,45.4,0.109,1,3,9,57.8,46.4,72.8,3,0
VIL_035,103,5.98,-55.8,16.4,43.0,0.056,2,1,14,58.0,51.9,73.3,2,0
VIL_035,104,10.2,-37.1,16.0,37.0,0.185,3,4,6,55.1,48.6,71.4,0,1
VIL_036,1,7.1,-45.4,17.4,34.1,0.074,1,1,2,52.8,47.8,67.0,0,0
VIL_036,2,8.83,-39.0,18.3,42.7,0.135,0,2,4,46.1,44.7,63.5,1,1
VIL_036,3,4.74,-74.8,16.7,41.6,0.059,0,0,4,47.1,39.3,70.8,1,1
VIL_036,4,5.84,-44.3,16.9,46.7,0.103,2,1,4,46.0,42.9,66.5,1,1
VIL_036,5,10.44,-34.3,18.4,46.7,0.173,1,0,3,48.0,42.8,69.9,1,1
VIL_036,6,5.14,-71.9,17.9,34.7,0.0,2,0,2,53.7,49.4,67.7,0,1
VIL_036,7,7.67,-53.2,20.0,49.4,0.184,0,1,2,47.4,40.4,59.7,1,1
VIL_036,8,6.61,-74.6,19.4,44.8,0.031,0,0,0,47.2,42.6,73.5,1,1
VIL_036,9,6.96,-69.6,20.6,52.5,0.111,0,0,1,44.5,41.1,65.5,1,1
VIL_036,10,7.74,-36.4,20.7,48.7,0.148,0,2,2,41.2,36.5,65.6,1,1
VIL_036,11,10.95,-26.6,20.8,52.5,0.18,0,0,1,40.5,32.9,63.9,0,1
VIL_036,12,5.08,-61.1,23.3,50.6,0.115,0,3,0,43.9,40.0,69.5,0,1
VIL_036,13,6.6,-53.6,24.3,45.0,0.027,0,0,0,48.0,42.2,66.1,2,1
VIL_036,14,5.43,-60.9,25.1,50.6,0.068,1,1,1,45.1,46.3,72.0,1,0
VIL_036,15,8.79,-41.8,27.6,50.9,0.155,1,0,0,48.5,45.2,71.5,1,1
VIL_036,16,9.48,-43.1,29.5,52.3,0.109,2,1,0,40.0,31.2,64.6,1,0
VIL_036,17,7.18,-46.1,30.8,48.6,0.138,2,0,2,46.7,42.4,69.0,0,0
VIL_036,18,8.26,-43.1,30.4,46.1,0.13,0,2,0,40.6,34.4,67.5,2,1
VIL_036,19,12.29,-29.2,31.0,44.8,0.168,1,0,2,43.9,42.2,65.9,2,1
VIL_036,20,14.57,3.3,31.7,49.5,0.247,1,0,1,50.7,47.1,65.9,0,0
VIL_036,21,20.85,54.7,36.2,55.3,0.182,0,1,1,46.1,34.2,60.9,1,1
VIL_036,22,26.35,79.3,36.0,53.7,0.265,1,3,3,50.8,38.8,73.6,2,0
VIL_036,23,35.68,131.8,35.3,59.3,0.508,1,1,1,43.2,42.0,66.6,1,0
VIL_036,24,42.73,187.3,33.4,48.4,0.566,1,1,2,50.2,44.7,65.3,0,1
VIL_036,25,49.44,237.3,36.2,66.3,0.651,0,3,0,45.0,43.1,66.6,1,1
VIL_036,26,58.17,277.0,37.8,68.3,0.767,0,1,0,50.8,46.4,68.1,3,0
VIL_036,27,54.73,259.9,36.1,63.7,0.792,0,5,0,52.8,47.7,65.5,3,1
VIL_036,28,75.88,406.1,35.6,76.5,0.988,1,4,3,45.3,41.1,75.1,0,1
VIL_036,29,81.99,443.4,37.7,74.2,1.0,3,2,2,46.7,40.9,65.4,2,0
VIL_036,30,101.24,576.8,36.7,86.1,1.0,2,6,2,46.1,45.1,65.3,2,0
VIL_036,31,87.9,500.1,36.4,74.2,1.0,0,3,0,50.0,40.5,64.6,0,1
VIL_036,32,92.19,499.8,35.9,73.8,1.0,3,2,1,47.3,45.7,68.9,2,1
VIL_036,33,102.04,566.5,33.7,80.4,1.0,2,1,1,49.1,44.6,68.3,1,0
VIL_036,34,79.66,426.9,33.6,62.6,0.999,7,4,1,46.9,38.6,72.0,1,1
VIL_036,35,61.83,314.6,33.6,62.3,0.764,5,2,2,44.8,42.4,67.6,0,1
VIL_036,36,47.38,203.2,31.1,54.5,0.586,9,1,0,53.5,47.3,67.3,0,1
VIL_036,37,44.32,213.6,30.5,55.1,0.578,4,1,1,52.6,46.5,59.3,1,0
VIL_036,38,33.24,130.6,32.3,41.6,0.404,4,3,2,48.3,39.2,70.1,1,0
VIL_036,39,27.56,70.7,29.7,39.5,0.363,3,0,1,45.1,40.8,65.1,1,1
VIL_036,40,31.6,111.3,28.5,41.4,0.407,2,1,1,50.6,51.0,64.5,1,1
VIL_036,41,20.51,40.8,27.9,33.8,0.164,4,1,1,51.5,46.0,73.8,1,0
VIL_036,42,18.98,18.0,26.5,35.7,0.234,4,0,1,45.2,45.6,67.3,0,0
VIL_036,43,13.2,-28.8,24.8,33.5,0.138,4,1,0,49.7,45.2,76.3,0,1
VIL_036,44,7.71,-56.6,22.6,20.0,0.15,3,1,1,47.1,49.6,64.7,1,0
VIL_036,45,10.35,-21.2,21.2,28.0,0.162,1,0,2,44.6,41.5,66.3,1,1
VIL_036,46,9.99,-46.0,21.7,36.7,0.189,3,1,1,48.0,39.7,67.4,1,1
VIL_036,47,13.06,0.3,22.2,36.0,0.233,2,0,1,39.0,37.4,63.8,3,1
VIL_036,48,10.81,-37.6,16.7,27.4,0.263,1,1,0,45.0,35.8,63.3,1,0
VIL_036,49,9.71,-61.2,19.7,31.2,0.091,1,1,0,47.1,45.2,61.2,0,1
VIL_036,50,6.16,-47.1,16.6,34.8,0.113,1,2,1,47.2,39.5,73.0,1,0
VIL_036,51,5.71,-66.8,18.1,32.1,0.057,1,1,2,50.1,46.8,70.8,1,0
VIL_036,52,5.29,-67.1,17.0,38.7,0.055,0,0,1,50.0,49.6,64.4,0,0
VIL_036,53,8.39,-41.2,16.6,40.9,0.049,0,0,1,45.2,36.0,63.1,1,0
VIL_036,54,6.15,-72.3,17.1,41.5,0.038,1,2,4,52.2,48.2,70.3,3,0
VIL_036,55,8.03,-57.5,17.7,41.7,0.194,1,1,2,44.8,45.3,69.5,2,0
VIL_036,56,10.0,-37.3,18.7,43.3,0.124,0,1,4,52.9,47.5,64.8,1,0
VIL_036,57,5.46,-53.5,16.8,49.3,0.0,0,0,0,45.9,41.2,68.8,1,0
VIL_036,58,7.94,-44.2,18.7,41.1,0.069,0,2,1,48.7,44.6,65.7,3,1
VIL_036,59,8.39,-41.4,19.1,34.4,0.1,1,1,3,52.3,49.3,69.0,1,0
VIL_036,60,4.5,-60.2,20.0,37.8,0.003,0,0,3,34.1,31.1,67.2,1,1
VIL_036,61,10.81,-19.9,20.2,45.3,0.177,1,0,4,49.7,42.7,69.9,0,0
VIL_036,62,6.77,-63.2,21.9,55.0,0.08,0,0,1,47.2,46.2,69.1,1,0
VIL_036,63,7.24,-59.5,24.6,51.6,0.114,2,0,0,45.7,41.4,69.4,2,1
VIL_036,64,7.22,-46.7,23.7,43.5,0.01,2,1,0,54.4,55.4,64.3,2,0
VIL_036,65,5.79,-62.9,24.4,44.2,0.017,0,0,2,50.3,44.8,72.3,1,1
VIL_036,66,9.44,-38.2,25.5,51.4,0.07,1,0,1,46.5,38.5,68.1,3,1
VIL_036,67,10.03,-53.5,27.3,49.2,0.183,1,1,0,47.1,43.7,70.9,0,1
VIL_036,68,6.37,-57.7,28.1,43.0,0.071,2,1,0,43.9,35.1,70.2,0,1
VIL_036,69,8.82,-33.4,31.4,43.7,0.135,0,0,3,44.3,43.6,66.5,1,0
VIL_036,70,14.46,-7.3,29.2,47.6,0.297,4,1,1,49.2,41.5,67.4,1,0
VIL_036,71,10.74,-30.6,33.3,44.2,0.108,1,2,1,45.3,40.5,68.6,0,0
VIL_036,72,21.28,57.2,32.2,49.7,0.276,1,0,0,44.2,41.7,62.0,0,1
VIL_036,73,25.75,65.1,33.5,55.1,0.333,2,1,1,44.4,39.0,69.5,0,0
VIL_036,74,37.2,165.9,35.2,60.0,0.43,0,1,0,53.8,50.4,64.5,3,0
VIL_036,75,41.18,158.5,34.6,52.2,0.567,1,5,0,46.7,35.3,73.9,0,1
VIL_036,76,39.06,165.0,35.1,57.8,0.473,1,0,3,45.2,46.6,81.7,0,0
VIL_036,77,57.08,263.6,35.3,63.2,0.685,1,2,0,42.8,38.5,70.1,0,0
VIL_036,78,65.99,345.9,35.8,70.5,0.684,5,2,1,45.4,40.2,64.8,1,0
VIL_036,79,70.58,361.1,37.1,74.0,0.943,0,0,0,47.0,40.9,61.7,1,0
VIL_036,80,58.01,274.8,39.4,65.0,0.779,2,2,2,48.0,42.4,61.6,1,1
VIL_036,81,99.16,554.9,37.6,77.1,1.0,0,5,0,42.7,44.8,66.7,2,1
VIL_036,82,68.64,351.0,37.7,66.3,0.989,0,9,0,51.4,47.3,67.0,0,1
VIL_036,83,72.07,379.7,35.0,70.4,0.957,1,1,0,44.8,41.7,68.8,0,1
VIL_036,84,93.59,531.4,34.6,74.1,1.0,6,5,1,49.9,46.8,64.8,1,0
VIL_036,85,73.33,401.0,36.2,53.3,0.889,3,4,2,51.1,45.0,68.0,0,1
VIL_036,86,71.15,393.7,32.2,66.1,1.0,7,3,0,43.3,38.7,70.2,1,0
VIL_036,87,73.46,387.9,33.5,58.6,0.826,4,0,0,47.8,36.3,64.5,0,0
VIL_036,88,74.21,392.3,34.0,68.7,0.979,5,6,1,45.6,35.2,69.7,0,0
VIL_036,89,51.91,247.6,31.4,50.1,0.77,4,3,0,46.4,45.6,63.8,2,0
VIL_036,90,53.6,252.5,30.3,56.2,0.687,5,4,1,41.1,40.3,66.8,1,1
VIL_036,91,35.0,110.7,30.3,38.5,0.397,7,2,1,47.1,44.6,71.3,0,1
VIL_036,92,33.62,126.8,28.0,40.4,0.478,6,1,0,44.4,44.7,72.7,1,0
VIL_036,93,20.42,24.1,28.2,37.2,0.364,3,2,2,45.7,41.7,66.3,1,0
VIL_036,94,24.59,63.9,25.0,42.4,0.448,3,0,2,42.0,40.2,67.7,1,1
VIL_036,95,16.17,3.0,26.0,35.4,0.165,1,0,1,47.5,41.6,69.0,1,0
VIL_036,96,12.21,-30.0,23.4,33.5,0.187,1,1,2,47.0,48.3,71.1,0,1
VIL_036,97,13.34,-17.8,20.7,34.8,0.239,3,1,4,50.0,44.7,69.9,0,1
VIL_036,98,10.81,-38.2,21.6,28.1,0.175,1,0,0,41.1,28.1,73.1,1,1
VIL_036,99,6.84,-53.3,18.7,35.4,0.116,2,1,4,52.2,44.6,63.4,0,1
VIL_036,100,7.63,-53.6,19.5,23.8,0.074,1,0,1,48.8,44.3,67.3,2,1
VIL_036,101,4.32,-69.5,17.6,34.4,0.04,0,1,2,42.7,39.0,61.6,0,1
VIL_036,102,4.33,-84.0,16.1,26.0,0.029,0,0,2,39.2,34.9,71.2,0,0
VIL_036,103,6.25,-54.6,15.3,35.8,0.013,0,2,0,50.5,43.1,77.9,0,0
VIL_036,104,7.46,-34.3,18.3,36.0,0.048,0,1,0,44.7,43.9,66.5,1,1
VIL_037,1,6.48,-59.9,16.7,38.5,0.065,4,4,5,61.7,50.0,65.9,1,1
VIL_037,2,6.5,-40.0,17.4,41.6,0.06,1,2,10,59.2,56.3,75.6,4,1
VIL_037,3,4.56,-63.1,16.1,42.2,0.123,2,4,8,66.2,65.5,67.5,0,1
VIL_037,4,6.59,-67.0,16.6,39.6,0.116,0,2,7,59.9,54.8,61.0,1,0
VIL_037,5,6.79,-76.9,16.7,40.5,0.113,1,1,7,63.4,57.3,71.9,4,0
VIL_037,6,9.8,-38.6,18.1,45.0,0.122,4,2,3,69.0,61.4,70.0,3,0
VIL_037,7,7.25,-61.8,18.1,49.6,0.052,0,5,6,59.8,50.1,71.3,0,1
VIL_037,8,6.9,-58.4,20.0,43.9,0.103,3,2,6,62.4,57.1,71.4,3,0
VIL_037,9,14.54,19.8,18.8,47.8,0.265,2,1,3,63.5,55.0,67.9,1,0
VIL_037,10,5.8,-71.4,21.9,42.4,0.034,2,1,4,56.2,51.2,74.1,1,1
VIL_037,11,9.51,-43.0,21.0,51.1,0.15,6,0,0,60.9,58.8,69.3,2,1
VIL_037,12,5.26,-55.8,24.7,46.2,0.047,4,1,3,59.3,53.8,66.2,3,0
VIL_037,13,8.03,-43.6,25.6,44.9,0.107,6,2,2,55.2,53.6,66.0,4,1
VIL_037,14,6.86,-39.3,23.2,45.2,0.084,2,3,3,58.8,54.4,63.0,3,0
VIL_037,15,4.89,-59.2,28.0,50.0,0.088,3,1,1,58.4,48.0,63.5,2,1
VIL_037,16,8.08,-53.0,25.1,49.3,0.1,5,0,2,63.7,61.1,70.3,1,0
VIL_037,17,6.78,-49.7,28.0,45.1,0.065,2,2,0,64.1,60.0,72.3,3,0
VIL_037,18,10.06,-31.7,31.8,51.2,0.055,3,3,4,59.0,55.8,66.8,1,1
VIL_037,19,10.71,-46.2,31.0,52.7,0.154,4,1,8,60.0,51.4,74.5,5,0
VIL_037,20,15.28,23.5,34.6,52.7,0.234,6,7,1,58.2,50.8,64.8,4,0
VIL_037,21,23.58,46.6,34.5,54.2,0.317,3,6,4,59.6,54.3,72.1,1,0
VIL_037,22,21.02,39.1,34.0,57.9,0.277,5,1,1,65.2,61.4,67.3,3,1
VIL_037,23,34.04,122.2,34.5,62.0,0.528,4,5,1,64.9,67.5,71.5,1,1
VIL_037,24,39.05,161.5,37.7,58.3,0.602,1,4,3,62.6,48.3,70.4,2,0
VIL_037,25,53.41,258.0,35.8,68.1,0.766,4,4,3,53.7,47.7,71.1,2,1
VIL_037,26,52.89,258.4,34.5,65.3,0.722,4,3,3,61.9,55.1,68.1,1,0
VIL_037,27,67.14,342.9,35.8,66.4,0.9,5,4,6,60.4,51.4,68.0,4,0
VIL_037,28,100.65,581.8,37.1,90.5,1.0,2,12,4,63.7,53.7,71.9,7,0
VIL_037,29,62.38,309.1,36.0,70.5,0.736,4,8,4,57.7,58.4,67.1,2,1
VIL_037,30,76.76,406.4,39.6,74.6,1.0,1,5,2,60.1,52.6,66.1,2,1
VIL_037,31,91.22,491.0,35.6,78.5,1.0,8,10,0,64.6,58.1,69.5,2,0
VIL_037,32,91.82,514.4,35.1,79.0,1.0,9,7,2,63.3,57.6,68.3,2,0
VIL_037,33,82.82,467.3,34.0,68.4,1.0,11,7,7,59.8,50.2,69.7,4,0
VIL_037,34,88.09,484.8,35.5,75.9,1.0,8,8,4,56.7,46.7,67.0,2,0
VIL_037,35,68.55,374.7,33.3,55.9,0.965,13,6,2,63.5,57.5,68.7,3,0
VIL_037,36,67.03,335.9,33.7,58.4,0.861,17,7,4,65.0,60.5,71.8,1,0
VIL_037,37,51.25,228.1,33.0,41.2,0.67,6,4,1,61.1,55.7,65.0,1,0
VIL_037,38,31.61,124.6,31.0,42.7,0.412,15,3,2,62.4,63.8,76.2,4,1
VIL_037,39,33.54,121.9,29.8,46.0,0.427,18,4,6,58.6,53.1,73.6,1,0
VIL_037,40,26.67,68.1,26.8,44.9,0.376,15,1,4,57.7,48.0,71.0,5,1
VIL_037,41,17.02,16.1,25.2,32.7,0.23,12,2,4,64.1,53.8,66.4,2,1
VIL_037,42,10.63,-25.8,24.0,31.5,0.04,6,0,3,60.5,55.9,64.2,4,1
VIL_037,43,11.73,-12.3,24.7,31.5,0.162,4,3,1,61.3,51.2,78.2,2,0
VIL_037,44,14.77,-4.8,26.2,40.8,0.216,6,1,1,59.6,52.8,68.6,2,0
VIL_037,45,9.48,-50.4,21.7,32.8,0.124,3,1,4,64.2,59.5,68.2,5,1
VIL_037,46,7.81,-50.7,22.5,38.8,0.186,1,3,5,67.4,61.7,66.3,2,0
VIL_037,47,10.32,-31.4,21.0,38.5,0.155,5,1,2,59.4,51.5,67.4,3,0
VIL_037,48,6.69,-44.1,19.6,35.7,0.09,0,1,11,60.2,50.4,68.2,2,1
VIL_037,49,5.03,-81.6,18.5,30.6,0.112,1,1,4,62.2,56.8,68.5,1,1
VIL_037,50,5.74,-65.5,17.6,30.0,0.19,2,3,5,61.4,55.4,70.9,11,0
VIL_037,51,6.7,-52.4,17.1,36.3,0.082,4,1,7,54.0,49.8,75.5,4,0
VIL_037,52,6.44,-41.6,18.0,37.4,0.139,2,1,6,58.6,50.0,67.8,1,0
VIL_037,53,7.75,-55.0,18.1,34.2,0.195,1,0,9,61.2,53.4,68.4,2,0
VIL_037,54,6.61,-64.1,16.5,43.8,0.077,0,3,6,56.0,47.9,68.9,2,0
VIL_037,55,3.7,-68.7,16.5,40.0,0.0,0,4,11,60.4,55.7,71.9,1,0
VIL_037,56,6.58,-78.9,16.6,44.2,0.11,1,2,5,60.9,56.3,71.9,1,0
VIL_037,57,4.28,-77.1,18.9,48.6,0.124,6,4,4,57.6,50.7,64.5,3,0
VIL_037,58,5.96,-54.4,19.2,40.6,0.065,1,2,2,62.7,59.7,66.3,2,0
VIL_037,59,5.77,-58.0,20.5,36.2,0.132,0,3,3,60.3,55.1,68.4,4,0
VIL_037,60,6.13,-57.1,18.5,43.2,0.039,2,1,7,63.0,61.8,68.0,4,0
VIL_037,61,7.31,-67.6,19.6,53.8,0.085,0,3,9,64.4,56.8,70.3,7,0
VIL_037,62,8.56,-55.7,23.3,48.2,0.109,2,0,1,61.0,55.3,65.3,5,0
VIL_037,63,7.21,-38.5,23.9,47.2,0.089,4,2,2,57.1,47.4,67.6,4,1
VIL_037,64,7.33,-52.0,22.3,46.3,0.055,2,2,6,62.6,55.0,68.8,2,0
VIL_037,65,4.95,-69.2,23.5,47.4,0.049,5,0,4,59.2,53.8,71.6,2,0
VIL_037,66,5.14,-73.6,26.1,45.3,0.0,5,3,4,57.6,54.6,72.1,2,0
VIL_037,67,5.6,-62.5,28.5,45.8,0.109,2,4,2,61.5,53.5,65.2,0,1
VIL_037,68,12.57,-21.1,27.1,55.2,0.169,3,2,3,65.7,57.9,68.0,1,1
VIL_037,69,12.41,-8.7,29.5,60.9,0.223,5,6,2,66.2,59.2,65.2,1,0
VIL_037,70,9.37,-48.1,31.9,45.2,0.12,4,1,5,55.5,47.9,67.7,0,1
VIL_037,71,11.84,-12.7,31.4,47.0,0.068,3,2,4,58.2,60.8,73.9,3,0
VIL_037,72,22.59,67.1,32.6,51.6,0.317,3,4,1,57.0,57.5,64.4,4,0
VIL_037,73,18.99,32.8,35.3,57.5,0.22,6,2,3,60.9,57.3,69.3,3,0
VIL_037,74,31.12,95.1,34.0,59.3,0.468,5,1,3,65.5,62.4,68.7,3,0
VIL_037,75,26.65,85.9,36.8,51.9,0.345,2,1,2,65.4,55.3,73.2,2,0
VIL_037,76,42.71,179.9,35.7,57.9,0.67,3,5,4,63.8,55.6,70.5,9,1
VIL_037,77,48.86,220.5,35.0,68.1,0.607,6,3,3,56.3,48.7,71.9,3,0
VIL_037,78,72.15,382.4,37.4,72.4,0.974,0,7,2,53.4,48.6,73.1,1,0
VIL_037,79,74.26,392.6,36.2,72.0,1.0,4,11,1,62.9,58.4,69.0,3,1
VIL_037,80,83.7,453.4,35.6,67.0,1.0,4,5,4,60.9,60.3,73.0,3,0
VIL_037,81,72.3,388.9,39.3,71.9,0.897,4,11,2,59.9,54.2,73.8,4,1
VIL_037,82,105.05,601.5,37.2,83.9,1.0,2,9,4,56.8,49.1,63.9,2,0
VIL_037,83,90.53,484.4,36.0,76.0,1.0,7,11,3,60.0,51.5,74.7,4,1
VIL_037,84,66.56,354.0,35.5,63.0,0.853,4,3,5,59.8,54.5,67.2,2,0
VIL_037,85,94.54,542.3,37.1,79.4,1.0,2,3,3,58.7,55.7,69.1,2,0
VIL_037,86,83.79,464.6,36.4,60.5,1.0,7,7,2,63.7,51.4,61.0,2,0
VIL_037,87,67.4,356.0,33.0,55.7,0.913,13,5,3,58.3,54.1,67.6,1,1
VIL_037,88,60.27,299.6,33.0,64.1,0.783,12,5,3,59.1,49.7,63.6,1,1
VIL_037,89,45.98,194.6,31.2,43.7,0.59,24,2,4,70.3,61.5,74.8,3,0
VIL_037,90,50.73,240.0,31.5,47.6,0.649,22,2,5,55.6,52.9,66.3,3,1
VIL_037,91,40.08,182.7,29.0,50.1,0.58,19,3,2,63.0,54.2,70.6,2,0
VIL_037,92,25.55,73.0,25.9,38.0,0.266,15,0,2,65.6,56.8,75.2,4,0
VIL_037,93,27.94,102.9,25.8,39.3,0.33,12,3,2,65.3,58.2,67.9,4,0
VIL_037,94,20.34,52.7,27.0,41.8,0.197,14,1,3,60.4,53.1,71.0,1,1
VIL_037,95,10.86,-27.9,23.7,28.8,0.174,7,1,0,62.6,55.6,73.2,3,1
VIL_037,96,14.31,-9.3,24.4,31.2,0.266,0,0,0,66.1,58.4,66.5,0,0
VIL_037,97,9.16,-43.3,22.8,34.4,0.151,7,1,6,64.7,60.3,78.0,3,0
VIL_037,98,7.03,-54.4,20.5,31.7,0.126,1,0,6,54.7,43.3,76.1,2,0
VIL_037,99,5.96,-70.0,20.2,35.5,0.053,2,0,7,55.1,56.2,67.8,3,0
VIL_037,100,12.59,-10.5,18.8,33.0,0.192,1,3,4,61.7,56.9,75.6,1,0
VIL_037,101,3.76,-65.4,18.3,33.0,0.013,1,2,5,62.9,54.3,69.1,2,0
VIL_037,102,8.93,-59.0,16.0,35.6,0.09,2,1,4,56.1,49.1,63.1,0,1
VIL_037,103,7.25,-33.8,17.5,34.7,0.095,2,2,10,63.0,58.7,70.9,2,0
VIL_037,104,7.43,-55.7,16.6,32.4,0.101,1,2,6,64.2,62.8,70.2,5,0
VIL_038,1,5.17,-61.8,16.1,38.6,0.108,2,0,2,56.6,57.0,74.8,0,0
VIL_038,2,5.81,-65.6,15.0,37.9,0.074,1,0,6,61.8,54.2,74.7,1,0
VIL_038,3,9.11,-55.3,16.5,48.5,0.12,1,0,6,61.1,64.1,72.9,3,0
VIL_038,4,8.85,-39.8,17.0,41.8,0.154,2,0,4,61.5,56.3,66.8,4,0
VIL_038,5,5.33,-68.6,18.6,44.4,0.098,2,3,6,64.4,57.7,75.4,2,1
VIL_038,6,6.08,-65.3,17.9,46.0,0.059,2,3,6,63.1,56.3,66.4,4,0
VIL_038,7,8.03,-57.1,19.2,45.8,0.133,3,1,2,63.7,57.9,71.7,1,0
VIL_038,8,6.08,-39.3,18.6,42.4,0.068,0,3,7,63.3,57.0,70.7,1,1
VIL_038,9,6.22,-83.1,20.3,37.2,0.065,1,1,5,62.6,53.4,66.8,0,0
VIL_038,10,5.79,-83.0,19.2,51.2,0.04,1,0,1,60.6,56.5,70.2,3,0
VIL_038,11,12.12,-14.0,21.6,46.3,0.125,2,2,2,66.0,58.3,73.3,3,0
VIL_038,12,8.17,-40.9,20.2,56.8,0.122,0,1,6,64.0,59.6,71.1,0,0
VIL_038,13,9.11,-53.2,23.2,47.0,0.045,1,0,4,62.0,58.9,61.7,3,0
VIL_038,14,5.8,-67.3,24.3,53.0,0.0,3,1,2,67.1,53.6,70.1,1,0
VIL_038,15,5.2,-59.0,27.7,48.0,0.061,1,3,2,57.5,50.9,76.1,2,0
VIL_038,16,7.6,-52.1,28.6,54.8,0.102,3,2,0,63.7,58.8,70.0,3,1
VIL_038,17,8.57,-34.9,30.7,50.2,0.062,2,2,3,64.3,54.0,74.6,3,1
VIL_038,18,9.84,-34.8,29.0,50.7,0.219,2,1,1,59.0,47.5,67.8,2,1
VIL_038,19,10.75,-33.6,32.6,44.0,0.106,0,2,3,63.1,53.2,73.4,1,0
VIL_038,20,13.6,-23.9,32.0,52.3,0.149,2,1,2,58.1,46.9,63.7,2,0
VIL_038,21,16.19,7.3,35.8,53.4,0.179,1,2,2,66.7,63.3,66.4,3,0
VIL_038,22,19.89,26.2,34.3,51.3,0.313,2,2,3,66.3,57.9,68.1,2,0
VIL_038,23,29.02,103.4,37.2,58.6,0.472,1,5,0,61.8,58.6,71.3,3,0
VIL_038,24,43.39,198.8,39.3,61.9,0.53,1,2,1,60.4,54.7,69.2,1,0
VIL_038,25,38.92,157.0,36.9,61.7,0.561,3,6,3,62.1,58.3,66.4,2,0
VIL_038,26,57.98,286.2,38.8,65.7,0.786,2,7,5,63.7,55.6,63.1,5,0
VIL_038,27,89.28,491.5,36.5,84.1,1.0,3,5,1,59.0,56.6,68.8,3,0
VIL_038,28,68.63,352.2,38.6,69.2,0.928,1,13,0,56.1,48.1,71.6,4,0
VIL_038,29,83.57,446.5,36.9,82.6,1.0,2,10,0,62.1,59.9,67.5,1,1
VIL_038,30,104.98,600.5,37.4,82.6,1.0,4,7,1,61.3,52.0,71.1,0,0
VIL_038,31,119.91,696.5,37.0,89.9,1.0,6,8,0,60.4,55.9,70.6,2,1
VIL_038,32,109.62,645.7,35.6,81.5,1.0,6,13,2,65.4,57.2,73.9,1,1
VIL_038,33,82.41,445.9,33.5,68.0,1.0,8,9,3,63.3,54.7,71.1,1,1
VIL_038,34,82.62,474.9,32.9,66.8,1.0,17,4,4,71.2,57.8,79.1,2,0
VIL_038,35,66.7,362.7,35.0,68.4,0.892,7,9,0,68.0,64.3,75.0,3,0
VIL_038,36,70.7,364.1,32.9,69.9,0.893,14,2,0,56.5,50.3,69.7,0,0
VIL_038,37,46.57,209.7,32.8,48.5,0.622,13,4,3,60.2,59.7,66.4,3,1
VIL_038,38,49.35,213.5,29.9,55.7,0.554,8,1,1,65.5,59.2,73.5,2,0
VIL_038,39,21.29,37.7,29.0,35.1,0.327,9,5,4,69.5,64.7,76.7,6,0
VIL_038,40,24.38,66.3,27.8,38.9,0.284,8,3,2,60.4,56.5,62.8,3,1
VIL_038,41,22.79,54.0,25.0,42.6,0.399,7,3,0,69.6,65.2,66.2,0,1
VIL_038,42,9.14,-47.2,25.4,28.9,0.168,7,1,1,58.9,50.4,75.7,3,0
VIL_038,43,8.37,-45.0,24.2,25.8,0.117,4,2,3,63.4,58.4,73.0,0,0
VIL_038,44,14.17,-0.5,23.4,35.1,0.174,1,1,1,66.6,65.5,72.0,3,0
VIL_038,45,12.81,-15.8,22.1,29.9,0.149,3,1,3,68.3,62.9,67.2,4,0
VIL_038,46,7.85,-34.2,23.0,31.6,0.086,5,2,1,61.3,51.0,68.4,2,1
VIL_038,47,6.93,-54.7,19.7,33.1,0.092,2,0,7,65.4,58.4,74.4,0,0
VIL_038,48,5.06,-82.2,20.5,34.6,0.047,6,1,7,61.8,51.2,69.4,0,0
VIL_038,49,8.29,-60.7,19.1,37.3,0.138,3,0,2,62.4,50.2,68.9,3,1
VIL_038,50,11.11,-29.7,18.2,38.2,0.222,1,1,3,63.2,51.5,65.7,3,1
VIL_038,51,10.15,-44.3,18.6,41.1,0.14,1,2,3,67.3,61.3,72.2,2,1
VIL_038,52,9.97,-49.7,16.9,45.0,0.188,2,4,7,62.7,61.8,77.4,2,0
VIL_038,53,8.26,-49.2,16.4,42.5,0.044,1,1,9,58.3,53.9,66.4,2,0
VIL_038,54,9.28,-30.2,16.6,45.1,0.141,2,0,6,65.6,58.2,61.4,0,0
VIL_038,55,8.82,-45.8,17.3,38.2,0.122,0,4,4,64.0,57.3,70.6,1,1
VIL_038,56,8.69,-38.8,15.1,43.8,0.046,2,3,2,58.9,54.5,77.5,2,0
VIL_038,57,4.97,-52.5,17.4,43.8,0.053,3,1,5,65.4,57.0,68.0,2,0
VIL_038,58,6.32,-54.0,19.0,53.2,0.127,1,0,4,62.1,52.5,68.8,0,0
VIL_038,59,5.94,-69.7,18.7,35.8,0.0,1,6,3,63.6,52.0,71.4,1,0
VIL_038,60,6.38,-57.7,19.7,49.2,0.075,4,0,4,63.9,60.3,72.3,1,0
VIL_038,61,6.27,-62.6,20.9,48.6,0.061,2,1,2,59.7,54.3,76.3,2,0
VIL_038,62,9.26,-33.2,21.4,51.4,0.137,2,2,3,64.9,56.2,75.3,2,0
VIL_038,63,11.36,-22.4,20.4,44.6,0.197,0,2,4,60.2,52.8,76.9,0,1
VIL_038,64,5.54,-65.9,25.2,48.3,0.109,3,2,2,63.7,58.6,72.3,2,0
VIL_038,65,6.87,-53.4,27.7,55.9,0.14,0,1,3,60.1,53.9,78.8,1,1
VIL_038,66,12.66,-18.8,27.6,46.7,0.228,3,3,0,60.4,56.8,74.3,0,0
VIL_038,67,6.07,-75.5,26.7,50.8,0.063,3,1,4,63.8,58.2,73.2,2,0
VIL_038,68,12.08,-38.9,27.1,48.4,0.04,1,1,0,55.1,56.0,62.6,0,0
VIL_038,69,9.77,-26.2,31.2,56.0,0.164,4,1,2,58.9,51.6,74.2,3,1
VIL_038,70,12.78,-4.5,30.7,53.6,0.12,3,1,0,60.3,57.3,67.6,2,0
VIL_038,71,17.51,18.6,32.8,53.9,0.248,0,2,1,67.2,58.0,71.2,3,1
VIL_038,72,17.11,23.5,31.5,48.1,0.157,1,6,2,61.5,56.2,64.5,4,0
VIL_038,73,25.4,86.5,34.2,53.8,0.302,2,6,2,68.9,56.9,76.0,2,0
VIL_038,74,30.19,96.7,34.9,54.3,0.432,1,3,4,62.0,54.9,65.5,0,1
VIL_038,75,42.8,178.0,36.9,57.6,0.549,1,0,1,59.8,50.7,73.5,1,0
VIL_038,76,40.15,175.0,36.8,58.0,0.452,1,4,2,59.3,52.7,69.6,3,0
VIL_038,77,64.36,343.0,36.6,61.8,0.79,2,3,1,62.6,57.0,68.0,3,1
VIL_038,78,56.62,270.7,39.0,67.4,0.811,2,11,3,57.2,48.7,63.2,2,1
VIL_038,79,93.59,538.7,36.6,80.1,1.0,4,6,3,59.9,54.4,71.1,0,1
VIL_038,80,80.58,433.4,38.8,71.3,1.0,1,6,1,69.0,63.8,74.3,0,1
VIL_038,81,107.55,619.3,37.6,80.6,1.0,1,9,7,63.3,53.8,75.0,2,0
VIL_038,82,83.26,451.5,37.6,74.8,1.0,1,18,3,62.7,55.7,65.9,2,1
VIL_038,83,92.39,518.4,39.9,84.3,1.0,2,5,2,59.4,54.7,77.8,0,1
VIL_038,84,86.13,463.7,33.3,71.2,1.0,7,7,1,64.7,56.1,68.3,0,0
VIL_038,85,62.6,327.6,33.6,65.2,0.796,16,6,1,61.4,53.9,62.8,1,0
VIL_038,86,48.39,206.3,35.9,54.0,0.551,3,2,3,54.3,51.8,69.2,1,0
VIL_038,87,67.99,343.9,34.7,60.1,0.945,7,6,2,64.6,54.6,67.2,0,0
VIL_038,88,49.95,246.0,32.8,58.9,0.67,14,4,3,65.3,55.6,65.8,1,0
VIL_038,89,57.06,303.0,33.0,47.3,0.77,9,0,4,65.1,68.7,64.4,4,0
VIL_038,90,42.26,176.4,29.2,47.0,0.582,8,1,2,55.3,56.7,72.0,0,1
VIL_038,91,21.48,58.5,31.7,34.4,0.199,5,4,1,59.5,49.5,75.2,2,1
VIL_038,92,27.32,95.1,29.9,39.9,0.359,5,0,0,64.9,55.6,64.4,4,1
VIL_038,93,22.93,56.9,29.0,31.9,0.318,5,3,2,63.1,57.4,68.7,1,0
VIL_038,94,24.97,61.7,23.9,41.0,0.331,4,2,2,57.5,47.4,70.6,1,0
VIL_038,95,12.22,-4.5,25.9,25.3,0.16,7,0,2,61.2,54.9,71.3,2,0
VIL_038,96,7.77,-50.1,23.5,32.6,0.161,4,2,2,66.9,59.2,62.8,0,0
VIL_038,97,8.01,-41.9,25.2,28.8,0.129,5,3,3,61.2,56.2,75.9,2,0
VIL_038,98,9.25,-60.0,21.6,34.0,0.155,1,0,5,62.2,57.8,72.1,1,1
VIL_038,99,8.63,-46.5,19.3,29.9,0.107,2,2,4,65.5,58.4,71.5,1,0
VIL_038,100,6.01,-66.0,20.2,28.9,0.0,0,2,1,63.2,54.3,67.1,3,1
VIL_038,101,5.96,-59.0,16.7,39.7,0.063,1,0,2,58.7,56.7,67.2,1,0
VIL_038,102,9.29,-41.2,19.4,42.9,0.123,0,3,2,60.1,55.5,69.0,3,0
VIL_038,103,6.37,-62.6,17.1,31.2,0.075,3,2,2,65.8,58.7,70.0,1,0
VIL_038,104,6.76,-55.0,17.1,37.8,0.086,2,1,6,60.9,56.9,72.0,1,0
VIL_039,1,4.07,-86.0,16.8,36.6,0.08,3,2,5,51.3,43.7,66.2,2,0
VIL_039,2,10.14,-29.0,18.4,45.1,0.143,2,1,3,48.8,43.0,74.0,1,1
VIL_039,3,8.22,-48.7,15.9,38.7,0.15,2,2,11,43.4,40.7,64.2,1,0
VIL_039,4,8.72,-53.3,15.9,40.0,0.084,1,1,4,49.5,42.9,67.4,0,1
VIL_039,5,5.31,-84.5,18.6,42.9,0.0,1,0,8,45.7,47.1,72.1,4,0
VIL_039,6,7.79,-32.8,18.9,40.3,0.063,4,0,6,45.2,39.6,67.5,2,1
VIL_039,7,8.23,-34.4,20.4,48.9,0.119,2,4,3,46.2,43.1,71.5,1,0
VIL_039,8,4.51,-78.8,17.7,37.6,0.178,2,3,4,49.7,43.6,73.7,2,0
VIL_039,9,5.79,-64.4,21.2,42.1,0.075,4,1,2,50.9,47.8,64.6,0,0
VIL_039,10,9.77,-31.5,21.9,45.9,0.17,1,1,5,49.5,44.2,70.7,3,1
VIL_039,11,6.26,-54.4,23.5,47.3,0.166,5,1,1,48.5,40.8,67.9,0,1
VIL_039,12,7.26,-52.3,23.9,48.1,0.147,0,4,3,45.3,36.9,71.2,1,1
VIL_039,13,10.77,-34.1,25.8,60.4,0.184,8,2,3,51.8,47.6,73.4,2,1
VIL_039,14,10.85,-15.7,24.5,51.0,0.172,3,1,3,45.9,37.0,69.4,0,0
VIL_039,15,6.65,-69.0,27.8,47.3,0.045,1,4,3,45.1,38.6,70.9,4,1
VIL_039,16,12.06,-30.9,28.0,49.2,0.204,3,2,4,42.3,33.9,66.5,4,0
VIL_039,17,6.29,-56.2,30.2,49.5,0.13,1,0,5,50.3,40.9,66.6,2,0
VIL_039,18,8.01,-47.2,29.8,41.3,0.0,4,0,4,46.9,45.5,63.8,1,0
VIL_039,19,13.26,-18.4,31.9,43.7,0.191,6,1,0,49.7,42.7,69.3,2,0
VIL_039,20,14.42,-23.6,33.2,38.9,0.18,5,1,3,42.5,39.7,66.4,4,0
VIL_039,21,18.25,27.5,34.0,47.0,0.201,2,3,1,43.0,36.2,64.4,0,0
VIL_039,22,22.78,39.8,34.8,59.0,0.315,2,3,2,46.0,40.4,71.7,2,1
VIL_039,23,31.25,103.1,34.3,53.1,0.401,1,2,2,47.8,47.4,68.6,3,1
VIL_039,24,44.32,203.6,35.4,54.7,0.676,4,0,2,45.6,39.9,65.4,2,1
VIL_039,25,54.52,261.0,33.9,65.6,0.738,5,3,0,44.5,37.5,72.1,0,1
VIL_039,26,54.79,250.8,36.5,68.7,0.671,4,4,1,44.4,37.4,66.0,1,1
VIL_039,27,80.4,427.5,37.2,77.2,1.0,5,2,4,43.8,39.7,76.8,1,1
VIL_039,28,77.01,430.1,37.0,74.6,0.966,2,4,5,46.1,36.0,69.5,0,1
VIL_039,29,104.49,593.6,35.7,90.3,1.0,4,4,2,43.7,43.1,60.4,1,0
VIL_039,30,99.31,558.8,37.8,80.1,1.0,4,9,1,55.2,49.1,77.3,1,0
VIL_039,31,97.47,557.9,36.8,74.0,1.0,5,4,2,48.0,43.2,71.7,2,1
VIL_039,32,109.82,626.9,36.0,86.7,1.0,4,1,2,45.3,40.2,69.9,1,1
VIL_039,33,114.28,688.0,34.5,85.5,1.0,7,5,3,50.0,46.8,67.3,1,1
VIL_039,34,85.54,473.0,33.5,66.6,1.0,8,0,1,42.4,36.8,69.5,3,1
VIL_039,35,67.35,354.8,34.5,53.2,0.873,9,5,5,48.5,46.0,71.0,2,1
VIL_039,36,64.18,316.7,33.7,62.2,0.933,14,1,5,51.3,39.7,63.1,1,1
VIL_039,37,55.63,266.7,30.9,49.4,0.768,23,2,2,41.0,31.3,63.2,2,0
VIL_039,38,30.57,108.5,28.5,42.1,0.35,15,1,1,51.0,47.8,66.6,2,1
VIL_039,39,25.36,70.7,29.8,36.1,0.391,8,1,3,50.8,52.2,71.8,0,0
VIL_039,40,26.66,73.2,30.8,43.4,0.388,12,1,3,41.8,40.5,70.9,3,1
VIL_039,41,15.21,7.0,25.9,35.5,0.113,13,0,0,53.3,47.8,70.9,2,0
VIL_039,42,10.73,-18.8,25.7,32.5,0.201,6,0,1,42.1,37.5,69.8,3,0
VIL_039,43,11.51,-4.4,24.8,32.5,0.223,2,1,1,48.1,43.5,69.7,3,1
VIL_039,44,12.43,-25.9,23.4,26.1,0.14,0,1,1,47.1,41.4,68.7,2,1
VIL_039,45,7.98,-21.9,23.9,31.2,0.133,2,5,0,50.0,44.8,72.4,5,0
VIL_039,46,8.33,-26.8,20.1,29.6,0.213,0,2,5,43.2,38.5,69.0,2,0
VIL_039,47,6.12,-39.8,22.1,31.9,0.043,2,2,3,50.2,41.7,66.4,3,0
VIL_039,48,6.72,-58.4,19.5,31.8,0.165,0,2,5,44.2,37.1,68.4,2,0
VIL_039,49,8.4,-39.2,19.3,28.7,0.179,2,1,1,44.9,41.3,72.7,2,1
VIL_039,50,6.29,-50.5,18.3,34.4,0.034,3,0,4,54.4,46.7,67.9,2,0
VIL_039,51,5.61,-68.8,17.5,28.8,0.0,0,5,6,49.9,43.4,67.9,2,0
VIL_039,52,9.24,-51.1,16.7,42.5,0.094,4,2,5,49.3,43.8,69.9,3,0
VIL_039,53,5.82,-67.8,16.8,39.8,0.028,2,1,4,47.8,40.0,70.2,2,0
VIL_039,54,8.37,-38.4,19.4,37.7,0.076,0,4,4,53.0,48.6,74.7,1,0
VIL_039,55,6.19,-62.0,18.5,38.1,0.124,1,3,2,48.5,52.4,67.2,2,1
VIL_039,56,7.43,-28.3,17.2,33.1,0.133,0,2,2,43.0,35.1,64.1,2,0
VIL_039,57,5.37,-59.3,18.6,42.6,0.108,1,3,1,48.1,46.9,71.0,4,1
VIL_039,58,11.71,-15.9,18.9,44.4,0.141,0,2,5,43.4,42.5,67.3,1,0
VIL_039,59,9.39,-43.8,16.3,53.0,0.265,1,1,8,43.9,45.2,72.5,5,0
VIL_039,60,6.24,-54.8,18.9,46.0,0.167,1,2,3,42.8,35.7,73.5,2,1
VIL_039,61,9.82,-36.2,18.6,53.0,0.145,1,0,4,44.1,38.8,70.9,3,1
VIL_039,62,5.58,-72.3,21.4,46.3,0.109,4,0,4,48.4,42.5,71.4,1,0
VIL_039,63,7.43,-49.9,23.8,53.1,0.114,6,1,1,47.9,42.4,65.1,1,1
VIL_039,64,8.85,-22.9,24.2,46.0,0.131,0,4,1,44.6,40.3,72.7,2,1
VIL_039,65,7.92,-56.6,24.8,51.1,0.151,3,1,1,48.3,44.4,75.4,1,1
VIL_039,66,8.32,-56.0,25.0,47.6,0.11,5,2,2,49.9,46.5,66.2,1,0
VIL_039,67,9.18,-57.4,25.1,54.7,0.094,3,3,3,44.1,37.8,68.9,3,1
VIL_039,68,6.49,-82.7,28.8,44.7,0.103,2,2,0,48.6,41.3,67.1,1,0
VIL_039,69,10.26,-18.6,29.4,47.6,0.116,6,2,2,51.6,43.8,67.1,1,0
VIL_039,70,10.49,-20.3,30.8,50.8,0.127,3,1,0,45.7,42.1,61.8,1,1
VIL_039,71,12.94,5.0,31.5,47.2,0.102,4,2,3,43.9,38.2,67.6,2,0
VIL_039,72,28.65,91.8,32.8,60.4,0.403,2,2,2,44.1,37.8,66.2,3,0
VIL_039,73,21.32,36.0,33.3,54.6,0.301,3,3,2,46.7,37.7,67.4,3,0
VIL_039,74,34.49,125.6,34.7,67.9,0.473,2,4,0,54.3,52.6,67.6,1,1
VIL_039,75,33.32,120.3,34.9,61.8,0.428,4,2,2,50.3,38.2,65.9,1,1
VIL_039,76,47.02,219.7,37.4,63.7,0.644,1,6,0,49.0,42.0,75.0,1,0
VIL_039,77,42.9,200.0,35.9,56.8,0.585,3,6,2,47.0,46.4,68.9,0,0
VIL_039,78,68.21,372.0,39.3,73.1,0.882,1,1,1,45.4,44.4,66.4,2,0
VIL_039,79,65.36,339.5,37.7,66.8,0.931,0,7,2,45.1,40.0,71.6,1,1
VIL_039,80,74.35,390.3,35.3,78.4,0.917,5,4,3,48.1,43.9,69.5,2,0
VIL_039,81,105.99,611.5,39.8,85.4,1.0,2,3,2,56.3,48.6,71.8,1,1
VIL_039,82,54.88,257.5,39.0,54.1,0.75,1,9,4,41.9,36.5,68.2,0,1
VIL_039,83,101.35,569.0,33.7,81.2,1.0,13,2,1,46.1,40.4,66.4,1,0
VIL_039,84,70.84,379.9,35.8,66.0,0.928,3,2,2,50.6,46.3,74.0,2,1
VIL_039,85,87.07,471.5,32.9,72.4,1.0,10,0,1,50.3,44.1,67.1,5,1
VIL_039,86,61.37,304.2,32.9,61.8,0.797,12,3,1,44.5,38.8,67.9,1,1
VIL_039,87,66.76,330.2,32.6,55.7,0.93,17,2,2,47.9,40.4,60.0,1,1
VIL_039,88,62.77,316.0,33.4,58.0,0.848,9,1,1,46.2,40.3,69.6,2,0
VIL_039,89,49.11,243.0,31.6,46.0,0.612,7,2,2,52.8,43.6,63.6,4,0
VIL_039,90,49.29,235.5,31.4,38.3,0.656,12,2,1,45.3,47.8,70.9,3,1
VIL_039,91,23.29,60.4,30.9,35.1,0.31,9,3,2,44.2,36.0,68.9,2,1
VIL_039,92,38.21,147.6,26.4,40.6,0.564,15,2,2,44.2,41.1,67.3,3,0
VIL_039,93,27.32,78.0,27.8,44.8,0.289,11,1,1,44.1,40.5,69.2,3,1
VIL_039,94,17.92,-1.6,26.8,34.8,0.24,11,1,1,49.1,44.4,69.0,6,1
VIL_039,95,13.29,-4.0,22.6,32.6,0.2,3,0,4,47.3,43.0,60.3,0,0
VIL_039,96,12.29,-10.6,25.8,33.1,0.101,13,3,0,49.1,43.8,68.4,3,0
VIL_039,97,12.53,-9.4,23.0,34.2,0.111,2,2,0,48.0,45.1,66.4,2,0
VIL_039,98,6.84,-40.7,21.4,37.9,0.08,2,3,4,45.2,39.1,65.8,3,0
VIL_039,99,7.06,-49.2,20.0,27.9,0.027,4,2,2,50.8,41.3,75.4,4,1
VIL_039,100,8.57,-55.8,22.1,25.4,0.09,5,3,1,46.1,43.1,65.6,0,0
VIL_039,101,7.44,-48.9,17.5,32.5,0.068,0,2,2,48.1,45.6,66.7,2,0
VIL_039,102,7.68,-36.5,21.3,34.5,0.141,1,2,3,45.7,47.1,62.0,1,0
VIL_039,103,3.86,-70.1,14.5,35.4,0.058,3,2,2,49.8,45.3,67.9,1,1
VIL_039,104,11.09,-24.4,16.3,46.0,0.215,1,4,7,52.3,45.8,60.4,1,1
VIL_040,1,7.97,-57.9,19.0,35.4,0.055,1,1,6,44.4,37.3,53.7,0,0
VIL_040,2,6.43,-71.6,18.0,32.7,0.145,1,4,3,48.9,41.7,46.1,3,0
VIL_040,3,5.69,-47.1,18.6,30.3,0.039,1,4,3,51.1,42.0,48.5,4,0
VIL_040,4,7.19,-56.0,19.3,39.5,0.079,0,2,2,49.2,43.6,45.4,4,0
VIL_040,5,4.11,-80.1,19.5,43.3,0.04,2,0,3,41.8,35.7,49.0,0,1
VIL_040,6,12.02,9.2,18.1,46.3,0.131,2,1,2,43.6,43.8,48.2,2,0
VIL_040,7,10.58,-19.6,19.1,46.2,0.156,2,1,4,45.1,37.3,49.0,3,0
VIL_040,8,9.08,-46.7,19.7,49.9,0.21,1,0,3,45.8,41.1,50.8,1,1
VIL_040,9,6.07,-52.2,21.5,48.6,0.109,2,3,6,43.5,41.6,47.8,4,0
VIL_040,10,5.76,-77.6,21.7,43.1,0.118,2,3,4,48.8,46.1,52.4,3,0
VIL_040,11,7.7,-51.9,22.5,49.2,0.054,1,2,0,41.4,38.4,50.9,4,1
VIL_040,12,7.68,-57.2,23.3,48.8,0.121,3,4,1,44.9,39.3,48.4,3,0
VIL_040,13,5.32,-60.3,24.4,45.2,0.139,3,4,3,42.9,39.6,48.9,2,0
VIL_040,14,5.61,-46.1,26.2,53.5,0.063,5,3,1,49.4,48.2,55.7,1,0
VIL_040,15,8.54,-60.0,28.6,46.1,0.114,3,3,2,43.2,40.9,49.3,0,0
VIL_040,16,6.08,-40.9,27.1,45.4,0.119,5,3,7,42.3,35.9,51.6,1,0
VIL_040,17,9.12,-31.7,29.5,47.0,0.198,3,1,1,47.9,47.1,47.6,1,0
VIL_040,18,13.56,-19.6,31.0,54.3,0.24,0,3,0,46.3,42.6,43.0,0,0
VIL_040,19,9.69,-45.2,33.6,52.4,0.066,4,1,3,42.8,43.8,43.4,1,1
VIL_040,20,12.68,-22.6,32.2,54.2,0.186,6,1,1,41.8,37.9,47.2,1,1
VIL_040,21,15.03,-8.4,32.7,52.2,0.17,3,4,4,41.1,36.9,43.7,1,0
VIL_040,22,19.99,24.9,36.3,50.3,0.251,3,1,2,43.2,35.7,40.5,1,1
VIL_040,23,29.13,76.1,35.8,58.1,0.323,1,1,1,46.6,43.0,50.7,1,0
VIL_040,24,33.37,120.5,35.3,56.7,0.432,1,5,3,48.9,47.4,52.0,2,0
VIL_040,25,47.83,226.3,37.6,60.8,0.595,1,5,1,44.9,40.7,50.6,3,0
VIL_040,26,40.32,163.1,34.5,54.5,0.53,2,3,7,50.5,46.2,43.3,1,1
VIL_040,27,71.04,376.6,36.9,69.8,0.972,6,6,0,46.2,44.4,52.0,4,0
VIL_040,28,68.58,368.4,37.4,66.2,0.928,2,7,2,47.8,42.8,51.0,3,1
VIL_040,29,69.79,350.3,37.6,69.2,0.975,1,6,3,44.1,39.1,49.5,1,0
VIL_040,30,103.07,580.5,35.7,82.1,1.0,3,9,3,44.3,37.6,42.8,3,0
VIL_040,31,66.66,329.3,35.3,65.6,0.804,5,9,0,39.1,38.1,44.9,2,0
VIL_040,32,97.78,537.9,37.7,80.2,1.0,3,7,2,41.3,36.0,42.1,1,1
VIL_040,33,89.45,509.9,35.2,73.1,1.0,8,11,2,43.6,44.1,49.8,2,1
VIL_040,34,68.71,353.0,34.7,60.1,0.946,10,12,4,45.3,37.1,51.1,0,0
VIL_040,35,64.75,336.3,32.8,55.5,0.89,15,11,0,40.9,38.3,49.4,1,0
VIL_040,36,60.92,307.8,31.6,56.2,0.825,17,4,2,41.7,35.8,46.5,0,0
VIL_040,37,48.95,233.4,31.0,51.3,0.702,12,4,2,45.2,45.9,43.0,1,1
VIL_040,38,42.27,183.3,32.0,41.0,0.531,8,3,1,46.8,40.0,46.6,1,1
VIL_040,39,31.79,113.0,28.6,33.9,0.463,10,4,1,44.0,40.5,60.5,1,0
VIL_040,40,27.25,66.9,27.9,38.1,0.381,11,2,2,46.9,43.9,47.2,2,0
VIL_040,41,24.8,65.7,28.9,33.9,0.337,8,2,2,48.4,51.6,39.7,1,0
VIL_040,42,17.45,16.6,28.4,38.1,0.208,9,2,4,41.8,38.4,44.2,0,1
VIL_040,43,14.99,-9.5,22.8,38.4,0.212,5,3,0,43.2,43.4,42.7,1,0
VIL_040,44,10.08,-53.5,20.9,27.1,0.124,3,0,1,49.0,44.3,49.2,2,0
VIL_040,45,7.47,-47.8,21.5,23.7,0.142,2,2,4,39.1,32.7,42.0,0,1
VIL_040,46,8.73,-29.6,20.1,34.2,0.093,4,0,3,48.5,45.9,52.9,1,0
VIL_040,47,7.47,-67.9,20.9,32.9,0.048,6,1,7,46.5,38.9,51.7,2,0
VIL_040,48,6.87,-55.9,19.5,34.3,0.12,2,3,3,48.3,44.6,46.1,4,0
VIL_040,49,5.18,-87.8,18.6,36.0,0.174,0,2,3,39.1,30.2,47.9,1,0
VIL_040,50,6.04,-53.2,19.2,32.8,0.093,4,6,4,46.4,45.2,57.6,2,1
VIL_040,51,6.87,-42.3,15.1,35.3,0.084,0,3,7,47.7,42.3,47.1,3,0
VIL_040,52,5.18,-66.5,16.5,39.6,0.158,0,2,4,47.1,39.0,46.4,2,0
VIL_040,53,6.43,-50.9,16.9,40.0,0.109,0,4,4,43.4,32.4,52.2,5,1
VIL_040,54,7.52,-49.2,18.2,48.2,0.093,0,3,7,43.6,41.5,50.3,1,1
VIL_040,55,5.77,-71.3,17.0,41.5,0.163,1,2,3,50.8,41.9,41.1,5,0
VIL_040,56,5.97,-61.6,17.8,42.6,0.043,2,3,6,45.3,41.0,47.4,2,0
VIL_040,57,6.57,-56.5,17.3,46.5,0.071,1,5,6,46.4,42.0,43.9,2,0
VIL_040,58,4.93,-68.6,18.1,51.4,0.083,0,2,8,49.0,46.6,46.5,1,0
VIL_040,59,7.57,-45.9,18.4,48.3,0.242,5,2,1,43.5,45.1,49.3,3,0
VIL_040,60,6.65,-54.3,19.2,44.7,0.042,1,2,4,45.8,39.7,45.7,1,0
VIL_040,61,5.97,-62.2,20.5,43.6,0.023,1,0,3,52.0,49.2,40.6,2,0
VIL_040,62,7.48,-56.5,23.1,48.2,0.111,1,3,1,45.5,41.3,49.3,2,0
VIL_040,63,5.25,-60.0,22.8,42.6,0.144,2,0,5,39.9,34.3,49.1,3,1
VIL_040,64,4.93,-62.8,23.2,49.8,0.111,1,2,7,44.6,35.5,51.3,2,0
VIL_040,65,5.56,-61.1,25.3,48.9,0.041,1,2,2,39.1,36.0,47.8,1,0
VIL_040,66,5.9,-69.0,26.0,50.0,0.021,3,0,4,43.8,37.2,53.9,0,0
VIL_040,67,6.6,-67.3,27.7,41.1,0.055,3,2,5,45.5,32.9,44.6,1,0
VIL_040,68,8.78,-34.7,27.7,54.5,0.122,1,3,2,42.8,34.6,50.0,4,1
VIL_040,69,7.67,-57.8,30.0,43.7,0.118,2,5,2,46.1,40.7,37.9,4,1
VIL_040,70,10.31,-34.6,31.2,44.0,0.125,2,3,2,49.7,46.6,47.5,1,0
VIL_040,71,11.31,-40.2,29.9,40.8,0.137,2,3,4,49.0,42.1,44.4,2,1
VIL_040,72,18.86,30.1,32.2,49.5,0.238,2,2,4,45.2,42.4,47.4,4,1
VIL_040,73,23.19,42.2,33.4,53.8,0.339,0,3,3,41.9,36.7,54.2,2,0
VIL_040,74,32.65,104.8,34.1,56.6,0.453,3,4,3,51.1,49.3,49.0,2,0
VIL_040,75,29.36,85.8,34.0,57.1,0.423,0,2,0,38.7,23.8,51.4,3,0
VIL_040,76,43.75,196.0,32.9,65.5,0.6,5,5,3,46.5,45.4,52.8,4,1
VIL_040,77,55.62,268.7,37.6,70.6,0.648,0,2,1,45.6,41.7,45.2,2,0
VIL_040,78,62.45,310.0,34.1,66.4,0.833,8,2,2,44.3,38.0,50.4,2,0
VIL_040,79,81.51,459.9,39.3,75.2,1.0,0,9,3,41.2,37.6,50.9,3,1
VIL_040,80,73.05,392.2,36.7,69.8,1.0,4,8,2,40.4,38.0,35.8,5,0
VIL_040,81,81.26,421.8,36.1,71.6,1.0,4,6,2,45.8,40.6,40.8,2,0
VIL_040,82,78.42,414.1,34.8,78.8,0.95,7,10,1,46.1,44.4,51.1,1,1
VIL_040,83,119.28,675.4,34.4,91.2,1.0,7,13,0,44.0,36.4,45.6,2,0
VIL_040,84,77.87,414.4,34.8,70.3,1.0,10,9,2,51.8,46.1,48.3,4,0
VIL_040,85,94.77,542.2,35.5,78.5,1.0,9,9,3,42.0,35.6,53.1,2,1
VIL_040,86,63.62,326.6,36.2,64.2,0.868,2,9,2,51.4,44.5,50.6,2,1
VIL_040,87,77.5,414.3,31.8,64.6,1.0,24,6,2,43.9,40.3,51.8,1,1
VIL_040,88,53.22,250.1,33.1,54.8,0.687,7,5,3,50.1,44.9,45.3,1,1
VIL_040,89,55.13,270.7,29.4,55.6,0.743,27,7,1,41.2,35.5,46.3,2,0
VIL_040,90,50.33,218.6,29.5,44.2,0.618,14,5,3,40.7,33.7,52.9,4,0
VIL_040,91,35.66,136.5,30.0,41.0,0.55,11,1,3,42.0,38.0,52.0,8,1
VIL_040,92,30.29,103.6,27.0,39.5,0.371,11,0,1,41.8,39.9,46.2,5,0
VIL_040,93,24.43,50.1,28.9,41.2,0.265,8,2,1,53.9,53.0,48.5,2,0
VIL_040,94,16.85,3.5,26.7,47.7,0.244,10,2,1,44.5,38.4,50.5,1,0
VIL_040,95,14.65,17.3,25.2,31.2,0.154,5,6,1,40.6,35.5,49.1,2,0
VIL_040,96,11.83,-15.8,22.8,30.1,0.217,7,2,3,47.0,37.2,49.4,4,0
VIL_040,97,12.47,-33.9,21.3,34.8,0.067,5,2,2,44.9,36.4,42.0,2,0
VIL_040,98,8.06,-53.8,20.8,24.6,0.025,0,1,3,37.8,36.3,43.1,3,0
VIL_040,99,6.73,-55.4,20.7,24.6,0.071,2,5,7,40.7,31.6,50.7,0,0
VIL_040,100,6.34,-34.6,19.8,31.9,0.091,2,2,1,51.8,46.3,55.4,3,1
VIL_040,101,6.79,-45.8,17.8,31.6,0.054,1,3,5,49.0,45.3,42.8,2,1
VIL_040,102,7.04,-42.2,17.3,39.4,0.081,2,1,2,44.3,37.3,45.1,3,0
VIL_040,103,7.35,-47.0,15.8,34.8,0.184,3,1,5,44.0,41.6,45.9,0,1
VIL_040,104,5.81,-71.1,20.0,31.5,0.042,0,3,4,52.0,50.7,41.6,2,0
VIL_041,1,7.33,-52.3,17.2,32.1,0.138,2,2,1,36.1,37.8,44.0,0,1
VIL_041,2,5.54,-51.2,15.5,39.3,0.078,0,0,0,34.1,34.8,42.6,2,1
VIL_041,3,5.92,-66.8,16.2,39.0,0.061,0,1,2,36.8,35.7,47.9,0,1
VIL_041,4,5.69,-58.0,18.0,47.3,0.162,0,0,3,39.8,37.6,45.0,3,0
VIL_041,5,9.48,-45.1,20.0,39.3,0.035,0,0,1,35.2,30.1,38.7,0,1
VIL_041,6,10.04,-41.2,17.4,42.0,0.165,0,0,0,35.4,30.1,39.3,0,1
VIL_041,7,5.15,-52.5,17.6,42.7,0.139,1,1,2,36.7,30.7,41.5,0,1
VIL_041,8,11.86,-0.1,20.9,51.2,0.084,0,2,1,33.6,24.7,39.9,2,0
VIL_041,9,6.29,-59.7,20.7,42.1,0.082,0,0,1,36.7,35.3,44.2,1,0
VIL_041,10,8.9,-50.7,20.9,52.6,0.142,0,0,0,36.0,31.8,47.7,0,0
VIL_041,11,6.78,-54.9,22.1,45.8,0.047,0,0,0,36.3,25.7,40.4,0,1
VIL_041,12,5.95,-68.0,23.3,41.6,0.108,1,0,0,42.1,39.6,52.5,1,1
VIL_041,13,12.38,-4.5,25.5,47.7,0.236,1,0,1,38.5,35.4,38.0,0,1
VIL_041,14,6.71,-49.3,26.1,42.9,0.126,0,0,2,31.5,31.7,43.2,2,1
VIL_041,15,9.74,-29.2,25.2,44.6,0.224,2,0,1,36.5,33.0,48.3,0,1
VIL_041,16,7.6,-50.5,28.1,56.2,0.049,0,0,1,38.1,34.4,40.9,1,1
VIL_041,17,6.86,-61.5,31.6,48.3,0.08,1,0,1,39.4,34.0,31.9,2,1
VIL_041,18,6.76,-44.4,31.9,51.5,0.014,0,0,0,41.9,42.0,46.3,1,1
VIL_041,19,19.51,29.0,33.2,51.3,0.237,0,0,0,41.4,35.2,40.6,0,0
VIL_041,20,16.29,-1.7,31.7,53.1,0.243,0,0,1,36.3,33.3,45.1,0,0
VIL_041,21,23.16,69.9,34.1,50.0,0.322,0,1,1,37.6,29.8,42.1,0,1
VIL_041,22,24.67,89.2,35.6,59.9,0.301,0,1,0,40.8,33.1,46.8,1,0
VIL_041,23,21.6,45.6,35.3,49.4,0.282,1,1,1,40.2,36.1,40.3,1,0
VIL_041,24,34.63,134.4,37.3,52.5,0.363,0,0,0,45.6,43.1,41.7,0,1
VIL_041,25,44.25,213.1,35.3,54.4,0.592,2,3,1,38.4,34.1,38.6,1,0
VIL_041,26,69.49,360.3,37.0,66.4,1.0,0,0,0,42.7,39.3,42.8,2,0
VIL_041,27,71.14,385.5,36.2,65.5,0.871,1,2,0,36.5,27.7,42.3,0,0
VIL_041,28,87.64,478.6,38.8,84.5,1.0,1,0,0,36.6,35.1,46.7,0,0
VIL_041,29,77.8,423.5,36.9,70.6,1.0,0,2,0,38.1,37.5,47.6,1,0
VIL_041,30,91.3,499.0,36.5,75.9,1.0,1,1,1,42.1,34.6,42.7,1,0
VIL_041,31,60.07,297.9,35.0,73.6,0.791,1,1,0,35.2,33.0,46.7,1,0
VIL_041,32,84.43,446.3,36.8,77.6,1.0,0,1,1,34.2,28.6,46.6,1,1
VIL_041,33,65.12,339.1,35.8,55.9,0.998,2,1,0,46.2,43.2,44.5,0,0
VIL_041,34,97.96,557.0,34.5,81.9,1.0,1,0,0,35.1,35.0,44.3,2,0
VIL_041,35,74.08,383.7,34.4,62.4,1.0,2,2,0,39.8,30.8,39.9,0,0
VIL_041,36,62.21,336.7,34.0,56.7,0.771,1,1,0,37.8,34.1,40.9,1,0
VIL_041,37,38.01,154.1,31.9,42.3,0.525,4,1,0,35.5,33.5,45.3,0,0
VIL_041,38,36.2,139.9,31.1,42.8,0.467,4,0,0,36.2,35.1,40.2,0,0
VIL_041,39,34.67,121.4,30.0,40.0,0.479,0,0,0,37.2,32.6,40.1,0,1
VIL_041,40,20.32,43.2,26.1,33.8,0.295,3,0,2,29.7,27.4,43.4,1,1
VIL_041,41,17.04,4.6,27.6,31.9,0.216,2,0,0,41.1,36.0,40.6,1,0
VIL_041,42,19.39,36.9,23.8,36.9,0.323,1,0,0,41.4,34.1,39.1,0,1
VIL_041,43,9.84,-43.2,24.6,32.6,0.159,3,1,1,37.9,31.7,40.6,0,0
VIL_041,44,7.97,-42.5,24.1,30.7,0.07,1,2,0,30.4,24.6,44.5,0,0
VIL_041,45,7.05,-54.9,20.2,36.2,0.032,0,0,2,32.6,26.9,46.6,1,1
VIL_041,46,7.57,-41.7,21.4,35.6,0.173,1,0,0,37.1,32.9,46.6,0,0
VIL_041,47,8.44,-56.8,19.9,37.9,0.168,1,0,0,40.6,36.5,52.6,0,0
VIL_041,48,7.4,-46.1,19.2,30.0,0.113,1,0,2,39.7,34.9,44.0,0,0
VIL_041,49,9.1,-49.2,19.7,30.3,0.056,0,1,1,39.6,33.9,39.6,1,1
VIL_041,50,7.54,-56.2,20.4,36.3,0.086,0,1,0,46.2,39.8,43.8,0,0
VIL_041,51,6.88,-48.3,18.5,37.7,0.118,0,0,0,43.7,39.0,37.0,0,0
VIL_041,52,6.84,-53.9,17.3,33.2,0.045,0,1,1,40.2,40.1,42.5,1,0
VIL_041,53,5.21,-61.6,15.5,38.9,0.164,1,0,1,36.9,36.9,47.7,2,0
VIL_041,54,9.42,-29.7,18.6,34.0,0.065,1,0,1,34.8,30.1,44.5,0,0
VIL_041,55,6.23,-56.8,16.9,39.1,0.024,2,0,0,41.2,38.2,47.6,0,0
VIL_041,56,5.74,-63.1,15.3,36.2,0.088,0,2,4,41.6,41.4,40.5,0,0
VIL_041,57,4.92,-77.2,16.3,43.8,0.129,0,0,1,41.6,32.9,37.1,1,0
VIL_041,58,5.64,-40.5,16.6,46.7,0.0,0,1,1,38.4,35.0,40.2,0,0
VIL_041,59,5.64,-57.0,17.4,36.1,0.033,0,0,1,48.0,43.8,46.9,0,1
VIL_041,60,5.43,-63.8,20.7,32.8,0.0,0,0,0,37.8,35.8,34.9,0,0
VIL_041,61,5.87,-64.1,20.6,52.5,0.144,2,0,0,34.0,31.1,46.6,0,0
VIL_041,62,4.74,-66.3,22.0,41.5,0.021,3,0,2,40.1,40.7,42.7,1,0
VIL_041,63,7.04,-53.1,19.0,45.7,0.177,0,1,3,47.3,41.6,38.2,0,1
VIL_041,64,4.99,-61.4,24.4,43.0,0.0,0,0,2,35.2,31.7,39.6,1,1
VIL_041,65,4.37,-76.6,25.4,51.8,0.005,1,0,0,38.2,32.1,45.3,0,1
VIL_041,66,6.32,-41.0,23.6,51.9,0.066,1,0,0,45.0,49.4,50.2,0,0
VIL_041,67,11.84,-14.1,25.5,49.5,0.181,0,0,0,39.6,40.8,46.1,0,1
VIL_041,68,8.12,-64.0,29.6,51.5,0.111,0,1,1,40.6,34.5,45.0,0,1
VIL_041,69,12.48,-14.0,28.7,51.7,0.134,0,0,0,34.0,30.8,45.7,0,0
VIL_041,70,12.22,-10.5,31.8,51.2,0.041,0,0,1,46.4,37.8,47.1,0,1
VIL_041,71,16.18,-5.3,31.7,53.8,0.202,1,0,0,34.4,31.2,49.6,0,1
VIL_041,72,21.73,55.9,32.1,53.3,0.28,0,0,0,41.8,38.3,47.1,1,0
VIL_041,73,22.98,59.5,33.5,51.1,0.282,0,1,0,38.3,31.6,41.9,1,0
VIL_041,74,28.74,78.5,32.1,58.6,0.45,0,0,0,38.8,35.0,41.3,1,1
VIL_041,75,35.83,137.1,35.7,58.2,0.465,0,1,1,35.0,30.5,41.9,0,0
VIL_041,76,37.64,139.5,34.4,57.3,0.574,0,2,1,41.3,34.4,49.6,1,0
VIL_041,77,47.1,222.4,34.2,61.4,0.653,1,2,0,42.4,36.0,47.4,1,1
VIL_041,78,65.16,324.2,34.9,66.3,0.896,1,2,3,41.1,32.2,41.0,0,0
VIL_041,79,79.24,419.0,35.8,69.3,1.0,0,1,0,40.4,33.9,42.2,0,0
VIL_041,80,79.33,429.7,37.7,70.9,1.0,0,1,1,39.6,39.5,38.0,1,0
VIL_041,81,81.96,467.1,36.0,74.5,1.0,1,2,0,33.8,27.5,34.9,0,1
VIL_041,82,86.09,486.1,37.6,74.1,1.0,0,0,1,37.9,35.6,45.6,1,1
VIL_041,83,95.35,525.8,37.4,73.7,1.0,1,1,0,41.9,38.7,49.2,0,0
VIL_041,84,92.71,505.8,37.0,70.0,1.0,2,1,0,41.3,39.7,45.9,2,0
VIL_041,85,94.51,524.2,37.4,70.8,1.0,0,3,1,38.0,31.9,46.6,0,1
VIL_041,86,75.65,390.3,35.1,64.6,1.0,3,2,1,35.7,30.4,43.5,1,1
VIL_041,87,69.95,374.2,34.3,68.1,0.97,0,2,0,33.2,28.0,45.0,0,0
VIL_041,88,76.43,416.1,31.9,59.5,1.0,2,1,0,45.5,42.9,42.8,0,1
VIL_041,89,69.09,369.7,28.9,63.0,0.905,7,2,1,32.5,27.1,44.9,0,0
VIL_041,90,44.01,193.9,30.9,41.7,0.55,5,1,1,36.3,32.2,45.8,2,0
VIL_041,91,48.33,223.4,27.8,52.3,0.642,6,1,2,40.4,34.8,45.5,0,1
VIL_041,92,32.5,106.0,26.5,38.5,0.48,3,3,0,40.8,37.1,38.4,0,1
VIL_041,93,26.0,76.1,25.6,37.7,0.274,2,0,0,31.7,29.6,48.8,1,1
VIL_041,94,12.19,-6.1,26.6,34.2,0.164,3,2,2,41.7,31.1,39.9,1,1
VIL_041,95,11.22,-29.5,25.8,31.6,0.05,1,0,3,36.6,30.0,43.8,0,1
VIL_041,96,13.21,-7.8,23.6,33.7,0.105,1,0,0,32.2,32.5,45.2,2,1
VIL_041,97,9.36,-36.9,21.0,31.8,0.179,1,0,1,41.0,30.2,51.4,0,1
VIL_041,98,9.89,-39.4,21.0,39.9,0.145,1,0,1,40.2,42.0,44.4,0,1
VIL_041,99,8.81,-36.1,22.1,27.7,0.061,0,0,0,33.0,27.8,45.2,0,0
VIL_041,100,10.96,-8.8,19.2,34.2,0.178,0,0,0,41.0,39.5,42.6,1,1
VIL_041,101,9.99,-19.6,18.2,35.4,0.103,0,1,2,38.3,35.1,45.9,2,0
VIL_041,102,7.32,-59.6,19.8,31.6,0.119,0,1,1,38.2,34.1,45.5,1,0
VIL_041,103,7.34,-49.9,20.4,39.5,0.12,0,0,0,33.4,27.8,46.7,1,1
VIL_041,104,6.87,-46.9,16.9,35.5,0.125,0,1,2,42.6,37.9,42.0,1,1
VIL_042,1,5.27,-68.8,15.5,37.0,0.086,4,0,5,46.3,37.9,52.8,1,0
VIL_042,2,5.78,-57.4,15.6,41.4,0.134,1,0,4,43.4,36.5,53.9,2,0
VIL_042,3,7.2,-66.3,16.4,39.3,0.144,2,2,6,45.7,40.7,54.9,0,1
VIL_042,4,7.14,-46.8,16.7,38.3,0.067,2,1,7,40.7,36.4,59.2,3,1
VIL_042,5,7.61,-25.8,18.2,43.9,0.183,0,2,0,48.6,46.2,62.6,0,1
VIL_042,6,8.89,-20.6,19.7,43.4,0.175,1,3,3,36.0,33.5,51.2,1,0
VIL_042,7,6.36,-54.6,19.8,42.1,0.021,1,2,5,40.3,37.6,51.3,3,1
VIL_042,8,5.23,-77.6,18.7,51.4,0.033,2,2,3,46.0,43.9,55.3,0,1
VIL_042,9,5.18,-51.6,19.7,50.0,0.075,2,1,4,37.4,34.5,64.0,1,1
VIL_042,10,4.66,-70.8,24.3,46.8,0.137,3,1,3,48.2,41.5,52.4,3,0
VIL_042,11,6.26,-44.1,20.5,45.5,0.093,4,1,1,41.6,36.3,59.2,0,1
VIL_042,12,7.2,-59.6,24.6,46.5,0.181,0,0,1,41.1,38.8,49.1,0,1
VIL_042,13,7.27,-57.4,23.6,45.2,0.185,2,0,1,41.2,42.4,53.7,1,1
VIL_042,14,5.19,-60.6,26.7,44.7,0.095,2,1,4,44.2,40.6,56.2,0,0
VIL_042,15,4.69,-75.6,28.4,46.9,0.132,4,4,1,39.5,40.6,53.3,2,0
VIL_042,16,9.47,-18.1,28.4,39.5,0.187,2,4,3,38.2,36.2,60.2,4,1
VIL_042,17,9.22,-32.9,30.7,54.6,0.147,3,1,1,39.6,35.7,55.7,1,1
VIL_042,18,14.22,12.5,34.5,52.6,0.273,2,1,1,39.8,39.4,53.7,1,0
VIL_042,19,11.38,-35.5,30.0,45.5,0.189,2,1,4,40.9,37.0,50.6,4,1
VIL_042,20,11.02,-35.3,34.0,53.7,0.261,2,0,0,39.5,34.0,54.5,2,1
VIL_042,21,23.5,83.9,35.0,55.9,0.494,3,2,0,42.7,34.1,55.8,5,1
VIL_042,22,24.53,47.4,32.8,56.0,0.568,1,4,1,38.5,35.6,53.1,3,1
VIL_042,23,32.44,129.8,35.7,54.5,0.646,0,1,1,46.6,39.0,53.5,2,1
VIL_042,24,32.38,117.9,35.7,56.8,0.667,1,4,0,46.4,45.8,54.3,1,1
VIL_042,25,46.47,205.6,37.1,53.9,0.945,1,6,4,41.2,37.2,56.3,2,1
VIL_042,26,51.87,255.7,37.0,63.4,1.0,0,3,2,36.1,32.0,55.2,1,1
VIL_042,27,74.8,415.0,38.0,71.0,1.0,0,3,2,45.3,37.9,58.8,2,1
VIL_042,28,105.27,602.5,36.0,90.2,1.0,3,3,1,41.9,36.3,56.1,2,1
VIL_042,29,68.07,356.6,39.5,65.1,1.0,0,6,0,42.9,37.1,53.5,3,1
VIL_042,30,87.83,487.2,37.0,73.1,1.0,2,4,2,38.9,31.3,60.2,0,1
VIL_042,31,104.53,596.1,38.3,87.3,1.0,4,6,0,45.3,40.4,54.8,1,1
VIL_042,32,83.92,442.8,36.4,75.7,1.0,7,9,1,37.3,34.3,52.8,1,1
VIL_042,33,73.4,380.7,36.8,68.2,1.0,5,5,1,38.9,37.8,46.3,1,0
VIL_042,34,77.38,428.3,34.5,68.0,1.0,6,5,1,46.3,38.1,55.0,2,1
VIL_042,35,64.81,326.8,35.1,61.9,1.0,6,8,2,37.2,31.5,61.8,0,1
VIL_042,36,71.44,365.9,31.5,60.9,1.0,21,2,0,45.8,37.1,55.7,3,1
VIL_042,37,51.1,237.1,32.9,47.7,1.0,7,6,1,43.6,43.5,56.1,0,0
VIL_042,38,43.66,188.6,29.7,48.4,0.864,15,5,0,38.4,34.5,55.3,1,1
VIL_042,39,25.5,55.7,29.2,30.9,0.516,9,0,7,43.4,41.9,57.3,1,1
VIL_042,40,26.41,74.4,26.9,43.5,0.539,16,0,3,43.1,34.7,64.2,1,1
VIL_042,41,18.98,27.5,26.2,34.2,0.393,8,1,1,38.8,33.5,50.0,4,0
VIL_042,42,17.32,8.3,25.4,33.3,0.289,7,0,3,46.2,38.8,41.1,4,0
VIL_042,43,13.84,-4.5,25.3,28.8,0.301,1,1,0,45.6,41.1,57.2,1,1
VIL_042,44,7.23,-23.9,23.9,35.0,0.059,4,4,1,39.3,35.0,54.1,1,1
VIL_042,45,9.09,-42.5,21.9,34.2,0.162,3,1,3,40.6,34.2,52.7,5,1
VIL_042,46,8.01,-58.9,22.0,32.5,0.144,1,0,2,42.4,40.6,55.7,1,0
VIL_042,47,13.92,3.3,21.0,37.5,0.282,1,2,1,41.3,37.8,56.8,2,1
VIL_042,48,8.5,-33.6,19.1,34.0,0.167,0,5,3,41.9,35.0,62.1,1,1
VIL_042,49,6.08,-48.0,18.3,36.7,0.136,0,3,5,48.6,44.3,58.4,2,1
VIL_042,50,20.4,39.5,17.7,40.3,0.342,0,2,4,46.5,37.8,60.4,1,0
VIL_042,51,4.97,-72.7,20.1,35.2,0.102,0,1,2,38.8,31.6,58.4,2,1
VIL_042,52,8.34,-42.8,16.5,40.2,0.123,0,2,8,45.2,42.1,53.0,0,1
VIL_042,53,5.13,-71.5,18.4,31.9,0.119,0,2,7,40.8,35.6,60.8,1,1
VIL_042,54,5.35,-50.9,16.1,33.7,0.195,2,2,7,44.4,38.6,56.7,3,1
VIL_042,55,8.55,-33.0,16.6,49.0,0.177,0,1,3,47.0,46.2,49.8,2,1
VIL_042,56,5.03,-82.3,17.9,37.6,0.179,0,1,3,45.8,42.3,63.4,0,1
VIL_042,57,4.81,-72.4,18.5,48.2,0.109,1,1,7,41.8,36.6,63.6,1,1
VIL_042,58,6.4,-49.0,18.6,42.5,0.096,2,0,4,41.6,39.3,51.2,2,1
VIL_042,59,5.76,-73.8,19.6,40.1,0.127,3,0,2,47.2,41.3,51.6,2,1
VIL_042,60,6.41,-57.0,20.3,50.5,0.026,1,0,1,40.9,37.9,54.5,2,1
VIL_042,61,6.66,-73.2,21.1,49.0,0.146,1,3,1,39.0,34.7,50.0,1,1
VIL_042,62,5.22,-69.2,20.7,49.4,0.168,2,2,1,45.9,42.0,59.4,0,0
VIL_042,63,4.64,-69.4,22.0,41.9,0.043,2,1,2,41.9,34.7,44.1,1,0
VIL_042,64,12.18,-30.5,23.5,52.6,0.298,5,1,2,41.5,35.7,53.2,0,0
VIL_042,65,6.11,-58.0,26.0,35.8,0.077,0,2,3,36.4,31.9,50.6,2,0
VIL_042,66,6.01,-54.7,26.6,49.6,0.113,4,1,2,46.8,43.8,54.0,3,1
VIL_042,67,8.5,-52.6,27.1,45.6,0.117,3,2,2,41.5,36.6,59.9,2,1
VIL_042,68,9.18,-31.6,28.4,55.0,0.184,1,1,3,47.3,43.5,58.3,4,0
VIL_042,69,14.95,9.9,28.1,55.6,0.448,1,1,1,38.7,37.9,51.4,3,1
VIL_042,70,14.87,-2.9,30.3,52.0,0.268,1,6,1,45.9,45.2,57.1,1,1
VIL_042,71,13.4,-28.5,31.1,54.2,0.26,4,0,4,41.4,33.0,59.1,0,1
VIL_042,72,20.1,27.6,33.7,62.1,0.403,1,2,1,40.3,35.9,58.3,3,1
VIL_042,73,23.41,58.8,33.9,53.1,0.461,3,4,2,50.9,44.2,50.7,1,1
VIL_042,74,30.85,94.1,36.0,57.5,0.674,1,2,0,39.9,29.5,53.8,2,1
VIL_042,75,36.4,141.1,38.0,52.9,0.697,2,2,2,40.9,39.5,54.9,1,0
VIL_042,76,33.61,115.5,36.9,51.9,0.689,1,3,4,43.7,37.2,60.9,1,0
VIL_042,77,53.52,256.7,35.2,60.5,1.0,2,8,1,45.1,40.5,53.9,2,1
VIL_042,78,59.84,296.7,36.5,66.3,1.0,1,2,1,39.5,34.3,54.0,0,1
VIL_042,79,64.23,327.7,35.0,68.6,1.0,2,2,4,43.8,38.1,59.8,1,1
VIL_042,80,85.53,475.0,39.1,73.9,1.0,0,10,3,41.1,40.7,59.9,2,1
VIL_042,81,84.05,457.6,39.7,75.8,1.0,0,4,2,37.4,33.2,52.7,2,0
VIL_042,82,93.2,537.9,35.6,82.1,1.0,5,3,3,43.4,41.5,59.5,2,1
VIL_042,83,64.61,344.8,35.9,63.4,1.0,1,5,3,36.8,31.0,60.7,1,1
VIL_042,84,87.68,489.0,35.2,77.5,1.0,3,6,0,36.8,22.3,48.1,1,0
VIL_042,85,94.85,537.2,34.2,68.8,1.0,8,5,2,46.2,46.3,60.4,2,1
VIL_042,86,73.92,387.3,32.7,58.2,1.0,8,4,1,48.7,43.3,55.1,1,0
VIL_042,87,69.23,365.2,34.7,63.9,1.0,10,5,0,41.3,36.5,58.8,0,1
VIL_042,88,63.96,331.8,31.4,59.1,1.0,11,1,0,45.5,43.3,64.9,2,1
VIL_042,89,52.85,257.9,31.6,52.4,1.0,15,4,0,46.7,41.2,51.4,1,1
VIL_042,90,52.68,261.6,29.6,52.1,1.0,16,5,0,39.6,40.7,56.4,0,1
VIL_042,91,41.08,177.9,27.3,41.1,0.747,18,2,2,42.7,34.0,53.4,3,0
VIL_042,92,33.12,124.0,27.5,34.7,0.666,7,3,1,48.0,45.0,50.8,2,1
VIL_042,93,23.84,71.7,25.3,40.7,0.434,9,1,0,45.0,37.1,63.1,0,1
VIL_042,94,22.68,52.2,25.8,41.0,0.431,10,3,1,38.9,33.0,57.4,1,1
VIL_042,95,14.74,-7.8,25.3,30.3,0.301,1,0,1,41.1,35.3,58.0,2,1
VIL_042,96,17.38,21.5,24.1,26.4,0.415,2,1,0,40.0,37.8,55.7,0,0
VIL_042,97,9.9,-27.4,22.7,31.2,0.192,6,0,2,42.9,39.9,50.4,2,1
VIL_042,98,6.55,-60.0,22.1,28.1,0.082,1,2,0,36.5,31.4,53.5,0,1
VIL_042,99,7.47,-54.0,19.2,35.4,0.078,2,3,6,44.0,38.8,55.4,0,1
VIL_042,100,4.94,-65.7,19.1,28.0,0.045,0,2,2,42.5,37.8,56.9,3,1
VIL_042,101,4.07,-60.1,18.4,35.2,0.189,2,2,4,47.6,36.8,63.5,1,1
VIL_042,102,5.8,-66.3,16.4,34.8,0.088,2,2,6,40.9,32.3,54.1,1,1
VIL_042,103,6.49,-70.6,16.7,41.1,0.041,1,0,3,46.9,43.0,52.8,0,0
VIL_042,104,6.05,-74.4,16.0,39.1,0.136,0,1,2,39.6,30.6,55.8,1,1
VIL_043,1,6.68,-46.1,14.8,39.0,0.093,3,2,5,33.4,33.2,45.5,1,0
VIL_043,2,3.98,-80.9,18.0,38.4,0.115,2,1,4,40.0,38.7,34.1,2,0
VIL_043,3,5.75,-57.9,15.9,42.9,0.078,0,1,3,26.8,22.1,42.7,1,1
VIL_043,4,12.39,-7.6,18.8,39.3,0.213,0,1,6,28.7,23.8,39.9,3,1
VIL_043,5,6.12,-49.4,18.5,42.5,0.174,2,0,5,29.7,26.3,43.6,1,1
VIL_043,6,9.16,-39.4,17.5,43.5,0.072,3,1,7,34.8,29.5,43.8,1,1
VIL_043,7,5.88,-64.3,18.4,42.6,0.151,1,6,4,33.9,31.3,34.2,2,1
VIL_043,8,5.55,-63.1,19.0,47.8,0.121,1,3,5,31.0,33.9,47.3,0,0
VIL_043,9,5.08,-73.2,21.2,49.0,0.11,1,1,3,35.5,30.5,30.6,4,0
VIL_043,10,6.99,-48.0,19.6,50.5,0.221,3,3,3,31.1,25.7,42.3,3,1
VIL_043,11,4.94,-65.7,22.1,50.1,0.045,0,0,3,33.0,34.3,38.3,4,1
VIL_043,12,9.19,-63.2,24.0,50.4,0.125,3,2,2,32.0,27.6,37.6,1,1
VIL_043,13,5.61,-59.0,22.3,42.0,0.168,2,4,3,30.8,26.1,39.2,1,1
VIL_043,14,5.34,-69.3,24.2,46.7,0.096,3,1,3,26.9,22.3,41.6,2,1
VIL_043,15,7.4,-49.0,28.4,50.4,0.209,3,2,1,35.7,36.2,27.8,1,1
VIL_043,16,9.21,-23.4,25.9,49.9,0.217,4,3,1,31.5,30.4,37.8,1,0
VIL_043,17,9.09,-48.5,28.2,52.5,0.198,0,0,1,35.2,32.2,44.6,2,1
VIL_043,18,6.94,-57.7,32.5,48.6,0.128,1,1,1,38.3,39.8,36.4,4,1
VIL_043,19,12.5,-19.0,32.1,49.9,0.237,1,0,4,31.4,35.0,38.1,5,0
VIL_043,20,14.44,-16.8,34.2,46.5,0.388,4,2,2,31.7,33.3,43.0,1,0
VIL_043,21,19.17,28.8,32.7,49.9,0.353,4,2,0,38.3,30.2,41.2,1,1
VIL_043,22,26.71,82.4,32.8,58.1,0.586,5,1,4,30.7,23.0,38.5,2,1
VIL_043,23,30.29,98.1,35.3,53.6,0.56,0,1,2,36.2,39.2,48.4,1,1
VIL_043,24,47.49,222.1,36.4,65.5,0.905,1,5,2,33.4,28.4,46.5,2,1
VIL_043,25,44.61,212.3,34.4,52.7,0.901,1,2,1,32.2,29.0,42.5,1,1
VIL_043,26,65.81,331.8,36.7,65.8,1.0,3,6,1,42.8,40.4,31.4,0,1
VIL_043,27,51.54,242.1,35.9,54.3,1.0,3,5,4,34.7,29.3,41.3,1,1
VIL_043,28,66.66,341.5,37.1,58.0,1.0,0,9,0,25.9,21.6,37.0,2,1
VIL_043,29,82.0,464.4,38.1,66.3,1.0,2,7,6,34.5,31.0,47.4,1,1
VIL_043,30,63.92,331.8,36.4,62.8,1.0,3,7,3,32.2,26.3,35.9,3,1
VIL_043,31,91.57,521.2,37.8,82.0,1.0,1,6,1,35.6,27.4,38.7,1,1
VIL_043,32,118.46,687.8,35.6,82.1,1.0,6,9,2,34.2,27.7,42.2,3,0
VIL_043,33,75.86,423.7,36.3,66.4,1.0,5,9,1,28.7,24.6,39.7,1,1
VIL_043,34,77.4,426.0,35.5,65.3,1.0,3,8,3,32.6,27.7,37.2,3,1
VIL_043,35,57.24,272.7,34.4,55.6,1.0,5,7,3,32.0,25.9,40.7,2,1
VIL_043,36,67.87,340.5,32.9,59.2,1.0,10,2,0,29.2,27.7,37.1,0,1
VIL_043,37,47.14,214.8,33.8,46.5,0.97,5,5,1,34.2,35.5,42.6,1,1
VIL_043,38,37.6,155.9,30.8,35.1,0.674,15,3,0,28.8,25.0,42.2,1,1
VIL_043,39,29.88,95.5,30.3,42.3,0.589,8,4,2,25.7,20.3,35.0,0,1
VIL_043,40,25.22,60.8,26.4,41.7,0.559,10,4,1,30.4,24.3,40.8,2,0
VIL_043,41,14.31,5.1,27.9,32.1,0.214,5,1,1,26.5,20.8,40.0,2,1
VIL_043,42,15.44,6.6,27.0,33.2,0.342,2,1,3,36.0,30.7,39.5,0,1
VIL_043,43,13.13,-13.3,24.1,26.8,0.244,1,2,1,32.8,34.8,40.5,3,1
VIL_043,44,7.28,-58.8,25.0,27.8,0.174,2,4,4,28.7,26.3,43.5,2,0
VIL_043,45,5.18,-66.2,21.2,31.5,0.036,1,3,6,30.7,23.9,35.2,3,1
VIL_043,46,5.88,-68.4,20.2,26.4,0.184,0,1,1,37.9,35.0,38.8,1,0
VIL_043,47,7.95,-37.8,20.8,31.9,0.194,1,3,4,33.0,32.5,36.3,2,0
VIL_043,48,5.7,-54.5,19.9,40.8,0.072,1,3,2,35.9,31.3,39.5,4,0
VIL_043,49,6.15,-68.4,18.1,34.3,0.084,0,0,5,32.6,33.1,39.8,5,1
VIL_043,50,4.69,-77.9,16.7,29.3,0.157,3,4,4,31.4,26.7,38.0,3,0
VIL_043,51,6.56,-43.2,19.1,47.0,0.11,2,2,3,34.5,33.2,47.3,0,0
VIL_043,52,5.5,-55.3,15.4,38.0,0.068,2,2,5,32.2,31.7,41.1,0,0
VIL_043,53,11.92,-13.6,17.6,37.7,0.264,3,3,1,25.8,21.7,41.3,2,1
VIL_043,54,4.85,-56.3,16.0,38.2,0.129,3,1,8,35.4,36.6,45.7,3,1
VIL_043,55,5.13,-75.5,17.4,33.2,0.075,0,2,8,34.7,33.7,41.7,1,1
VIL_043,56,11.3,-26.8,17.1,40.9,0.298,0,2,5,33.1,31.7,38.2,2,0
VIL_043,57,4.99,-47.8,19.6,45.6,0.1,2,3,4,30.5,22.5,40.6,3,0
VIL_043,58,8.87,-25.7,19.8,40.2,0.223,2,1,2,35.1,34.7,37.8,4,1
VIL_043,59,7.67,-43.0,18.6,39.8,0.199,2,0,4,29.0,25.7,41.8,3,1
VIL_043,60,4.97,-64.8,20.9,48.7,0.033,1,2,2,33.8,31.3,35.7,4,1
VIL_043,61,6.18,-53.3,18.1,55.1,0.182,2,2,5,32.6,34.9,35.3,2,0
VIL_043,62,10.6,-30.1,21.2,51.4,0.263,2,0,5,32.4,31.8,40.8,1,1
VIL_043,63,7.21,-58.9,22.0,55.0,0.161,2,3,3,38.1,34.5,41.9,3,0
VIL_043,64,9.47,-44.9,21.0,44.9,0.069,0,1,3,27.7,20.2,43.3,0,1
VIL_043,65,8.11,-24.1,24.1,50.8,0.174,1,1,4,30.8,20.0,41.5,2,1
VIL_043,66,6.75,-60.9,27.2,52.9,0.09,5,1,1,36.0,36.0,37.8,0,1
VIL_043,67,6.9,-43.5,27.2,46.3,0.07,1,2,1,33.3,27.9,31.6,5,0
VIL_043,68,8.23,-66.7,28.8,45.0,0.157,5,0,4,37.6,32.8,43.6,2,1
VIL_043,69,7.81,-53.1,28.1,47.8,0.047,3,5,0,32.8,32.2,47.0,0,1
VIL_043,70,10.41,-31.7,29.5,50.5,0.203,0,1,2,31.8,30.0,46.5,0,1
VIL_043,71,10.8,-33.5,31.5,47.7,0.271,3,2,5,36.6,37.8,37.2,2,1
VIL_043,72,14.99,-7.8,33.1,50.8,0.327,1,1,1,30.2,27.9,39.3,2,1
VIL_043,73,19.27,37.9,34.4,46.3,0.444,1,4,5,37.2,33.8,40.7,3,1
VIL_043,74,34.16,131.2,34.5,59.0,0.667,2,4,5,38.1,35.2,40.3,3,0
VIL_043,75,32.38,110.4,34.6,58.9,0.67,1,4,2,28.8,25.5,39.3,2,1
VIL_043,76,41.31,169.1,35.2,60.3,0.772,4,6,3,35.6,30.9,44.4,0,1
VIL_043,77,58.07,273.6,35.5,63.3,1.0,2,3,3,31.0,26.4,37.6,1,1
VIL_043,78,61.65,299.9,35.8,60.6,1.0,2,9,2,29.4,32.8,41.2,2,1
VIL_043,79,71.59,366.6,35.9,71.2,1.0,2,5,2,32.5,28.0,36.6,1,1
VIL_043,80,77.9,414.8,37.6,70.5,1.0,2,8,2,35.9,31.7,43.0,1,1
VIL_043,81,74.92,430.2,37.0,76.5,1.0,3,8,0,29.3,28.1,42.6,2,1
VIL_043,82,73.33,383.4,37.3,73.8,1.0,1,6,1,29.6,20.9,33.9,1,0
VIL_043,83,106.2,603.5,36.0,76.0,1.0,1,12,3,36.0,31.2,37.0,1,1
VIL_043,84,95.08,528.3,35.8,75.8,1.0,6,8,0,34.9,33.9,46.8,1,1
VIL_043,85,63.09,325.1,33.0,56.9,1.0,8,9,4,32.7,29.2,45.3,0,0
VIL_043,86,87.99,473.8,35.4,66.8,1.0,7,4,2,29.1,20.0,44.7,1,0
VIL_043,87,68.89,349.2,34.1,60.5,1.0,4,3,3,34.8,33.1,39.9,2,1
VIL_043,88,59.28,306.2,32.8,52.6,1.0,10,2,1,33.4,25.1,34.9,3,1
VIL_043,89,61.51,312.7,32.7,52.8,1.0,7,4,4,35.2,31.9,33.9,3,1
VIL_043,90,38.77,160.2,32.6,40.6,0.742,6,5,1,27.5,20.6,44.1,3,1
VIL_043,91,42.19,190.2,28.5,51.5,0.963,11,2,2,33.8,29.3,37.4,5,1
VIL_043,92,37.79,152.4,29.9,43.1,0.837,7,4,3,29.3,24.8,44.9,0,0
VIL_043,93,25.86,60.5,28.5,37.8,0.503,10,1,2,30.0,26.3,41.4,2,1
VIL_043,94,17.19,19.6,25.3,38.9,0.422,6,2,1,37.4,33.6,39.0,1,1
VIL_043,95,16.36,14.7,23.3,32.6,0.305,2,1,4,36.2,31.1,37.8,2,1
VIL_043,96,14.78,-16.6,23.8,34.8,0.343,5,2,3,33.8,29.9,44.6,1,0
VIL_043,97,13.32,-8.1,23.7,30.5,0.279,4,3,1,36.1,38.9,39.6,4,1
VIL_043,98,6.77,-48.3,19.8,28.9,0.131,2,3,5,26.2,20.0,43.7,3,1
VIL_043,99,8.59,-35.8,18.9,33.2,0.121,2,3,3,32.8,27.9,45.7,1,1
VIL_043,100,5.45,-55.3,20.2,32.8,0.08,0,3,4,28.0,20.0,39.6,2,1
VIL_043,101,7.07,-48.8,18.9,36.9,0.172,1,1,1,33.8,34.0,35.0,0,0
VIL_043,102,8.04,-36.4,19.2,39.8,0.164,3,0,3,33.1,29.8,39.4,2,1
VIL_043,103,13.05,-23.0,18.0,38.9,0.244,2,3,2,32.7,24.8,34.2,2,1
VIL_043,104,4.92,-51.7,17.7,40.6,0.171,0,0,6,36.9,41.4,46.3,1,1
VIL_044,1,5.33,-73.0,16.6,41.3,0.124,3,3,6,60.0,56.4,57.0,1,1
VIL_044,2,10.63,-18.1,15.9,42.6,0.298,0,5,9,55.4,47.8,61.1,6,1
VIL_044,3,5.36,-69.4,17.2,34.0,0.01,2,2,6,58.9,51.6,61.8,2,0
VIL_044,4,11.67,-24.3,15.8,52.6,0.168,2,3,11,57.4,49.8,61.2,1,0
VIL_044,5,6.24,-59.1,17.9,33.0,0.147,4,2,10,59.5,56.9,58.3,2,1
VIL_044,6,6.08,-77.0,17.9,41.0,0.177,2,2,5,58.9,51.9,66.3,4,0
VIL_044,7,9.23,-32.7,18.9,43.8,0.191,2,3,4,59.3,56.9,56.2,6,1
VIL_044,8,6.05,-39.7,18.7,40.1,0.17,3,3,8,58.8,52.1,62.1,5,1
VIL_044,9,5.52,-66.9,21.1,53.0,0.076,5,2,5,58.0,51.6,60.2,4,0
VIL_044,10,3.51,-59.1,21.7,42.7,0.03,1,4,9,60.5,50.4,63.1,3,0
VIL_044,11,5.41,-94.2,23.3,43.0,0.111,4,1,4,69.0,58.9,63.3,4,1
VIL_044,12,5.71,-49.8,22.1,41.6,0.07,0,2,4,55.0,47.3,65.2,4,1
VIL_044,13,11.45,-40.3,25.3,55.7,0.205,1,4,4,61.9,57.7,64.9,2,0
VIL_044,14,5.41,-53.4,27.8,49.8,0.115,6,2,4,62.2,57.4,69.7,3,0
VIL_044,15,5.21,-79.4,26.8,48.8,0.097,8,3,3,56.1,46.1,61.2,0,1
VIL_044,16,14.0,10.4,29.6,56.2,0.278,5,1,2,65.2,58.0,61.8,2,0
VIL_044,17,6.67,-72.4,28.4,55.8,0.133,7,3,3,61.2,53.6,56.6,0,1
VIL_044,18,8.15,-35.0,31.2,45.8,0.251,2,4,3,54.7,44.2,59.1,3,1
VIL_044,19,19.66,26.9,31.8,53.3,0.44,1,2,1,62.3,52.2,62.8,4,0
VIL_044,20,15.75,0.4,33.1,48.5,0.391,2,8,4,54.0,47.8,53.2,10,1
VIL_044,21,19.39,27.5,32.6,52.1,0.313,5,7,4,55.3,46.5,59.0,6,1
VIL_044,22,25.81,70.3,35.8,45.8,0.634,4,4,4,60.6,49.6,55.9,3,1
VIL_044,23,20.95,48.9,33.7,46.7,0.484,2,3,4,59.1,57.1,63.4,3,1
VIL_044,24,42.58,186.8,35.5,57.6,0.927,1,6,1,54.3,51.7,65.5,4,0
VIL_044,25,53.67,261.3,35.8,67.5,1.0,2,4,2,53.1,42.6,64.2,4,1
VIL_044,26,76.07,413.0,36.0,70.8,1.0,8,5,4,59.2,56.2,61.6,5,0
VIL_044,27,68.01,334.3,35.7,74.7,1.0,4,13,1,61.3,57.1,58.9,2,1
VIL_044,28,77.55,439.4,37.1,69.4,1.0,1,8,2,59.4,55.6,70.0,3,1
VIL_044,29,97.14,545.0,35.0,83.7,1.0,9,11,2,58.6,50.9,55.3,2,1
VIL_044,30,123.42,719.6,37.4,93.0,1.0,5,11,6,56.3,54.4,60.6,5,1
VIL_044,31,98.53,555.2,35.6,78.1,1.0,16,7,0,57.4,55.3,63.9,2,1
VIL_044,32,90.8,509.4,36.1,73.0,1.0,9,15,3,56.9,54.4,55.2,1,1
VIL_044,33,90.04,517.9,35.4,75.9,1.0,13,3,2,60.5,51.3,58.5,1,1
VIL_044,34,63.95,339.7,33.0,57.5,1.0,22,15,5,54.2,49.9,58.4,1,1
VIL_044,35,77.84,425.9,34.5,69.4,1.0,12,14,4,63.8,48.2,61.0,2,1
VIL_044,36,54.52,255.8,34.7,53.5,1.0,10,10,2,64.8,58.5,53.5,4,0
VIL_044,37,47.59,214.6,32.6,52.3,0.984,15,7,2,55.7,53.1,59.9,1,1
VIL_044,38,39.43,158.2,28.5,39.1,0.731,23,7,4,57.9,55.4,56.8,4,1
VIL_044,39,37.47,142.8,29.8,37.0,0.792,21,7,5,62.4,55.5,62.0,5,1
VIL_044,40,23.5,85.1,26.9,34.5,0.462,19,4,2,60.6,56.5,54.7,3,1
VIL_044,41,19.96,43.0,24.5,38.2,0.355,7,1,5,59.2,53.7,61.9,6,0
VIL_044,42,9.42,-42.4,25.2,33.5,0.24,8,5,1,60.8,54.1,59.0,3,1
VIL_044,43,13.09,-11.8,23.4,34.5,0.217,5,3,5,66.0,56.5,61.0,4,1
VIL_044,44,13.05,4.2,23.4,38.6,0.241,6,1,4,55.9,50.4,60.4,5,1
VIL_044,45,11.46,-45.2,23.4,37.5,0.154,7,4,3,56.2,50.5,55.6,1,1
VIL_044,46,6.07,-68.2,21.1,25.8,0.055,4,2,6,60.1,47.6,52.1,5,0
VIL_044,47,7.08,-59.1,20.6,29.3,0.067,4,2,2,58.1,56.4,63.5,7,1
VIL_044,48,6.54,-67.8,18.1,29.5,0.179,1,5,11,55.6,50.5,58.9,2,0
VIL_044,49,6.73,-58.1,19.5,33.9,0.083,1,3,6,54.1,53.7,56.2,3,0
VIL_044,50,5.31,-60.1,18.8,36.4,0.095,6,3,6,62.1,60.8,59.9,2,1
VIL_044,51,10.82,-27.9,18.3,36.6,0.18,3,3,3,64.2,54.9,66.4,2,0
VIL_044,52,5.31,-73.9,16.4,43.5,0.134,0,3,10,60.2,48.7,58.0,2,1
VIL_044,53,7.45,-56.0,17.4,38.7,0.163,2,3,8,63.3,56.6,57.7,8,0
VIL_044,54,7.84,-62.5,18.9,39.7,0.084,0,6,8,58.7,47.7,60.1,4,1
VIL_044,55,5.42,-62.5,16.3,36.4,0.148,1,4,5,54.1,46.6,59.5,2,0
VIL_044,56,4.86,-87.1,17.1,41.3,0.126,2,3,10,59.6,51.8,63.3,1,0
VIL_044,57,5.15,-74.5,17.7,40.7,0.049,1,2,10,56.4,53.6,64.1,3,0
VIL_044,58,7.61,-50.9,18.0,43.3,0.203,1,5,3,57.3,47.2,53.7,2,1
VIL_044,59,6.35,-59.7,17.1,43.2,0.101,0,4,7,57.7,47.3,64.3,3,0
VIL_044,60,5.22,-48.5,18.5,51.2,0.046,2,0,4,54.6,50.2,51.3,1,1
VIL_044,61,10.4,-22.2,21.0,48.3,0.229,3,4,7,59.6,59.3,55.6,8,1
VIL_044,62,7.03,-60.7,20.1,49.0,0.187,2,2,12,57.0,52.1,56.5,1,0
VIL_044,63,5.18,-80.9,22.5,48.4,0.148,5,1,7,56.9,46.0,63.1,4,1
VIL_044,64,5.44,-73.7,23.1,46.6,0.025,0,5,5,58.2,51.4,52.7,10,0
VIL_044,65,5.93,-65.0,25.5,48.4,0.171,11,3,4,59.6,55.0,62.5,7,0
VIL_044,66,21.11,43.7,26.1,54.7,0.521,6,6,3,66.9,55.0,53.2,1,1
VIL_044,67,7.28,-55.4,26.6,51.9,0.07,4,3,2,58.1,55.3,55.9,10,0
VIL_044,68,8.3,-49.9,28.3,44.8,0.189,5,6,3,62.6,56.4,51.9,3,1
VIL_044,69,8.09,-34.1,30.3,44.3,0.161,3,2,4,60.9,53.4,58.1,2,1
VIL_044,70,9.51,-25.4,29.5,54.6,0.219,8,5,4,57.2,53.9,58.5,1,0
VIL_044,71,11.82,-21.1,32.9,49.3,0.208,3,6,6,53.6,51.9,64.9,2,0
VIL_044,72,20.39,37.4,33.8,53.6,0.412,3,0,3,55.8,51.1,60.4,3,1
VIL_044,73,31.92,110.9,31.4,56.2,0.65,6,6,2,63.5,57.7,53.5,2,1
VIL_044,74,23.61,70.1,33.0,52.6,0.422,3,4,2,60.6,50.2,60.6,2,0
VIL_044,75,43.48,184.5,33.3,58.5,0.92,4,5,2,56.4,46.1,56.3,2,0
VIL_044,76,33.81,127.2,36.6,57.2,0.645,3,7,3,58.6,51.0,60.2,2,1
VIL_044,77,51.81,250.3,35.8,61.0,1.0,4,3,5,58.6,50.3,53.0,3,1
VIL_044,78,44.15,204.9,36.2,54.9,0.913,3,7,4,64.9,58.0,57.2,5,0
VIL_044,79,75.11,388.1,37.9,72.6,1.0,3,13,2,66.1,61.6,60.7,1,1
VIL_044,80,89.71,503.9,36.7,78.1,1.0,2,10,4,63.4,61.8,51.1,5,1
VIL_044,81,91.12,493.4,37.4,75.3,1.0,7,15,3,57.6,55.4,62.0,4,0
VIL_044,82,92.29,510.3,35.1,72.7,1.0,8,10,5,58.7,52.3,59.5,3,1
VIL_044,83,103.71,588.7,35.7,83.3,1.0,9,11,5,58.1,53.3,57.5,7,0
VIL_044,84,107.96,617.5,38.4,87.6,1.0,0,17,4,59.1,51.4,54.8,4,0
VIL_044,85,92.12,514.8,34.0,80.2,1.0,17,13,2,71.3,64.3,63.1,5,0
VIL_044,86,89.95,478.5,34.7,74.3,1.0,4,10,3,58.6,54.0,60.5,3,1
VIL_044,87,57.36,282.0,32.1,57.3,1.0,25,12,3,60.4,58.5,58.6,4,1
VIL_044,88,66.83,364.5,32.2,57.7,1.0,26,4,1,56.6,47.7,60.4,3,1
VIL_044,89,52.68,245.3,32.2,51.2,1.0,18,11,2,62.5,55.6,55.6,5,0
VIL_044,90,41.1,165.1,29.4,46.3,0.775,34,7,5,57.7,47.3,57.0,0,0
VIL_044,91,36.82,148.2,29.6,45.0,0.677,30,5,3,59.2,50.2,63.8,5,0
VIL_044,92,34.11,129.6,28.5,42.6,0.728,24,3,2,62.6,59.2,63.2,4,1
VIL_044,93,21.35,17.5,28.0,36.7,0.392,12,3,3,59.4,48.9,57.5,1,0
VIL_044,94,16.74,27.2,23.9,30.1,0.366,10,3,0,59.0,53.1,55.9,4,0
VIL_044,95,10.2,-36.6,24.0,26.0,0.142,8,1,6,56.9,49.0,59.9,4,1
VIL_044,96,11.81,-27.5,23.1,33.4,0.199,3,2,7,56.0,45.7,55.7,2,1
VIL_044,97,11.54,-24.9,21.3,33.7,0.225,3,0,7,59.7,60.8,63.2,1,1
VIL_044,98,9.1,-38.5,21.8,25.3,0.292,1,2,5,55.8,49.2,53.7,5,0
VIL_044,99,11.94,-34.0,19.3,30.5,0.213,1,3,4,64.2,59.1,63.5,7,1
VIL_044,100,8.92,-35.3,20.6,32.0,0.194,7,3,8,61.5,56.0,57.3,11,1
VIL_044,101,6.79,-58.8,16.5,30.4,0.131,1,2,6,64.5,55.4,63.2,3,0
VIL_044,102,7.03,-67.4,19.2,34.4,0.056,4,2,7,57.1,53.5,54.3,4,1
VIL_044,103,8.56,-22.4,16.0,32.5,0.172,1,3,7,59.9,59.8,60.2,2,0
VIL_044,104,6.01,-66.5,17.5,37.8,0.119,1,0,9,58.9,55.7,60.7,4,1
VIL_045,1,7.68,-52.3,19.7,35.0,0.132,4,0,8,55.8,50.7,64.2,2,0
VIL_045,2,7.9,-49.7,16.0,36.8,0.122,0,0,6,63.1,56.6,76.1,4,1
VIL_045,3,4.86,-55.0,16.4,44.7,0.064,1,4,7,60.2,57.4,72.6,4,0
VIL_045,4,6.1,-67.2,18.3,45.5,0.134,3,2,2,63.5,54.4,66.2,1,1
VIL_045,5,7.74,-51.0,17.1,50.7,0.134,2,3,12,62.7,57.1,66.5,1,1
VIL_045,6,6.59,-66.7,18.7,49.5,0.111,2,3,5,50.1,46.9,68.7,5,1
VIL_045,7,6.57,-62.2,16.8,46.3,0.0,2,6,9,63.7,63.6,68.4,5,1
VIL_045,8,4.46,-76.9,18.8,44.4,0.06,1,5,5,56.3,48.8,70.4,6,0
VIL_045,9,9.74,-35.0,21.0,42.9,0.105,1,4,7,62.3,55.9,59.0,4,0
VIL_045,10,4.36,-77.3,20.0,39.3,0.028,4,3,4,60.7,51.7,73.2,2,0
VIL_045,11,5.62,-67.6,20.0,45.4,0.095,4,1,7,55.4,53.3,68.0,5,0
VIL_045,12,5.34,-73.3,23.8,40.7,0.087,3,7,4,60.4,54.2,64.9,2,1
VIL_045,13,8.37,-56.6,26.9,55.1,0.154,8,1,1,54.6,46.1,76.4,4,1
VIL_045,14,7.39,-57.2,25.1,47.6,0.1,5,4,3,57.3,52.0,68.0,2,1
VIL_045,15,5.83,-69.9,26.6,48.1,0.042,3,4,0,50.5,44.0,67.3,2,1
VIL_045,16,7.72,-49.0,28.8,52.1,0.064,3,0,3,57.7,48.4,66.2,0,0
VIL_045,17,10.75,-38.7,29.1,50.7,0.258,4,0,3,63.1,63.1,69.9,6,0
VIL_045,18,9.4,-27.1,31.7,41.9,0.194,1,1,2,59.5,50.5,64.3,3,0
VIL_045,19,12.89,-24.3,32.6,47.7,0.176,3,4,4,57.7,46.2,67.5,5,1
VIL_045,20,11.34,-24.1,30.4,43.9,0.082,5,2,6,52.6,48.5,66.6,6,0
VIL_045,21,16.53,9.7,32.0,52.4,0.229,3,2,3,56.2,51.0,71.7,5,1
VIL_045,22,29.3,93.9,33.4,55.5,0.432,2,0,0,58.5,55.0,62.8,2,1
VIL_045,23,33.72,119.1,35.0,55.4,0.483,1,3,4,61.9,56.3,58.4,5,0
VIL_045,24,35.97,159.2,36.9,56.5,0.514,1,3,5,57.5,51.2,66.6,5,0
VIL_045,25,42.96,196.0,36.1,57.9,0.637,2,6,2,54.6,56.1,70.6,3,0
VIL_045,26,51.94,259.3,35.3,58.6,0.667,5,3,2,59.9,53.8,74.3,7,0
VIL_045,27,73.98,400.8,37.1,70.0,0.972,5,8,0,57.2,51.7,75.0,5,1
VIL_045,28,72.47,387.6,34.8,66.2,1.0,6,8,5,54.3,54.0,65.4,4,1
VIL_045,29,86.35,472.4,36.7,77.3,1.0,2,8,5,61.4,60.2,72.2,1,0
VIL_045,30,84.16,455.1,38.5,76.6,1.0,3,3,4,60.4,49.6,69.0,1,0
VIL_045,31,87.65,498.3,35.0,69.1,1.0,10,5,3,55.8,51.3,74.1,5,1
VIL_045,32,87.41,488.1,36.0,79.5,1.0,5,6,1,61.9,53.1,75.1,4,0
VIL_045,33,76.46,412.3,34.8,71.5,1.0,12,7,7,54.8,50.3,69.4,1,0
VIL_045,34,76.12,395.9,31.1,60.7,1.0,28,7,4,62.8,61.2,67.9,5,1
VIL_045,35,74.62,400.3,32.3,63.9,1.0,14,3,2,61.2,55.6,66.2,4,0
VIL_045,36,49.72,236.0,32.1,47.2,0.544,17,6,3,54.9,50.1,71.7,2,0
VIL_045,37,49.07,231.3,32.6,47.3,0.725,15,3,2,55.7,50.8,62.1,1,1
VIL_045,38,43.7,181.4,30.1,37.6,0.52,14,3,3,61.7,53.6,66.6,1,1
VIL_045,39,26.66,61.2,30.4,28.2,0.301,11,1,1,62.6,57.3,72.6,3,0
VIL_045,40,16.16,6.3,30.8,32.4,0.169,10,4,5,57.2,52.5,69.3,3,1
VIL_045,41,17.42,3.7,26.5,35.7,0.238,14,5,5,59.5,58.0,69.9,3,0
VIL_045,42,13.45,-9.3,26.5,28.9,0.175,5,2,3,63.9,63.3,68.7,2,0
VIL_045,43,15.6,-6.7,25.3,32.2,0.177,5,2,4,58.7,45.9,67.9,3,1
VIL_045,44,10.91,-41.2,23.4,32.0,0.138,5,2,5,58.1,51.8,61.8,4,0
VIL_045,45,7.6,-56.0,21.2,36.3,0.105,3,1,1,60.9,51.3,69.1,1,1
VIL_045,46,9.84,-37.1,20.7,34.8,0.111,1,1,6,55.0,48.1,63.0,0,0
VIL_045,47,5.63,-51.0,18.7,32.6,0.041,0,6,10,60.5,52.2,68.7,2,1
VIL_045,48,11.59,-25.6,18.9,33.2,0.204,0,2,2,57.2,51.5,64.6,1,0
VIL_045,49,6.07,-62.3,19.1,36.8,0.001,2,2,6,67.4,61.8,65.3,4,0
VIL_045,50,7.13,-40.7,18.3,30.4,0.077,2,0,5,62.7,48.9,70.0,2,0
VIL_045,51,4.86,-67.2,18.0,38.0,0.091,2,6,11,62.3,55.1,68.1,1,0
VIL_045,52,5.9,-62.9,19.2,44.3,0.106,3,7,4,57.4,51.0,73.2,0,0
VIL_045,53,5.95,-49.7,15.4,35.1,0.115,1,3,8,62.6,55.9,73.6,7,1
VIL_045,54,6.57,-53.3,16.2,35.9,0.111,2,2,10,57.6,56.6,70.8,5,0
VIL_045,55,6.9,-49.3,18.7,39.0,0.083,4,5,11,61.6,52.0,64.9,4,1
VIL_045,56,4.79,-62.3,17.1,40.8,0.005,2,3,8,58.0,49.8,67.2,9,0
VIL_045,57,6.87,-58.4,18.5,49.9,0.096,5,6,7,62.7,57.2,60.5,4,1
VIL_045,58,8.85,-35.0,17.7,42.2,0.121,1,6,7,51.1,41.9,66.4,0,0
VIL_045,59,7.03,-46.0,19.7,43.1,0.115,4,3,5,56.6,48.8,65.8,4,0
VIL_045,60,4.78,-67.0,19.5,33.9,0.033,2,5,5,57.9,53.7,66.2,1,1
VIL_045,61,5.3,-54.8,20.2,44.1,0.061,4,7,7,54.1,48.6,61.1,2,1
VIL_045,62,9.85,-33.6,21.5,43.2,0.111,2,6,3,54.9,50.8,65.0,5,0
VIL_045,63,6.76,-40.3,21.6,49.4,0.04,5,1,3,58.5,54.9,62.1,1,0
VIL_045,64,4.5,-75.7,24.8,47.0,0.09,3,3,4,52.8,46.9,65.6,5,0
VIL_045,65,12.7,-17.0,25.3,57.3,0.182,7,0,1,57.1,52.0,64.0,1,0
VIL_045,66,6.01,-66.8,25.5,53.5,0.142,2,3,4,59.2,55.8,66.1,4,1
VIL_045,67,9.76,-27.2,27.7,51.0,0.241,5,2,7,62.3,60.0,71.1,2,0
VIL_045,68,10.1,-42.7,28.4,51.3,0.121,4,6,3,54.1,46.1,73.4,11,1
VIL_045,69,16.01,10.3,30.3,52.1,0.249,8,3,0,61.1,54.8,65.2,5,0
VIL_045,70,13.13,-7.5,29.5,48.0,0.191,4,2,1,63.9,60.9,68.2,5,1
VIL_045,71,13.76,3.7,32.0,48.0,0.17,7,3,6,61.3,54.0,68.7,1,0
VIL_045,72,15.11,2.4,31.9,50.1,0.2,5,4,3,60.2,53.8,68.7,4,1
VIL_045,73,21.42,42.7,33.1,56.4,0.264,7,5,5,60.1,54.7,70.2,0,1
VIL_045,74,32.69,129.6,34.4,56.5,0.423,3,5,3,61.5,55.9,66.0,1,1
VIL_045,75,37.32,147.5,36.0,59.4,0.486,1,6,3,59.8,50.5,69.8,6,1
VIL_045,76,40.87,169.6,36.6,61.0,0.556,0,3,2,56.8,50.0,61.1,3,1
VIL_045,77,57.34,266.5,33.4,66.5,0.716,9,1,3,52.4,46.4,65.9,6,1
VIL_045,78,42.09,183.9,36.7,50.6,0.542,6,4,4,62.3,53.4,66.8,3,1
VIL_045,79,70.74,374.5,37.1,77.8,0.873,5,2,2,57.3,49.2,72.1,1,1
VIL_045,80,86.55,480.7,36.6,76.7,1.0,1,11,3,58.3,53.4,64.4,4,0
VIL_045,81,83.25,467.5,36.1,76.2,1.0,9,8,2,62.9,51.7,75.0,1,1
VIL_045,82,119.66,697.2,37.8,91.6,1.0,5,3,2,59.6,55.3,72.1,1,1
VIL_045,83,80.72,432.7,35.4,61.3,1.0,8,5,3,57.9,50.7,71.0,4,0
VIL_045,84,74.75,408.4,35.6,67.0,0.996,11,9,2,59.5,52.9,70.3,0,1
VIL_045,85,93.59,525.4,33.6,68.1,1.0,9,7,5,58.7,54.9,64.7,5,0
VIL_045,86,72.05,373.7,33.0,59.2,0.884,21,6,4,61.8,54.0,74.0,7,0
VIL_045,87,62.35,314.7,33.9,60.4,0.745,14,3,4,59.7,51.5,66.9,7,0
VIL_045,88,39.94,161.6,33.3,47.4,0.583,11,2,5,58.8,53.2,66.0,0,0
VIL_045,89,60.57,299.4,31.7,54.2,0.817,21,3,3,59.1,60.9,72.9,2,1
VIL_045,90,44.97,219.1,30.1,43.3,0.663,31,9,2,59.9,52.5,71.1,2,1
VIL_045,91,42.09,185.4,29.5,45.6,0.637,20,2,2,60.1,54.9,64.2,2,1
VIL_045,92,29.71,84.2,28.6,38.8,0.396,13,1,5,62.4,58.1,68.1,3,0
VIL_045,93,23.39,61.6,27.7,37.7,0.354,23,4,2,64.6,60.2,64.4,1,0
VIL_045,94,20.43,30.6,27.5,38.2,0.332,19,2,4,54.4,45.4,65.4,4,1
VIL_045,95,14.89,10.2,24.2,33.6,0.175,10,3,4,52.1,53.1,77.8,5,1
VIL_045,96,15.74,13.0,23.1,37.4,0.237,11,2,2,57.2,49.3,74.1,6,0
VIL_045,97,9.15,-51.4,23.4,34.1,0.227,9,3,3,62.4,59.8,75.5,4,0
VIL_045,98,8.56,-49.0,20.9,33.5,0.011,7,3,3,60.3,49.8,62.2,4,0
VIL_045,99,6.7,-58.2,18.2,26.3,0.032,3,2,8,57.7,54.7,60.7,5,0
VIL_045,100,6.43,-42.4,19.9,28.7,0.085,0,1,3,55.6,48.2,68.0,4,0
VIL_045,101,16.29,16.2,20.6,40.7,0.212,2,4,7,65.8,66.8,71.6,3,0
VIL_045,102,7.31,-47.4,17.6,31.7,0.0,3,5,12,59.1,52.8,66.1,4,1
VIL_045,103,8.0,-34.7,14.1,35.0,0.088,0,3,7,59.9,49.5,72.3,2,0
VIL_045,104,5.17,-72.5,15.5,41.1,0.019,3,1,7,54.9,49.1,67.2,4,0
VIL_046,1,6.75,-50.8,20.1,33.4,0.185,0,6,2,54.8,50.0,51.1,0,0
VIL_046,2,5.76,-57.3,17.0,41.7,0.078,2,0,3,52.9,49.0,48.0,2,0
VIL_046,3,8.34,-32.1,17.8,37.2,0.069,2,3,4,51.0,45.4,58.0,2,0
VIL_046,4,5.24,-75.1,16.9,41.8,0.112,1,3,8,49.4,45.2,59.5,2,1
VIL_046,5,6.1,-51.9,16.3,42.9,0.098,1,4,7,55.0,53.3,48.9,0,0
VIL_046,6,5.6,-65.8,15.7,42.3,0.061,1,6,5,56.0,51.0,65.7,1,1
VIL_046,7,10.68,-51.3,15.9,42.9,0.265,0,1,7,59.8,52.1,63.6,2,1
VIL_046,8,7.34,-46.0,19.3,49.2,0.195,0,1,5,57.1,50.0,53.3,2,1
VIL_046,9,6.49,-65.7,22.6,49.0,0.13,3,0,4,52.6,49.6,53.9,1,1
VIL_046,10,6.9,-55.0,22.4,43.3,0.047,2,1,3,57.1,49.6,62.4,2,0
VIL_046,11,5.64,-59.7,22.8,51.8,0.086,2,1,1,53.4,47.8,61.1,2,0
VIL_046,12,5.9,-84.4,23.0,49.3,0.139,0,0,2,52.3,47.7,54.3,2,1
VIL_046,13,6.85,-42.9,26.1,52.1,0.152,5,1,1,53.6,46.9,54.3,1,1
VIL_046,14,6.93,-60.9,26.8,44.3,0.17,1,1,0,61.7,57.7,66.5,4,1
VIL_046,15,7.54,-55.2,25.2,46.3,0.138,3,1,4,52.6,47.7,56.7,1,0
VIL_046,16,6.02,-56.5,29.3,44.8,0.087,1,0,3,53.9,45.1,69.0,2,1
VIL_046,17,8.55,-72.7,28.6,53.7,0.186,4,5,4,54.2,45.6,50.2,2,1
VIL_046,18,10.73,-18.4,30.7,49.3,0.227,1,3,1,50.6,46.7,57.5,2,0
VIL_046,19,11.8,-22.2,30.3,45.5,0.23,3,0,2,54.0,49.3,57.0,2,0
VIL_046,20,15.25,18.2,35.0,47.6,0.388,1,5,5,52.0,39.2,51.8,3,0
VIL_046,21,23.58,53.8,32.3,47.3,0.467,3,1,3,60.0,51.0,59.3,3,0
VIL_046,22,31.77,92.1,35.7,61.2,0.587,1,2,0,54.7,46.6,48.3,1,0
VIL_046,23,26.34,62.3,36.7,59.1,0.449,2,2,3,57.8,48.3,62.4,2,0
VIL_046,24,30.1,99.6,36.5,46.9,0.58,1,3,1,48.4,43.6,60.4,3,1
VIL_046,25,38.01,142.5,36.7,55.3,0.668,1,1,2,49.0,44.0,58.1,2,1
VIL_046,26,60.87,287.8,35.9,64.3,1.0,4,5,1,48.8,44.4,56.4,1,0
VIL_046,27,78.28,423.4,36.7,69.9,1.0,2,4,4,56.0,56.3,59.8,1,1
VIL_046,28,39.87,160.5,35.6,54.7,0.818,3,5,2,56.6,50.4,46.5,0,0
VIL_046,29,96.77,538.9,37.6,88.1,1.0,4,6,2,50.8,48.4,48.7,5,0
VIL_046,30,110.59,626.0,37.3,88.2,1.0,3,4,2,51.4,50.5,53.9,0,1
VIL_046,31,96.91,551.7,35.5,96.1,1.0,10,3,2,57.2,51.6,54.6,1,1
VIL_046,32,61.75,304.2,36.2,62.0,1.0,6,4,4,59.4,48.7,54.5,2,1
VIL_046,33,92.8,504.9,35.4,74.8,1.0,6,5,2,56.5,48.6,43.4,3,0
VIL_046,34,74.51,399.2,33.5,61.6,1.0,16,7,3,63.2,57.3,60.0,0,1
VIL_046,35,60.08,294.5,33.6,62.1,1.0,12,1,4,50.3,49.1,57.6,1,1
VIL_046,36,61.19,301.2,35.5,55.9,1.0,3,6,4,61.3,54.7,57.1,1,1
VIL_046,37,56.59,276.9,31.0,56.5,1.0,20,1,1,50.8,46.6,57.9,2,0
VIL_046,38,36.09,146.4,28.7,42.6,0.613,19,2,3,57.3,48.7,52.6,3,1
VIL_046,39,30.83,96.9,28.0,43.2,0.745,12,1,2,58.3,51.2,58.4,0,0
VIL_046,40,29.54,97.1,28.0,32.0,0.62,12,1,3,53.5,48.3,58.0,1,1
VIL_046,41,19.17,32.1,27.6,39.2,0.39,8,0,2,53.4,42.8,59.8,3,1
VIL_046,42,10.03,-21.0,24.6,33.2,0.193,5,0,6,48.0,47.3,52.5,2,1
VIL_046,43,11.97,-20.4,25.0,28.2,0.192,8,1,3,51.4,49.1,57.8,1,0
VIL_046,44,11.58,-30.8,22.9,33.3,0.21,2,2,3,51.3,47.7,57.5,0,0
VIL_046,45,10.49,-36.9,22.1,30.9,0.187,6,0,1,55.1,45.2,56.3,0,1
VIL_046,46,7.21,-32.4,19.2,22.8,0.091,2,1,2,53.1,43.0,54.5,2,1
VIL_046,47,8.0,-39.8,20.0,26.2,0.195,0,2,4,54.9,45.9,56.2,4,1
VIL_046,48,7.96,-45.7,18.1,31.0,0.133,4,2,1,48.6,43.5,56.8,2,1
VIL_046,49,6.09,-59.9,19.0,30.1,0.14,3,2,5,53.6,49.4,56.9,0,0
VIL_046,50,9.39,-48.8,18.1,37.6,0.221,2,3,2,51.2,42.8,58.0,1,1
VIL_046,51,5.18,-65.7,20.2,39.7,0.139,1,3,6,51.8,48.6,54.8,4,0
VIL_046,52,6.68,-57.3,16.5,35.3,0.131,2,1,9,53.4,45.7,62.9,3,0
VIL_046,53,7.31,-57.7,18.2,36.6,0.125,2,3,7,54.8,50.8,52.7,0,0
VIL_046,54,5.63,-69.4,17.1,33.3,0.159,1,4,3,55.8,49.6,55.5,1,0
VIL_046,55,8.35,-36.9,18.4,41.7,0.204,7,1,11,52.2,45.5,62.4,0,0
VIL_046,56,8.13,-53.6,19.8,45.2,0.145,1,1,2,51.2,41.7,61.6,5,1
VIL_046,57,5.72,-85.7,17.4,39.2,0.032,2,1,3,47.3,44.4,56.4,4,1
VIL_046,58,4.81,-66.4,17.7,44.6,0.0,1,2,2,63.8,54.8,49.6,3,1
VIL_046,59,5.15,-71.7,18.8,47.5,0.181,0,2,4,58.5,51.6,57.0,1,1
VIL_046,60,9.05,-36.1,16.8,38.1,0.191,0,2,3,53.0,49.1,56.2,1,0
VIL_046,61,7.31,-58.5,20.5,50.1,0.092,2,0,3,51.4,46.8,53.9,4,1
VIL_046,62,5.42,-71.5,20.1,42.2,0.017,2,1,4,53.2,51.2,53.8,2,1
VIL_046,63,6.61,-55.4,21.7,50.6,0.193,2,3,1,45.0,43.9,52.6,3,1
VIL_046,64,9.42,-33.8,22.9,56.2,0.179,3,0,1,51.3,43.3,62.4,1,1
VIL_046,65,10.63,-24.2,25.6,43.9,0.272,4,1,3,55.7,50.6,59.7,1,0
VIL_046,66,8.58,-47.5,25.8,48.4,0.157,0,1,1,48.3,40.3,57.3,3,1
VIL_046,67,6.14,-61.0,26.4,49.0,0.23,6,4,2,58.2,50.7,48.5,0,1
VIL_046,68,6.57,-36.0,27.5,52.8,0.189,4,4,1,56.3,45.9,57.0,5,1
VIL_046,69,14.49,-4.5,28.8,47.9,0.225,2,2,2,51.8,43.7,43.3,3,1
VIL_046,70,13.15,1.3,32.4,48.8,0.34,0,1,3,54.7,50.3,55.2,0,1
VIL_046,71,16.77,6.4,31.0,47.3,0.276,3,1,6,51.8,48.4,57.2,1,0
VIL_046,72,15.47,9.2,33.9,52.5,0.329,4,2,4,46.5,45.1,59.9,2,0
VIL_046,73,21.43,56.5,33.0,41.8,0.471,5,0,0,56.8,53.4,54.4,2,1
VIL_046,74,26.99,94.0,30.5,58.0,0.518,8,3,3,56.6,51.2,60.1,4,1
VIL_046,75,48.87,207.2,32.4,66.5,0.913,4,0,0,52.8,48.0,55.2,4,1
VIL_046,76,38.53,174.9,34.9,55.2,0.691,3,6,2,51.8,45.7,61.3,2,1
VIL_046,77,51.92,241.4,37.5,61.6,1.0,3,7,1,58.2,57.5,58.7,3,0
VIL_046,78,60.63,299.3,36.2,66.4,1.0,3,4,5,52.9,46.4,62.0,1,1
VIL_046,79,69.22,356.9,35.7,63.8,1.0,3,7,1,57.4,51.8,58.7,2,1
VIL_046,80,74.03,414.6,36.7,70.9,1.0,4,4,1,59.3,52.6,61.9,0,0
VIL_046,81,91.23,506.0,37.7,78.3,1.0,3,3,4,59.4,46.5,48.3,2,1
VIL_046,82,83.96,458.3,35.6,69.7,1.0,5,5,2,57.0,53.0,61.9,4,1
VIL_046,83,96.63,544.8,36.4,84.6,1.0,1,8,4,57.4,52.1,48.0,1,1
VIL_046,84,103.35,590.6,34.8,74.2,1.0,6,4,3,55.8,51.9,53.0,1,1
VIL_046,85,78.94,432.3,36.7,65.5,1.0,2,3,3,55.8,50.5,63.0,2,0
VIL_046,86,74.57,389.7,36.8,72.9,1.0,2,5,1,60.5,55.2,56.4,2,0
VIL_046,87,58.18,291.0,34.2,50.3,1.0,7,5,1,52.0,47.6,58.8,4,1
VIL_046,88,62.62,305.6,31.5,61.1,1.0,25,2,2,52.6,50.5,54.3,2,1
VIL_046,89,55.81,262.6,30.9,51.9,1.0,19,1,1,58.6,51.3,60.6,3,1
VIL_046,90,36.02,141.8,30.3,47.0,0.725,14,1,2,56.0,49.0,55.1,2,1
VIL_046,91,38.71,164.9,27.0,44.3,0.83,14,4,3,53.4,50.8,57.5,1,1
VIL_046,92,25.56,89.8,29.2,40.5,0.536,9,3,2,50.9,44.3,54.9,3,1
VIL_046,93,19.21,17.8,24.5,34.5,0.293,12,2,4,55.7,44.3,50.4,1,0
VIL_046,94,17.69,28.8,23.6,34.4,0.395,5,0,3,58.1,48.8,55.0,2,0
VIL_046,95,16.28,-3.5,23.6,33.5,0.213,8,1,1,58.0,56.3,60.0,2,1
VIL_046,96,12.74,-26.2,21.9,33.2,0.258,3,0,1,55.4,53.2,60.2,2,1
VIL_046,97,7.47,-50.7,23.5,29.5,0.133,1,6,2,51.7,45.9,52.6,3,0
VIL_046,98,6.76,-43.6,21.3,31.4,0.1,2,2,3,51.6,42.4,56.7,2,1
VIL_046,99,6.93,-52.6,20.5,27.9,0.032,3,2,2,54.1,52.0,60.3,3,0
VIL_046,100,8.06,-42.8,20.3,28.5,0.153,1,1,5,56.0,47.9,52.3,3,1
VIL_046,101,7.75,-39.8,21.3,30.2,0.144,0,2,2,58.7,53.3,64.0,1,0
VIL_046,102,8.73,-39.6,17.1,40.5,0.125,0,3,3,57.5,49.0,54.3,3,0
VIL_046,103,4.65,-56.8,17.6,34.7,0.092,0,2,6,51.8,45.1,52.6,2,1
VIL_046,104,6.83,-51.1,18.4,34.2,0.11,4,2,3,56.7,47.9,55.8,1,1
VIL_047,1,7.68,-32.7,17.8,40.3,0.092,2,5,10,61.6,58.6,70.7,5,1
VIL_047,2,7.11,-57.2,17.1,46.7,0.061,2,4,5,66.6,64.3,64.1,0,0
VIL_047,3,9.34,-30.2,18.0,46.8,0.107,3,6,5,70.2,64.1,73.5,4,0
VIL_047,4,5.96,-56.1,18.9,36.2,0.157,2,2,4,55.1,47.6,66.9,3,1
VIL_047,5,8.55,-42.5,18.1,39.5,0.089,2,0,6,57.8,47.7,65.4,1,0
VIL_047,6,7.47,-56.1,19.1,46.5,0.079,4,3,14,66.3,66.3,75.7,2,0
VIL_047,7,11.34,-16.8,19.0,47.4,0.094,4,0,4,61.6,55.9,68.0,4,1
VIL_047,8,8.03,-30.5,18.9,50.4,0.144,3,1,9,61.8,58.8,75.1,3,1
VIL_047,9,5.15,-85.6,20.4,51.3,0.098,5,1,4,59.8,51.6,70.3,3,0
VIL_047,10,9.67,-33.9,22.1,50.2,0.197,3,4,4,57.9,57.2,73.2,1,0
VIL_047,11,9.77,-29.0,20.2,49.5,0.168,3,4,2,57.5,49.5,60.9,0,0
VIL_047,12,7.25,-60.1,23.8,44.3,0.09,3,1,4,61.2,54.9,67.5,3,0
VIL_047,13,7.39,-46.3,25.4,44.7,0.174,1,1,1,66.0,59.1,66.4,6,0
VIL_047,14,9.25,-34.7,25.9,52.2,0.189,2,2,3,63.8,58.1,69.6,2,0
VIL_047,15,6.28,-50.9,25.9,43.2,0.09,1,4,4,58.9,52.7,67.0,2,0
VIL_047,16,7.79,-51.5,29.1,47.1,0.124,5,4,3,63.0,53.6,74.2,3,0
VIL_047,17,9.05,-52.8,28.6,44.3,0.039,4,1,1,61.2,55.3,68.5,2,0
VIL_047,18,6.9,-53.7,32.6,43.3,0.107,5,2,2,59.2,52.8,64.4,3,1
VIL_047,19,10.77,-15.2,32.9,47.9,0.149,3,1,1,60.9,58.1,62.1,2,1
VIL_047,20,13.75,0.5,33.0,48.2,0.18,2,2,4,58.9,48.0,62.4,2,1
VIL_047,21,21.48,30.1,33.3,54.7,0.31,3,2,1,59.1,55.2,66.0,3,0
VIL_047,22,24.9,64.4,32.7,58.1,0.286,9,6,2,64.0,54.2,65.4,5,0
VIL_047,23,41.31,174.3,37.4,59.3,0.667,0,5,2,57.0,44.7,66.8,0,1
VIL_047,24,44.48,202.5,35.1,55.9,0.631,4,7,2,62.4,57.1,70.9,4,1
VIL_047,25,40.96,172.0,38.3,56.5,0.582,4,3,2,55.6,45.7,71.1,0,1
VIL_047,26,57.49,281.6,34.1,68.8,0.802,7,2,5,58.0,52.9,61.4,3,0
VIL_047,27,64.37,323.3,36.8,63.2,0.908,4,6,4,60.0,51.1,70.6,1,0
VIL_047,28,79.25,452.5,36.3,69.2,1.0,6,9,1,59.7,54.8,68.6,3,0
VIL_047,29,72.92,368.4,35.8,63.3,0.944,7,8,2,58.8,51.6,65.0,1,1
VIL_047,30,72.9,386.3,37.1,73.5,0.894,5,9,3,60.0,52.9,69.7,2,0
VIL_047,31,72.45,384.3,38.3,57.5,1.0,5,9,3,61.0,54.3,69.6,3,0
VIL_047,32,56.25,281.5,35.4,53.1,0.779,8,9,5,61.3,56.0,73.4,2,1
VIL_047,33,79.08,423.1,35.5,63.5,0.993,6,8,2,67.7,65.5,72.0,7,0
VIL_047,34,100.35,564.7,33.6,76.2,1.0,10,3,4,58.1,53.4,77.1,2,0
VIL_047,35,62.28,320.5,32.5,55.4,0.74,20,11,3,64.4,63.7,74.1,4,0
VIL_047,36,62.07,310.1,30.1,57.7,0.813,39,2,5,63.5,57.9,72.7,3,1
VIL_047,37,39.34,155.6,30.8,43.2,0.583,25,2,4,64.0,61.1,75.8,2,0
VIL_047,38,33.95,137.4,30.3,38.3,0.379,22,3,1,56.1,43.6,80.8,3,0
VIL_047,39,25.56,60.2,27.7,36.0,0.345,9,4,3,61.2,51.3,68.3,0,0
VIL_047,40,21.4,35.5,30.5,30.8,0.21,10,1,3,58.6,50.2,59.6,3,1
VIL_047,41,16.62,14.3,27.6,37.5,0.149,10,3,3,58.6,47.3,67.9,1,0
VIL_047,42,15.57,11.1,26.7,38.5,0.173,12,5,6,60.2,52.4,71.5,1,0
VIL_047,43,13.81,-10.3,22.8,25.2,0.275,1,4,3,64.2,56.4,69.3,1,0
VIL_047,44,9.19,-34.1,24.0,32.6,0.082,3,1,2,61.4,56.8,75.3,2,1
VIL_047,45,7.75,-46.3,24.2,31.0,0.033,3,0,2,63.5,55.4,71.1,3,0
VIL_047,46,6.76,-57.8,21.2,31.3,0.063,6,3,4,62.0,56.3,64.5,2,1
VIL_047,47,12.98,-23.3,20.8,32.8,0.147,6,5,2,65.8,54.6,66.5,3,0
VIL_047,48,10.59,-19.5,19.2,31.8,0.129,2,3,4,63.5,55.7,67.2,1,0
VIL_047,49,8.87,-50.7,19.3,38.6,0.085,1,2,4,68.9,62.9,66.2,4,0
VIL_047,50,5.35,-37.5,18.2,38.0,0.043,4,3,8,54.4,47.9,70.9,1,1
VIL_047,51,8.15,-50.8,17.3,37.1,0.129,5,3,9,65.5,61.4,67.7,2,1
VIL_047,52,11.22,-9.2,17.8,33.0,0.148,2,4,5,61.2,55.8,67.3,1,0
VIL_047,53,7.41,-39.7,17.1,39.0,0.049,2,4,5,65.1,58.5,68.8,2,0
VIL_047,54,7.59,-52.3,17.4,38.4,0.13,0,1,9,58.5,48.6,73.7,2,0
VIL_047,55,4.45,-60.0,17.0,39.4,0.17,4,3,1,56.0,59.5,69.1,3,0
VIL_047,56,8.21,-35.5,18.6,43.2,0.13,5,1,11,57.0,51.4,72.2,5,1
VIL_047,57,8.18,-48.8,19.9,43.3,0.168,1,2,8,55.3,54.2,75.9,1,1
VIL_047,58,4.77,-85.4,18.5,47.0,0.036,5,3,6,60.9,59.5,71.2,3,1
VIL_047,59,5.6,-77.8,19.4,41.8,0.079,3,2,4,66.6,58.3,67.4,0,1
VIL_047,60,6.6,-50.0,19.0,49.7,0.032,1,4,5,63.9,56.3,65.4,3,0
VIL_047,61,5.76,-61.8,21.1,44.7,0.0,3,1,6,57.7,50.7,75.4,2,0
VIL_047,62,14.28,-2.9,19.4,54.2,0.154,1,1,8,59.5,52.2,64.2,2,0
VIL_047,63,6.86,-44.2,23.0,51.4,0.07,5,3,6,60.3,49.7,65.9,3,0
VIL_047,64,11.33,-28.2,22.3,52.1,0.093,3,2,1,61.5,57.2,71.2,2,1
VIL_047,65,7.83,-40.3,26.3,46.5,0.093,3,1,2,64.7,60.6,68.6,3,1
VIL_047,66,6.69,-61.7,26.8,41.1,0.027,7,3,3,65.4,58.0,66.1,3,1
VIL_047,67,16.66,12.0,26.8,55.2,0.316,5,4,2,59.8,53.5,73.5,1,1
VIL_047,68,9.02,-38.0,28.9,47.5,0.057,3,4,2,61.7,60.3,67.9,2,0
VIL_047,69,9.75,-45.7,31.7,49.6,0.087,5,1,6,61.7,49.0,67.2,1,0
VIL_047,70,9.48,-36.9,30.4,52.5,0.095,4,4,1,59.7,59.2,70.1,0,0
VIL_047,71,14.19,3.2,32.0,47.5,0.236,3,3,8,61.3,54.1,73.9,3,0
VIL_047,72,19.82,37.3,33.3,52.9,0.299,2,2,2,62.3,57.6,75.8,4,0
VIL_047,73,22.99,67.9,34.3,46.6,0.308,4,7,3,66.3,56.1,62.5,2,0
VIL_047,74,30.38,97.9,34.1,57.3,0.372,2,9,2,59.3,47.6,74.9,2,1
VIL_047,75,37.6,165.8,36.2,56.0,0.365,4,4,1,63.6,57.6,71.5,2,1
VIL_047,76,43.72,193.7,35.9,51.2,0.539,1,3,3,56.1,50.9,68.0,3,0
VIL_047,77,57.51,278.6,36.6,67.9,0.769,3,5,2,61.0,50.4,69.9,4,1
VIL_047,78,55.16,269.4,36.0,74.3,0.715,5,5,4,61.1,53.0,67.8,2,0
VIL_047,79,67.92,345.6,38.2,68.8,0.961,1,6,3,61.1,56.4,72.7,0,0
VIL_047,80,65.84,342.0,35.9,62.4,0.902,3,2,4,60.3,52.6,67.0,3,0
VIL_047,81,68.64,341.2,35.2,69.5,0.881,5,8,2,61.2,55.3,70.3,4,1
VIL_047,82,94.31,541.2,34.2,77.1,1.0,14,9,0,53.5,46.6,66.9,3,1
VIL_047,83,89.02,487.0,37.3,76.7,1.0,5,6,1,62.5,54.7,66.3,2,1
VIL_047,84,111.57,644.1,35.3,81.1,1.0,9,9,2,65.0,59.9,68.6,1,1
VIL_047,85,82.97,465.1,34.5,63.7,1.0,15,13,2,59.0,54.1,68.5,6,0
VIL_047,86,88.45,483.4,34.5,73.1,1.0,9,6,4,59.0,55.7,66.1,1,1
VIL_047,87,86.29,482.0,32.2,67.6,1.0,17,5,3,63.6,55.2,70.1,2,1
VIL_047,88,63.3,333.6,33.1,55.0,0.884,18,6,3,52.2,50.1,71.5,4,0
VIL_047,89,55.96,274.5,34.4,57.5,0.659,13,6,0,56.4,50.6,66.8,4,1
VIL_047,90,54.67,268.4,31.4,50.8,0.671,28,5,2,65.7,58.9,68.6,4,1
VIL_047,91,41.82,191.9,29.9,47.7,0.51,25,6,1,61.0,56.6,63.4,2,0
VIL_047,92,31.06,95.5,29.3,38.3,0.323,19,4,2,61.7,53.9,64.5,0,1
VIL_047,93,30.45,114.9,30.0,45.1,0.458,18,4,4,58.6,57.2,71.4,6,0
VIL_047,94,23.05,37.2,25.3,43.8,0.381,13,5,1,62.2,55.1,63.0,2,1
VIL_047,95,13.66,-14.1,24.1,35.2,0.171,11,3,3,59.3,58.6,68.2,3,0
VIL_047,96,12.83,5.4,22.8,28.7,0.232,2,0,2,62.0,61.7,77.3,3,1
VIL_047,97,7.88,-37.8,20.6,34.0,0.054,3,2,5,60.3,55.1,65.7,3,0
VIL_047,98,15.87,6.0,21.5,35.4,0.189,3,0,6,63.2,56.3,71.7,2,0
VIL_047,99,6.01,-39.3,20.4,33.1,0.061,1,3,6,62.7,60.4,72.3,1,0
VIL_047,100,8.04,-57.4,19.9,32.0,0.051,2,2,3,64.9,66.0,70.5,3,0
VIL_047,101,5.16,-60.3,17.5,31.3,0.093,1,0,9,62.4,54.5,63.0,4,1
VIL_047,102,10.23,-32.8,15.9,37.5,0.132,2,4,9,62.1,59.7,69.8,0,0
VIL_047,103,7.12,-52.3,15.3,43.7,0.07,2,3,8,61.8,62.4,62.9,4,0
VIL_047,104,8.28,-37.3,17.7,39.1,0.114,0,2,8,57.2,49.2,74.4,2,0
VIL_048,1,6.61,-72.8,15.9,39.6,0.118,1,2,3,30.1,23.2,45.2,0,0
VIL_048,2,5.25,-64.6,14.9,39.2,0.133,0,1,1,37.9,37.7,47.0,1,1
VIL_048,3,6.77,-59.2,19.3,39.0,0.134,0,0,1,37.0,36.3,48.5,0,1
VIL_048,4,5.81,-69.6,18.5,48.0,0.0,1,1,1,42.5,37.9,58.1,1,0
VIL_048,5,6.49,-51.8,18.2,39.3,0.088,0,0,1,36.2,36.0,49.7,0,0
VIL_048,6,8.08,-34.3,16.7,45.9,0.145,0,0,2,33.7,28.9,52.2,0,1
VIL_048,7,8.38,-57.5,20.5,46.8,0.049,0,0,2,28.1,26.5,52.0,1,0
VIL_048,8,6.06,-69.3,19.4,48.2,0.098,0,0,2,40.4,40.8,46.8,0,0
VIL_048,9,7.12,-69.4,20.4,51.1,0.022,1,0,1,33.9,34.3,56.9,0,0
VIL_048,10,8.94,-41.8,23.9,47.2,0.115,1,2,1,36.4,33.3,61.0,2,0
VIL_048,11,6.12,-58.3,22.7,47.6,0.173,0,0,2,39.6,37.2,52.0,1,1
VIL_048,12,5.46,-56.6,24.7,44.6,0.042,1,1,1,29.4,27.9,45.3,1,1
VIL_048,13,6.9,-54.2,22.9,51.8,0.13,0,1,1,36.1,31.2,47.8,0,1
VIL_048,14,4.77,-67.9,25.6,51.5,0.057,1,1,1,32.5,29.6,47.5,0,0
VIL_048,15,8.74,-26.4,26.5,47.6,0.164,0,1,0,30.8,25.4,55.1,2,0
VIL_048,16,9.1,-31.3,27.8,51.8,0.219,0,0,0,34.6,31.7,45.1,1,0
VIL_048,17,12.41,-37.8,29.5,51.8,0.069,1,0,2,34.2,32.0,43.4,3,1
VIL_048,18,9.72,-27.7,31.1,48.7,0.088,0,2,0,37.2,35.2,50.6,0,0
VIL_048,19,11.39,-29.4,31.8,53.9,0.142,0,1,0,44.9,41.6,50.8,1,1
VIL_048,20,14.9,-3.4,32.5,58.4,0.244,1,0,0,42.0,37.4,55.0,0,0
VIL_048,21,16.46,8.8,33.3,44.9,0.207,1,0,0,32.9,28.1,44.3,2,0
VIL_048,22,21.71,36.6,35.6,52.8,0.424,0,1,1,33.4,33.1,48.6,0,0
VIL_048,23,33.61,130.5,36.4,51.7,0.382,1,0,0,38.8,32.5,55.3,1,0
VIL_048,24,37.01,129.9,35.4,52.7,0.517,1,2,0,39.9,33.4,46.5,1,1
VIL_048,25,59.3,305.0,39.1,66.2,0.789,0,2,0,40.0,39.9,51.5,2,1
VIL_048,26,56.97,292.8,33.4,62.4,0.767,0,2,0,33.5,29.9,52.4,0,1
VIL_048,27,69.21,364.8,37.5,63.1,0.944,1,2,1,36.8,29.6,46.3,1,1
VIL_048,28,82.18,453.4,35.0,80.4,1.0,1,3,0,39.4,33.2,48.7,1,0
VIL_048,29,95.11,517.7,38.1,80.4,1.0,1,4,0,35.9,34.3,52.9,0,1
VIL_048,30,81.49,430.9,38.9,71.5,1.0,0,5,0,35.8,40.2,45.4,2,0
VIL_048,31,99.23,562.3,37.1,79.8,1.0,2,4,0,29.8,26.9,45.8,0,1
VIL_048,32,100.82,565.2,38.1,83.5,1.0,0,3,0,41.8,34.3,50.7,1,1
VIL_048,33,76.91,401.0,35.5,64.3,1.0,3,1,2,38.6,34.1,53.0,3,0
VIL_048,34,93.4,534.2,36.5,73.5,1.0,3,0,0,40.1,32.8,48.7,0,1
VIL_048,35,76.87,408.5,32.9,57.2,1.0,3,3,2,38.1,33.9,47.8,0,0
VIL_048,36,67.49,360.0,32.0,59.5,0.952,4,4,1,39.1,38.0,52.1,1,0
VIL_048,37,52.8,238.2,31.8,45.0,0.632,5,2,0,32.4,26.4,49.7,1,1
VIL_048,38,45.19,190.5,33.2,50.4,0.59,5,3,0,34.8,29.3,52.0,1,0
VIL_048,39,33.46,130.2,30.5,39.1,0.437,4,2,1,38.4,34.8,55.4,0,1
VIL_048,40,19.88,32.3,25.9,34.2,0.206,4,1,1,35.7,32.1,46.5,3,0
VIL_048,41,13.89,3.1,28.3,27.5,0.159,3,1,1,40.5,33.8,51.7,0,0
VIL_048,42,13.51,-7.8,27.3,31.3,0.274,2,0,1,29.4,28.5,51.6,0,0
VIL_048,43,13.27,5.1,23.5,38.1,0.224,3,1,1,36.9,32.7,56.0,1,1
VIL_048,44,9.84,-22.9,24.2,29.6,0.169,2,3,1,29.7,20.0,51.3,0,0
VIL_048,45,10.95,-21.9,22.8,29.2,0.057,0,0,0,37.8,33.7,55.0,1,0
VIL_048,46,9.71,-45.6,20.8,29.4,0.151,1,0,1,33.0,29.1,51.2,0,0
VIL_048,47,5.57,-72.8,20.0,32.4,0.151,0,1,0,30.5,28.0,52.1,0,0
VIL_048,48,12.91,-31.2,17.3,43.0,0.148,3,1,1,37.3,32.7,52.1,2,0
VIL_048,49,8.87,-33.7,18.2,32.5,0.104,1,0,1,36.6,33.5,49.5,0,0
VIL_048,50,7.82,-50.5,17.8,34.9,0.0,0,1,3,41.5,32.5,50.5,0,0
VIL_048,51,9.76,-53.1,17.3,27.7,0.212,0,1,2,35.1,25.7,55.1,0,0
VIL_048,52,7.75,-50.5,17.1,34.5,0.166,2,0,1,37.8,32.4,48.1,1,0
VIL_048,53,6.34,-58.6,19.4,38.0,0.076,0,1,0,41.2,35.2,53.3,0,1
VIL_048,54,5.01,-68.6,17.5,40.7,0.076,1,0,0,33.4,30.1,53.1,0,1
VIL_048,55,8.02,-47.7,18.2,35.7,0.121,0,1,1,36.5,31.5,51.9,1,0
VIL_048,56,5.64,-46.6,18.1,47.5,0.107,1,1,2,37.1,30.9,52.0,2,0
VIL_048,57,10.43,-31.7,17.7,42.1,0.14,0,0,0,35.9,32.5,57.8,1,0
VIL_048,58,5.76,-76.5,20.2,47.7,0.087,1,0,1,38.1,36.4,54.1,1,1
VIL_048,59,7.11,-55.3,20.7,36.2,0.036,1,0,1,34.4,33.2,51.7,3,1
VIL_048,60,4.79,-62.8,20.6,39.3,0.088,1,0,1,31.6,29.9,50.8,0,0
VIL_048,61,6.24,-66.2,20.7,54.3,0.151,0,1,1,33.2,30.3,51.4,1,1
VIL_048,62,5.7,-58.0,21.3,42.6,0.053,2,1,1,37.3,37.2,50.0,1,0
VIL_048,63,7.08,-52.5,23.0,45.9,0.109,1,3,0,33.8,37.7,47.8,2,0
VIL_048,64,5.5,-52.5,21.5,52.7,0.067,0,1,2,33.4,28.2,46.5,0,1
VIL_048,65,5.53,-55.6,24.7,45.3,0.034,3,1,0,33.1,34.2,54.9,1,1
VIL_048,66,5.62,-67.1,27.1,48.5,0.111,1,1,2,39.8,39.5,52.2,1,0
VIL_048,67,7.66,-52.8,25.4,46.2,0.099,1,3,1,35.7,35.2,48.1,0,0
VIL_048,68,8.07,-55.5,26.5,46.6,0.112,2,0,0,40.7,36.4,50.9,0,0
VIL_048,69,9.47,-35.8,28.7,42.1,0.24,2,1,1,36.5,35.2,52.4,0,1
VIL_048,70,12.8,-15.6,29.6,49.6,0.221,1,0,1,33.0,27.6,45.9,1,1
VIL_048,71,15.2,-16.2,32.5,55.0,0.13,1,0,2,38.3,34.1,58.4,2,0
VIL_048,72,17.95,14.4,33.2,54.3,0.204,0,0,0,36.4,29.7,49.2,2,1
VIL_048,73,22.68,53.3,35.4,56.7,0.277,0,2,0,34.7,32.2,49.7,0,0
VIL_048,74,20.45,28.0,33.1,50.0,0.239,0,1,1,41.2,36.7,44.2,2,0
VIL_048,75,36.2,153.6,35.4,61.7,0.458,1,0,0,42.5,42.7,47.9,2,0
VIL_048,76,41.18,176.6,37.9,60.0,0.598,1,1,1,33.5,30.5,52.0,0,0
VIL_048,77,61.04,297.9,38.3,59.6,0.868,1,2,0,34.5,32.3,52.5,0,1
VIL_048,78,54.77,265.3,34.8,61.8,0.821,2,2,1,34.6,27.2,53.8,0,0
VIL_048,79,76.4,409.8,34.7,64.1,1.0,5,1,1,34.9,30.1,44.1,0,1
VIL_048,80,87.21,485.9,37.8,80.2,1.0,1,3,1,28.5,23.6,43.3,1,0
VIL_048,81,80.74,433.3,35.6,70.2,1.0,3,6,0,36.5,31.7,51.1,0,0
VIL_048,82,90.99,508.1,36.0,75.7,1.0,1,5,1,39.5,35.5,49.9,0,0
VIL_048,83,100.24,558.1,37.2,89.3,1.0,2,1,2,38.1,39.2,52.0,2,1
VIL_048,84,88.28,478.4,36.0,71.7,1.0,1,5,2,39.7,33.9,53.5,0,1
VIL_048,85,110.93,641.7,36.8,85.3,1.0,2,3,2,37.7,30.7,49.7,0,1
VIL_048,86,96.22,527.3,33.1,76.8,1.0,4,4,0,34.4,31.0,51.0,1,1
VIL_048,87,75.34,399.1,33.9,62.9,0.994,5,2,0,34.3,31.5,57.0,1,0
VIL_048,88,65.61,361.6,32.2,54.4,0.96,4,4,1,38.5,35.0,43.8,0,1
VIL_048,89,60.99,315.2,32.4,62.5,0.875,3,1,0,34.2,34.3,53.3,1,0
VIL_048,90,43.21,196.7,31.0,52.1,0.553,4,1,0,31.8,33.0,51.3,0,1
VIL_048,91,28.69,109.9,29.9,39.6,0.407,6,0,2,39.3,36.9,54.2,1,1
VIL_048,92,30.97,99.5,29.8,44.9,0.379,2,3,0,39.8,39.5,52.9,0,1
VIL_048,93,20.24,37.8,28.0,26.8,0.234,4,0,2,38.5,37.8,50.2,0,0
VIL_048,94,20.78,49.0,27.6,38.4,0.344,2,0,4,37.9,37.0,46.9,0,1
VIL_048,95,12.25,-35.4,24.5,32.5,0.145,0,1,1,40.5,37.4,51.0,2,1
VIL_048,96,14.46,-2.7,24.5,40.4,0.228,2,0,2,41.9,37.5,44.4,0,1
VIL_048,97,12.4,-22.9,21.8,29.7,0.246,1,1,4,42.1,37.9,53.5,0,0
VIL_048,98,7.45,-45.4,20.8,28.7,0.122,2,1,0,33.2,26.0,48.4,0,0
VIL_048,99,10.36,-34.0,19.1,31.4,0.128,0,0,2,39.1,34.2,47.8,0,1
VIL_048,100,8.21,-30.3,22.4,33.8,0.242,0,1,1,38.6,33.9,58.0,0,1
VIL_048,101,6.84,-61.6,17.8,33.3,0.125,0,0,3,31.1,26.3,45.9,1,0
VIL_048,102,6.66,-45.7,19.5,36.2,0.029,0,1,0,35.8,34.9,49.5,2,0
VIL_048,103,8.2,-33.0,18.5,32.5,0.13,1,0,1,38.0,35.8,53.7,0,1
VIL_048,104,4.66,-70.6,17.8,33.1,0.139,2,1,3,38.3,37.1,51.1,0,1
VIL_049,1,7.67,-50.7,18.5,42.8,0.102,1,4,7,58.0,50.7,72.1,4,0
VIL_049,2,11.43,-28.6,17.1,44.7,0.163,3,4,8,63.7,55.5,68.4,3,0
VIL_049,3,5.89,-64.0,16.0,41.6,0.041,3,2,6,64.2,58.6,69.1,4,0
VIL_049,4,6.14,-72.1,18.0,47.2,0.075,2,4,4,58.4,51.3,74.4,1,0
VIL_049,5,10.0,-25.2,18.6,49.5,0.158,1,4,1,59.6,48.4,68.9,3,1
VIL_049,6,8.8,-30.4,20.2,47.1,0.226,5,3,7,67.9,60.7,66.2,1,0
VIL_049,7,4.15,-70.3,19.4,50.7,0.053,3,2,7,53.2,47.0,62.5,1,0
VIL_049,8,4.35,-79.6,20.3,45.4,0.072,2,5,7,58.8,54.4,71.5,1,1
VIL_049,9,8.64,-43.0,21.4,48.5,0.09,8,1,8,66.4,55.6,72.1,2,1
VIL_049,10,5.9,-62.7,17.3,46.0,0.04,2,5,6,62.7,54.1,63.2,2,0
VIL_049,11,6.5,-62.6,22.8,38.2,0.112,3,2,7,58.5,52.5,64.0,3,0
VIL_049,12,7.04,-52.8,24.7,49.3,0.118,4,3,3,55.4,55.5,70.8,1,0
VIL_049,13,8.11,-48.8,24.9,49.8,0.043,7,6,2,59.5,56.5,68.6,5,0
VIL_049,14,8.83,-29.8,25.2,44.8,0.05,4,2,2,57.0,54.3,65.1,4,0
VIL_049,15,5.56,-72.0,26.2,45.0,0.122,6,2,4,64.7,60.6,66.1,3,0
VIL_049,16,6.52,-58.7,28.2,52.1,0.049,6,1,0,61.9,54.2,64.8,0,1
VIL_049,17,8.72,-50.5,29.2,43.4,0.123,4,2,2,62.8,56.0,68.6,1,1
VIL_049,18,13.31,-11.8,30.8,50.4,0.192,2,3,3,60.2,54.8,69.1,3,1
VIL_049,19,9.44,-34.5,31.7,51.4,0.134,3,2,4,63.5,65.9,61.9,4,0
VIL_049,20,18.15,18.3,33.4,47.2,0.23,4,4,5,64.0,56.9,67.6,0,0
VIL_049,21,17.92,28.2,32.1,51.0,0.271,3,2,3,65.6,57.7,74.2,2,0
VIL_049,22,30.1,117.3,35.4,57.3,0.461,3,2,4,60.8,54.8,66.8,4,0
VIL_049,23,35.88,106.4,36.8,61.1,0.478,4,4,4,61.1,54.3,70.4,5,0
VIL_049,24,36.06,149.3,33.8,57.8,0.411,5,2,3,56.3,45.9,73.5,1,0
VIL_049,25,40.58,170.1,35.8,59.6,0.485,5,1,5,64.9,61.3,74.1,1,0
VIL_049,26,65.61,337.3,37.7,67.1,0.946,2,3,2,59.1,41.8,66.8,2,0
VIL_049,27,54.16,258.4,37.4,63.8,0.683,3,11,2,60.0,54.7,65.7,5,0
VIL_049,28,89.45,502.4,35.6,81.7,1.0,5,10,4,64.0,57.4,73.4,1,0
VIL_049,29,95.59,537.9,37.6,74.9,1.0,2,16,1,61.8,55.2,70.9,3,0
VIL_049,30,108.48,631.2,34.5,87.5,1.0,13,12,4,62.8,57.4,66.3,5,0
VIL_049,31,79.81,432.2,37.0,81.3,1.0,3,17,1,56.9,47.6,61.9,2,0
VIL_049,32,78.28,427.3,37.5,66.3,1.0,9,10,4,57.8,54.1,75.6,0,0
VIL_049,33,83.98,467.7,35.2,71.0,1.0,6,5,1,59.7,52.8,77.0,3,0
VIL_049,34,72.45,381.7,35.5,60.7,0.965,8,14,3,61.3,55.0,69.7,2,0
VIL_049,35,50.93,247.2,34.0,57.2,0.634,12,6,4,60.6,57.3,69.9,5,0
VIL_049,36,54.46,268.0,31.8,55.4,0.663,18,6,1,63.8,60.3,68.7,5,1
VIL_049,37,52.3,250.6,31.0,51.5,0.791,23,4,4,57.8,55.1,68.6,1,0
VIL_049,38,41.43,169.2,30.2,49.2,0.543,18,3,5,63.4,46.7,67.1,2,0
VIL_049,39,32.85,110.6,29.1,45.3,0.433,15,5,3,57.6,53.3,73.7,1,1
VIL_049,40,21.97,50.3,29.6,31.3,0.282,16,2,1,60.1,51.7,68.6,1,0
VIL_049,41,21.23,47.9,28.8,37.5,0.294,9,1,2,63.9,63.1,71.7,3,1
VIL_049,42,13.29,-14.6,26.8,33.4,0.189,11,7,1,60.2,57.5,68.8,2,1
VIL_049,43,12.72,-8.0,26.4,32.1,0.171,9,3,6,62.0,55.3,66.2,3,0
VIL_049,44,13.61,-16.3,23.8,33.0,0.095,4,2,1,56.1,52.7,73.9,1,0
VIL_049,45,7.36,-52.2,19.1,33.7,0.135,3,4,3,55.3,55.5,67.7,1,0
VIL_049,46,6.78,-60.6,21.3,25.2,0.078,0,1,2,64.9,56.0,79.2,4,0
VIL_049,47,10.12,-39.1,19.4,31.5,0.188,3,3,13,56.9,53.3,66.6,7,1
VIL_049,48,7.28,-59.6,20.3,33.4,0.179,1,2,9,62.3,58.6,65.8,5,0
VIL_049,49,5.83,-26.9,18.6,31.2,0.077,2,4,10,57.4,48.1,70.9,1,0
VIL_049,50,5.03,-55.2,18.5,33.6,0.076,1,1,2,62.9,55.1,67.8,3,0
VIL_049,51,7.62,-44.4,17.7,35.1,0.085,5,1,8,60.1,50.3,71.0,3,0
VIL_049,52,7.8,-52.0,16.6,41.9,0.038,1,4,8,55.2,53.9,73.1,4,1
VIL_049,53,5.33,-75.7,16.1,37.7,0.143,1,1,15,61.1,55.6,57.4,2,0
VIL_049,54,5.61,-77.9,16.4,46.0,0.055,2,3,8,67.0,65.2,77.0,5,1
VIL_049,55,8.37,-45.8,17.6,41.6,0.122,3,3,4,56.5,54.2,74.2,2,0
VIL_049,56,6.77,-45.7,18.9,46.3,0.004,2,3,11,65.0,57.9,65.9,2,1
VIL_049,57,5.64,-72.9,18.2,44.7,0.02,3,4,9,57.6,49.9,75.8,2,0
VIL_049,58,5.83,-55.4,21.2,49.4,0.0,1,1,7,64.0,56.4,70.3,5,1
VIL_049,59,6.61,-54.0,19.5,43.7,0.095,1,4,4,57.2,54.3,69.3,2,0
VIL_049,60,5.51,-61.8,19.8,46.1,0.028,1,2,7,64.5,58.9,74.6,3,0
VIL_049,61,5.37,-37.7,21.7,40.7,0.048,2,4,3,57.2,49.8,70.1,4,0
VIL_049,62,5.88,-58.0,19.6,41.1,0.085,3,4,6,60.7,53.6,76.8,2,1
VIL_049,63,10.77,-26.0,21.6,53.2,0.067,4,1,3,56.1,47.5,66.4,1,1
VIL_049,64,7.24,-57.5,24.2,45.4,0.069,2,3,2,63.3,57.0,69.6,3,0
VIL_049,65,11.02,-33.1,23.7,54.5,0.159,3,4,2,60.5,57.1,75.1,7,0
VIL_049,66,5.48,-74.5,27.5,47.6,0.08,2,2,5,59.5,51.1,71.6,4,0
VIL_049,67,7.6,-62.5,26.4,52.4,0.0,3,1,6,62.6,53.6,64.3,1,0
VIL_049,68,10.99,-29.2,29.2,53.4,0.168,2,3,1,60.5,51.8,68.1,3,0
VIL_049,69,15.0,5.2,29.5,42.1,0.143,1,6,5,61.2,54.7,68.1,4,1
VIL_049,70,12.8,-33.3,32.9,49.1,0.18,4,3,1,60.3,56.1,73.4,1,0
VIL_049,71,15.02,-1.2,32.5,46.6,0.21,3,3,1,58.2,47.8,71.8,4,0
VIL_049,72,21.07,32.6,33.4,40.5,0.35,1,2,3,62.6,60.1,68.9,4,0
VIL_049,73,18.97,34.2,33.2,48.4,0.253,6,3,0,61.5,58.4,69.0,2,0
VIL_049,74,33.2,117.4,33.8,50.7,0.42,3,1,4,64.4,56.1,68.4,2,1
VIL_049,75,36.7,153.0,35.3,57.9,0.438,5,3,5,53.4,45.0,71.9,4,1
VIL_049,76,49.35,223.1,36.5,60.2,0.676,4,6,2,61.5,52.9,67.8,5,0
VIL_049,77,51.22,246.2,36.8,65.0,0.609,2,9,1,66.4,63.0,69.8,2,1
VIL_049,78,63.62,324.2,35.0,68.4,0.81,3,5,0,61.4,57.6,69.9,3,0
VIL_049,79,98.68,562.6,36.5,88.0,1.0,8,11,2,58.5,47.9,63.1,0,0
VIL_049,80,81.02,450.2,37.4,77.7,1.0,1,12,3,67.5,62.9,66.2,3,0
VIL_049,81,74.24,413.5,35.8,73.1,1.0,4,17,2,61.5,53.7,71.9,2,0
VIL_049,82,96.63,545.4,37.2,81.0,1.0,4,10,3,59.3,51.8,71.3,4,1
VIL_049,83,94.02,526.5,35.8,76.0,1.0,11,16,2,60.8,50.5,75.5,7,1
VIL_049,84,77.26,429.4,36.6,66.0,0.983,7,6,0,67.5,59.1,63.1,4,1
VIL_049,85,92.07,507.0,35.0,71.7,1.0,10,13,6,56.3,50.2,75.5,5,0
VIL_049,86,96.34,547.0,34.5,74.9,1.0,8,8,4,62.3,58.8,61.9,2,1
VIL_049,87,69.49,357.4,33.8,65.0,0.928,16,7,3,62.3,56.3,68.3,2,1
VIL_049,88,74.58,395.8,33.3,67.3,0.955,15,5,2,62.2,58.7,68.2,6,0
VIL_049,89,48.35,215.1,32.7,43.7,0.744,16,10,3,58.1,52.2,59.9,4,0
VIL_049,90,38.7,164.7,29.1,45.4,0.448,36,1,2,55.6,50.3,70.3,4,0
VIL_049,91,36.42,140.5,29.4,43.5,0.458,22,6,5,63.4,54.0,66.1,2,0
VIL_049,92,31.96,100.9,28.4,36.8,0.496,20,7,1,66.5,62.0,74.1,2,1
VIL_049,93,25.11,54.9,30.7,40.7,0.326,9,3,2,66.2,57.7,71.7,6,1
VIL_049,94,18.4,23.9,26.9,42.2,0.267,9,1,2,58.7,50.5,66.0,2,0
VIL_049,95,11.36,-13.5,24.8,29.6,0.183,8,3,5,60.3,56.9,65.6,2,0
VIL_049,96,11.11,-44.4,22.0,31.6,0.175,3,1,5,64.6,53.9,72.8,1,0
VIL_049,97,12.04,-22.4,22.1,34.9,0.215,7,3,3,61.4,58.1,68.3,2,0
VIL_049,98,7.71,-54.7,24.1,41.3,0.142,5,1,0,63.5,53.5,60.3,2,1
VIL_049,99,12.51,-7.7,18.6,38.2,0.07,4,5,2,68.1,60.2,61.9,3,0
VIL_049,100,9.14,-48.7,19.3,31.3,0.158,4,2,9,56.4,51.8,67.3,3,1
VIL_049,101,6.96,-53.8,20.4,30.8,0.074,4,2,9,56.7,53.7,67.5,2,0
VIL_049,102,4.7,-81.4,20.8,33.8,0.087,5,3,8,59.4,53.7,67.8,2,0
VIL_049,103,10.57,-17.6,17.4,37.6,0.082,1,2,7,63.2,60.6,69.3,2,1
VIL_049,104,7.72,-57.8,18.0,40.7,0.141,2,2,7,59.0,50.2,64.3,1,1
VIL_050,1,5.51,-61.3,15.7,35.7,0.105,0,1,3,45.0,40.2,67.9,3,1
VIL_050,2,4.97,-77.4,16.9,33.0,0.095,2,0,4,45.8,40.2,63.0,4,0
VIL_050,3,5.37,-77.5,18.4,39.6,0.106,2,1,2,42.1,37.6,68.7,1,1
VIL_050,4,5.29,-72.3,17.8,40.0,0.0,0,0,1,40.5,39.6,72.8,0,1
VIL_050,5,5.69,-58.0,17.1,40.5,0.08,1,0,2,45.7,43.3,73.2,2,1
VIL_050,6,4.37,-79.6,19.1,40.7,0.111,1,0,3,51.2,41.1,62.0,1,0
VIL_050,7,5.93,-52.1,19.3,41.0,0.115,1,0,3,48.4,43.1,70.3,1,1
VIL_050,8,5.03,-60.7,18.9,44.5,0.063,0,0,3,45.2,41.1,69.8,2,0
VIL_050,9,7.93,-43.2,22.0,49.5,0.139,1,1,0,48.1,45.3,65.6,0,0
VIL_050,10,6.94,-69.0,19.8,49.2,0.042,0,2,2,41.4,32.7,62.6,1,0
VIL_050,11,6.46,-44.7,22.3,45.9,0.135,1,0,0,45.3,36.9,58.5,1,0
VIL_050,12,8.99,-15.9,22.5,42.0,0.107,1,2,2,46.3,39.6,73.2,0,1
VIL_050,13,6.43,-67.8,25.9,48.9,0.044,1,0,0,42.7,38.1,67.1,1,0
VIL_050,14,6.18,-63.7,24.4,47.8,0.08,1,2,0,47.8,41.3,66.3,0,0
VIL_050,15,7.4,-61.9,25.9,46.7,0.067,2,2,0,44.7,38.8,66.9,0,1
VIL_050,16,7.21,-49.5,30.8,51.2,0.037,4,1,0,46.8,42.9,62.3,0,0
VIL_050,17,8.33,-39.1,29.5,52.9,0.1,0,2,0,46.8,40.6,58.8,1,1
VIL_050,18,8.27,-45.6,31.4,54.0,0.124,1,0,0,44.8,37.6,66.3,1,0
VIL_050,19,11.41,-12.1,31.7,56.2,0.192,1,1,1,44.7,35.9,61.0,0,1
VIL_050,20,14.31,9.7,32.3,49.0,0.214,1,2,1,43.1,37.6,65.7,0,1
VIL_050,21,22.77,38.1,34.5,61.5,0.424,1,5,0,42.6,38.1,71.1,1,1
VIL_050,22,26.67,79.7,34.5,52.3,0.369,1,1,3,44.7,47.5,68.5,1,0
VIL_050,23,37.77,155.9,34.4,58.8,0.582,1,1,0,46.2,40.3,70.7,0,0
VIL_050,24,30.48,106.2,36.9,60.7,0.418,0,1,1,37.9,31.2,66.6,0,1
VIL_050,25,48.42,219.4,37.7,58.0,0.68,0,3,0,50.0,43.6,68.5,0,1
VIL_050,26,70.55,373.4,37.6,73.7,0.942,0,2,1,47.0,41.8,65.6,1,1
VIL_050,27,69.56,348.6,37.8,74.5,0.947,1,1,2,50.9,48.0,68.3,1,0
VIL_050,28,78.16,435.9,37.3,71.4,1.0,0,3,1,50.1,45.6,62.4,0,0
VIL_050,29,91.72,508.7,37.9,77.7,1.0,1,6,0,50.7,48.8,65.6,0,0
VIL_050,30,70.99,367.6,35.7,72.5,0.864,1,5,0,42.8,33.5,59.7,0,1
VIL_050,31,108.63,607.7,36.9,84.3,1.0,4,6,1,40.1,33.8,74.4,0,0
VIL_050,32,77.23,432.3,36.0,66.6,0.981,1,7,0,46.4,41.5,64.9,0,0
VIL_050,33,76.05,426.9,34.4,62.0,0.911,2,4,1,49.3,46.1,59.9,1,1
VIL_050,34,72.84,387.0,36.7,61.6,0.999,2,6,1,49.0,39.0,62.8,1,1
VIL_050,35,70.7,358.0,34.0,60.6,0.929,7,4,0,40.6,34.2,64.2,0,0
VIL_050,36,60.0,297.1,31.7,53.0,0.77,5,6,2,46.9,37.1,67.8,0,0
VIL_050,37,45.74,203.5,31.5,54.8,0.619,7,0,2,43.7,36.6,67.9,0,1
VIL_050,38,33.45,115.4,30.9,39.6,0.482,4,0,2,50.2,44.2,70.9,0,1
VIL_050,39,27.31,85.6,30.8,45.8,0.392,5,0,0,42.9,43.0,63.5,1,0
VIL_050,40,21.23,49.1,29.0,43.2,0.254,4,3,0,51.7,40.3,67.8,1,1
VIL_050,41,22.36,49.1,27.4,40.7,0.305,3,0,0,47.4,41.6,73.7,0,1
VIL_050,42,11.4,-39.9,26.4,29.7,0.196,5,1,1,51.6,48.4,65.6,3,0
VIL_050,43,13.79,-12.7,24.5,30.4,0.086,2,1,1,41.4,38.8,70.3,2,0
VIL_050,44,8.12,-49.4,23.4,32.7,0.061,2,1,2,49.9,42.6,71.3,1,0
VIL_050,45,7.12,-56.3,23.9,30.5,0.091,1,1,1,46.3,42.7,66.5,2,1
VIL_050,46,8.09,-31.8,23.9,32.4,0.033,0,0,0,41.4,36.7,66.5,1,1
VIL_050,47,5.6,-64.5,22.6,36.3,0.023,1,0,2,50.7,46.5,64.6,0,0
VIL_050,48,6.21,-53.4,18.2,27.4,0.148,0,0,1,47.9,47.0,73.2,1,0
VIL_050,49,3.79,-58.5,17.9,32.0,0.062,0,0,1,52.6,50.9,66.1,0,1
VIL_050,50,7.39,-51.0,17.7,34.9,0.097,0,0,1,48.7,45.6,65.5,1,0
VIL_050,51,5.82,-61.2,18.1,36.0,0.028,0,1,2,48.5,47.3,62.5,1,1
VIL_050,52,6.19,-57.5,15.8,40.5,0.062,0,1,3,51.0,48.0,67.7,2,0
VIL_050,53,6.88,-38.5,16.4,48.0,0.024,0,0,4,43.3,39.7,71.9,2,1
VIL_050,54,7.22,-24.0,17.5,39.0,0.082,0,2,4,46.8,47.3,65.0,0,0
VIL_050,55,7.48,-49.1,16.0,43.8,0.011,1,1,0,47.6,43.7,68.7,0,1
VIL_050,56,6.22,-45.4,17.8,37.9,0.148,0,0,3,46.4,40.9,65.0,1,0
VIL_050,57,11.33,-11.7,18.8,45.8,0.106,1,1,2,43.4,38.5,62.2,1,0
VIL_050,58,18.01,33.2,19.5,55.4,0.189,0,0,1,45.2,40.4,66.8,1,1
VIL_050,59,6.11,-51.3,19.3,45.8,0.076,0,0,2,40.8,37.2,68.5,2,0
VIL_050,60,7.19,-51.5,20.6,53.3,0.116,2,0,1,45.8,34.0,67.7,1,0
VIL_050,61,6.82,-38.5,19.0,44.2,0.095,0,0,2,47.3,45.2,69.9,1,0
VIL_050,62,6.61,-73.1,22.1,48.1,0.123,2,1,0,43.1,36.0,70.6,1,0
VIL_050,63,6.02,-65.9,24.6,41.9,0.039,0,0,1,43.5,37.7,74.8,3,0
VIL_050,64,7.1,-40.6,21.6,52.6,0.101,0,0,0,45.8,38.7,70.4,0,0
VIL_050,65,11.93,-31.6,25.7,46.5,0.16,1,1,1,50.4,46.7,70.5,1,1
VIL_050,66,9.93,-13.5,26.3,50.4,0.154,2,0,1,52.5,47.7,68.2,0,1
VIL_050,67,10.1,-44.4,28.6,57.9,0.157,2,2,2,45.2,45.0,66.3,1,0
VIL_050,68,5.73,-51.6,26.9,49.9,0.118,1,2,0,44.5,39.9,67.6,1,1
VIL_050,69,10.38,-43.5,28.3,46.3,0.236,0,0,0,41.8,35.0,73.7,1,1
VIL_050,70,13.69,0.1,32.3,42.0,0.176,0,0,2,48.4,48.4,64.8,0,0
VIL_050,71,10.24,-41.2,29.5,44.0,0.081,1,2,0,39.4,36.9,62.9,1,0
VIL_050,72,26.41,83.9,30.6,57.6,0.326,0,1,1,55.1,51.4,63.0,1,1
VIL_050,73,18.12,21.2,34.8,54.1,0.224,0,3,0,49.2,41.7,66.8,0,0
VIL_050,74,25.72,76.3,31.7,53.3,0.376,0,0,1,41.9,33.7,65.1,1,0
VIL_050,75,27.14,87.1,35.7,48.4,0.395,0,1,1,48.0,45.8,65.1,1,0
VIL_050,76,47.55,226.2,33.6,61.1,0.647,4,2,0,44.1,40.3,64.8,2,1
VIL_050,77,64.93,333.7,36.7,68.8,0.873,0,1,0,49.3,44.6,65.3,2,0
VIL_050,78,70.69,372.1,36.5,76.2,0.927,1,4,0,44.1,41.0,67.9,0,0
VIL_050,79,72.65,382.8,39.3,74.8,0.968,0,2,2,49.3,41.5,64.1,1,1
VIL_050,80,79.15,424.5,35.5,74.6,0.993,0,11,1,44.9,40.8,63.1,0,1
VIL_050,81,83.88,471.6,36.5,78.8,1.0,1,3,0,46.8,39.6,64.4,3,1
VIL_050,82,93.62,526.3,37.1,79.8,1.0,4,2,0,41.0,34.6,69.2,0,1
VIL_050,83,97.09,544.7,34.5,83.2,1.0,6,8,1,47.3,39.2,65.4,1,1
VIL_050,84,85.96,482.7,34.7,74.4,1.0,11,7,1,47.5,42.0,67.8,1,0
VIL_050,85,78.8,432.7,37.0,69.3,1.0,1,3,1,35.8,30.4,60.9,4,1
VIL_050,86,89.23,507.8,34.4,72.0,1.0,6,2,0,44.7,41.6,66.5,1,1
VIL_050,87,52.43,242.0,32.6,60.7,0.712,4,2,2,42.8,38.1,68.4,1,0
VIL_050,88,71.45,364.1,33.0,63.7,0.944,4,4,1,47.2,42.5,68.3,0,0
VIL_050,89,66.83,347.0,31.2,57.6,0.925,4,1,3,43.9,39.6,65.1,1,1
VIL_050,90,42.0,162.3,30.2,41.2,0.562,4,1,0,44.5,37.9,66.0,1,1
VIL_050,91,34.79,130.0,31.2,47.6,0.408,6,2,2,42.1,33.1,70.6,1,1
VIL_050,92,26.85,73.1,28.6,37.9,0.354,3,1,3,41.7,43.2,62.0,0,0
VIL_050,93,21.24,34.9,28.2,36.6,0.318,7,0,1,44.8,39.2,65.0,1,1
VIL_050,94,25.81,52.9,26.2,44.3,0.237,12,2,0,42.1,37.3,61.7,3,0
VIL_050,95,13.19,-8.5,23.8,34.4,0.156,4,2,2,46.8,41.8,65.4,1,0
VIL_050,96,13.28,-9.7,23.5,34.9,0.113,3,1,0,48.6,41.8,61.0,0,1
VIL_050,97,9.28,-39.3,23.9,33.3,0.121,0,1,2,44.0,39.6,71.5,1,1
VIL_050,98,9.16,-29.3,20.2,32.8,0.151,0,1,0,48.9,38.8,65.7,1,1
VIL_050,99,14.11,-4.4,20.1,33.9,0.178,0,0,1,48.2,48.1,63.2,1,0
VIL_050,100,5.16,-63.9,19.7,33.8,0.043,2,0,0,50.6,41.9,72.1,0,1
VIL_050,101,7.97,-39.6,17.2,30.9,0.068,0,0,5,43.2,42.7,60.0,3,0
VIL_050,102,6.2,-56.6,19.1,33.1,0.044,0,0,6,47.5,37.2,69.2,2,0
VIL_050,103,5.58,-65.0,18.1,28.0,0.106,0,2,3,48.2,41.7,68.4,0,0
VIL_050,104,7.31,-55.0,15.4,34.0,0.125,0,0,2,49.9,45.1,66.5,3,0
